<?xml version="1.0"?>
<!DOCTYPE pathway SYSTEM "http://www.kegg.jp/kegg/xml/KGML_v0.7.2_.dtd">
<!-- Creation date: May 13, 2013 11:08:37 +0900 (GMT+09:00) -->
<pathway name="path:ko00941" org="ko" number="00941"
         title="Flavonoid biosynthesis"
         image="http://www.kegg.jp/kegg/pathway/ko/ko00941.png"
         link="http://www.kegg.jp/kegg-bin/show_pathway?ko00941">
    <entry id="8" name="path:ko00944" type="map"
        link="http://www.kegg.jp/dbget-bin/www_bget?ko00944">
        <graphics name="Flavone and flavonol biosynthesis" fgcolor="#000000" bgcolor="#FFFFFF"
             type="roundrectangle" x="1219" y="517" width="182" height="25"/>
    </entry>
    <entry id="9" name="path:ko00944" type="map"
        link="http://www.kegg.jp/dbget-bin/www_bget?ko00944">
        <graphics name="Flavone and flavonol biosynthesis" fgcolor="#000000" bgcolor="#FFFFFF"
             type="roundrectangle" x="826" y="605" width="121" height="34"/>
    </entry>
    <entry id="10" name="cpd:C16492" type="compound"
        link="http://www.kegg.jp/dbget-bin/www_bget?C16492">
        <graphics name="C16492" fgcolor="#000000" bgcolor="#FFFFFF"
             type="circle" x="718" y="534" width="8" height="8"/>
    </entry>
    <entry id="11" name="cpd:C01460" type="compound"
        link="http://www.kegg.jp/dbget-bin/www_bget?C01460">
        <graphics name="C01460" fgcolor="#000000" bgcolor="#FFFFFF"
             type="circle" x="806" y="534" width="8" height="8"/>
    </entry>
    <entry id="12" name="cpd:C00852" type="compound"
        link="http://www.kegg.jp/dbget-bin/www_bget?C00852">
        <graphics name="C00852" fgcolor="#000000" bgcolor="#FFFFFF"
             type="circle" x="244" y="600" width="8" height="8"/>
    </entry>
    <entry id="13" name="cpd:C12208" type="compound"
        link="http://www.kegg.jp/dbget-bin/www_bget?C12208">
        <graphics name="C12208" fgcolor="#000000" bgcolor="#FFFFFF"
             type="circle" x="244" y="526" width="8" height="8"/>
    </entry>
    <entry id="14" name="cpd:C10434" type="compound"
        link="http://www.kegg.jp/dbget-bin/www_bget?C10434">
        <graphics name="C10434" fgcolor="#000000" bgcolor="#FFFFFF"
             type="circle" x="131" y="600" width="8" height="8"/>
    </entry>
    <entry id="15" name="cpd:C12123" type="compound"
        link="http://www.kegg.jp/dbget-bin/www_bget?C12123">
        <graphics name="C12123" fgcolor="#000000" bgcolor="#FFFFFF"
             type="circle" x="517" y="280" width="8" height="8"/>
    </entry>
    <entry id="16" name="cpd:C10044" type="compound"
        link="http://www.kegg.jp/dbget-bin/www_bget?C10044">
        <graphics name="C10044" fgcolor="#000000" bgcolor="#FFFFFF"
             type="circle" x="1058" y="198" width="8" height="8"/>
    </entry>
    <entry id="17" name="cpd:C10028" type="compound"
        link="http://www.kegg.jp/dbget-bin/www_bget?C10028">
        <graphics name="C10028" fgcolor="#000000" bgcolor="#FFFFFF"
             type="circle" x="629" y="197" width="8" height="8"/>
    </entry>
    <entry id="18" name="cpd:C02947" type="compound"
        link="http://www.kegg.jp/dbget-bin/www_bget?C02947">
        <graphics name="C02947" fgcolor="#000000" bgcolor="#FFFFFF"
             type="circle" x="131" y="526" width="8" height="8"/>
    </entry>
    <entry id="19" name="cpd:C12124" type="compound"
        link="http://www.kegg.jp/dbget-bin/www_bget?C12124">
        <graphics name="C12124" fgcolor="#000000" bgcolor="#FFFFFF"
             type="circle" x="718" y="479" width="8" height="8"/>
    </entry>
    <entry id="20" name="cpd:C12127" type="compound"
        link="http://www.kegg.jp/dbget-bin/www_bget?C12127">
        <graphics name="C12127" fgcolor="#000000" bgcolor="#FFFFFF"
             type="circle" x="1081" y="938" width="8" height="8"/>
    </entry>
    <entry id="21" name="cpd:C12136" type="compound"
        link="http://www.kegg.jp/dbget-bin/www_bget?C12136">
        <graphics name="C12136" fgcolor="#000000" bgcolor="#FFFFFF"
             type="circle" x="1251" y="883" width="8" height="8"/>
    </entry>
    <entry id="22" name="cpd:C05908" type="compound"
        link="http://www.kegg.jp/dbget-bin/www_bget?C05908">
        <graphics name="C05908" fgcolor="#000000" bgcolor="#FFFFFF"
             type="circle" x="1166" y="883" width="8" height="8"/>
    </entry>
    <entry id="23" name="cpd:C05909" type="compound"
        link="http://www.kegg.jp/dbget-bin/www_bget?C05909">
        <graphics name="C05909" fgcolor="#000000" bgcolor="#FFFFFF"
             type="circle" x="1081" y="883" width="8" height="8"/>
    </entry>
    <entry id="24" name="cpd:C02906" type="compound"
        link="http://www.kegg.jp/dbget-bin/www_bget?C02906">
        <graphics name="C02906" fgcolor="#000000" bgcolor="#FFFFFF"
             type="circle" x="952" y="883" width="8" height="8"/>
    </entry>
    <entry id="25" name="cpd:C10107" type="compound"
        link="http://www.kegg.jp/dbget-bin/www_bget?C10107">
        <graphics name="C10107" fgcolor="#000000" bgcolor="#FFFFFF"
             type="circle" x="1038" y="842" width="8" height="8"/>
    </entry>
    <entry id="26" name="cpd:C09727" type="compound"
        link="http://www.kegg.jp/dbget-bin/www_bget?C09727">
        <graphics name="C09727" fgcolor="#000000" bgcolor="#FFFFFF"
             type="circle" x="1251" y="685" width="8" height="8"/>
    </entry>
    <entry id="27" name="cpd:C05905" type="compound"
        link="http://www.kegg.jp/dbget-bin/www_bget?C05905">
        <graphics name="C05905" fgcolor="#000000" bgcolor="#FFFFFF"
             type="circle" x="1166" y="685" width="8" height="8"/>
    </entry>
    <entry id="28" name="cpd:C06562" type="compound"
        link="http://www.kegg.jp/dbget-bin/www_bget?C06562">
        <graphics name="C06562" fgcolor="#000000" bgcolor="#FFFFFF"
             type="circle" x="1081" y="741" width="8" height="8"/>
    </entry>
    <entry id="29" name="cpd:C05906" type="compound"
        link="http://www.kegg.jp/dbget-bin/www_bget?C05906">
        <graphics name="C05906" fgcolor="#000000" bgcolor="#FFFFFF"
             type="circle" x="1081" y="685" width="8" height="8"/>
    </entry>
    <entry id="30" name="cpd:C01617" type="compound"
        link="http://www.kegg.jp/dbget-bin/www_bget?C01617">
        <graphics name="C01617" fgcolor="#000000" bgcolor="#FFFFFF"
             type="circle" x="952" y="685" width="8" height="8"/>
    </entry>
    <entry id="31" name="cpd:C00389" type="compound"
        link="http://www.kegg.jp/dbget-bin/www_bget?C00389">
        <graphics name="C00389" fgcolor="#000000" bgcolor="#FFFFFF"
             type="circle" x="1038" y="630" width="8" height="8"/>
    </entry>
    <entry id="32" name="cpd:C05903" type="compound"
        link="http://www.kegg.jp/dbget-bin/www_bget?C05903">
        <graphics name="C05903" fgcolor="#000000" bgcolor="#FFFFFF"
             type="circle" x="1038" y="516" width="8" height="8"/>
    </entry>
    <entry id="33" name="cpd:C09320" type="compound"
        link="http://www.kegg.jp/dbget-bin/www_bget?C09320">
        <graphics name="C09320" fgcolor="#000000" bgcolor="#FFFFFF"
             type="circle" x="1081" y="496" width="8" height="8"/>
    </entry>
    <entry id="34" name="cpd:C12128" type="compound"
        link="http://www.kegg.jp/dbget-bin/www_bget?C12128">
        <graphics name="C12128" fgcolor="#000000" bgcolor="#FFFFFF"
             type="circle" x="1251" y="440" width="8" height="8"/>
    </entry>
    <entry id="35" name="cpd:C05904" type="compound"
        link="http://www.kegg.jp/dbget-bin/www_bget?C05904">
        <graphics name="C05904" fgcolor="#000000" bgcolor="#FFFFFF"
             type="circle" x="1166" y="440" width="8" height="8"/>
    </entry>
    <entry id="36" name="cpd:C03648" type="compound"
        link="http://www.kegg.jp/dbget-bin/www_bget?C03648">
        <graphics name="C03648" fgcolor="#000000" bgcolor="#FFFFFF"
             type="circle" x="1081" y="440" width="8" height="8"/>
    </entry>
    <entry id="37" name="cpd:C00974" type="compound"
        link="http://www.kegg.jp/dbget-bin/www_bget?C00974">
        <graphics name="C00974" fgcolor="#000000" bgcolor="#FFFFFF"
             type="circle" x="952" y="440" width="8" height="8"/>
    </entry>
    <entry id="38" name="cpd:C10192" type="compound"
        link="http://www.kegg.jp/dbget-bin/www_bget?C10192">
        <graphics name="C10192" fgcolor="#000000" bgcolor="#FFFFFF"
             type="circle" x="718" y="842" width="8" height="8"/>
    </entry>
    <entry id="39" name="cpd:C05911" type="compound"
        link="http://www.kegg.jp/dbget-bin/www_bget?C05911">
        <graphics name="C05911" fgcolor="#000000" bgcolor="#FFFFFF"
             type="circle" x="632" y="883" width="8" height="8"/>
    </entry>
    <entry id="40" name="cpd:C05907" type="compound"
        link="http://www.kegg.jp/dbget-bin/www_bget?C05907">
        <graphics name="C05907" fgcolor="#000000" bgcolor="#FFFFFF"
             type="circle" x="718" y="778" width="8" height="8"/>
    </entry>
    <entry id="41" name="cpd:C01514" type="compound"
        link="http://www.kegg.jp/dbget-bin/www_bget?C01514">
        <graphics name="C01514" fgcolor="#000000" bgcolor="#FFFFFF"
             type="circle" x="718" y="725" width="8" height="8"/>
    </entry>
    <entry id="42" name="cpd:C01477" type="compound"
        link="http://www.kegg.jp/dbget-bin/www_bget?C01477">
        <graphics name="C01477" fgcolor="#000000" bgcolor="#FFFFFF"
             type="circle" x="718" y="569" width="8" height="8"/>
    </entry>
    <entry id="43" name="cpd:C05631" type="compound"
        link="http://www.kegg.jp/dbget-bin/www_bget?C05631">
        <graphics name="C05631" fgcolor="#000000" bgcolor="#FFFFFF"
             type="circle" x="633" y="685" width="8" height="8"/>
    </entry>
    <entry id="44" name="cpd:C09756" type="compound"
        link="http://www.kegg.jp/dbget-bin/www_bget?C09756">
        <graphics name="C09756" fgcolor="#000000" bgcolor="#FFFFFF"
             type="circle" x="526" y="842" width="8" height="8"/>
    </entry>
    <entry id="45" name="cpd:C16405" type="compound"
        link="http://www.kegg.jp/dbget-bin/www_bget?C16405">
        <graphics name="C16405" fgcolor="#000000" bgcolor="#FFFFFF"
             type="circle" x="326" y="842" width="8" height="8"/>
    </entry>
    <entry id="46" name="cpd:C00406" type="compound"
        link="http://www.kegg.jp/dbget-bin/www_bget?C00406">
        <graphics name="C00406" fgcolor="#000000" bgcolor="#FFFFFF"
             type="circle" x="187" y="842" width="8" height="8"/>
    </entry>
    <entry id="47" name="cpd:C15525" type="compound"
        link="http://www.kegg.jp/dbget-bin/www_bget?C15525">
        <graphics name="C15525" fgcolor="#000000" bgcolor="#FFFFFF"
             type="circle" x="326" y="685" width="8" height="8"/>
    </entry>
    <entry id="48" name="cpd:C00323" type="compound"
        link="http://www.kegg.jp/dbget-bin/www_bget?C00323">
        <graphics name="C00323" fgcolor="#000000" bgcolor="#FFFFFF"
             type="circle" x="187" y="685" width="8" height="8"/>
    </entry>
    <entry id="49" name="cpd:C16410" type="compound"
        link="http://www.kegg.jp/dbget-bin/www_bget?C16410">
        <graphics name="C16410" fgcolor="#000000" bgcolor="#FFFFFF"
             type="circle" x="511" y="641" width="8" height="8"/>
    </entry>
    <entry id="50" name="cpd:C16408" type="compound"
        link="http://www.kegg.jp/dbget-bin/www_bget?C16408">
        <graphics name="C16408" fgcolor="#000000" bgcolor="#FFFFFF"
             type="circle" x="426" y="641" width="8" height="8"/>
    </entry>
    <entry id="51" name="cpd:C16409" type="compound"
        link="http://www.kegg.jp/dbget-bin/www_bget?C16409">
        <graphics name="C16409" fgcolor="#000000" bgcolor="#FFFFFF"
             type="circle" x="511" y="499" width="8" height="8"/>
    </entry>
    <entry id="52" name="cpd:C16407" type="compound"
        link="http://www.kegg.jp/dbget-bin/www_bget?C16407">
        <graphics name="C16407" fgcolor="#000000" bgcolor="#FFFFFF"
             type="circle" x="426" y="499" width="8" height="8"/>
    </entry>
    <entry id="53" name="cpd:C00509" type="compound"
        link="http://www.kegg.jp/dbget-bin/www_bget?C00509">
        <graphics name="C00509" fgcolor="#000000" bgcolor="#FFFFFF"
             type="circle" x="633" y="440" width="8" height="8"/>
    </entry>
    <entry id="54" name="cpd:C09806" type="compound"
        link="http://www.kegg.jp/dbget-bin/www_bget?C09806">
        <graphics name="C09806" fgcolor="#000000" bgcolor="#FFFFFF"
             type="circle" x="891" y="397" width="8" height="8"/>
    </entry>
    <entry id="55" name="cpd:C09789" type="compound"
        link="http://www.kegg.jp/dbget-bin/www_bget?C09789">
        <graphics name="C09789" fgcolor="#000000" bgcolor="#FFFFFF"
             type="circle" x="891" y="354" width="8" height="8"/>
    </entry>
    <entry id="56" name="cpd:C16422" type="compound"
        link="http://www.kegg.jp/dbget-bin/www_bget?C16422">
        <graphics name="C16422" fgcolor="#000000" bgcolor="#FFFFFF"
             type="circle" x="806" y="397" width="8" height="8"/>
    </entry>
    <entry id="57" name="cpd:C16417" type="compound"
        link="http://www.kegg.jp/dbget-bin/www_bget?C16417">
        <graphics name="C16417" fgcolor="#000000" bgcolor="#FFFFFF"
             type="circle" x="496" y="397" width="8" height="8"/>
    </entry>
    <entry id="58" name="path:ko00942" type="map"
        link="http://www.kegg.jp/dbget-bin/www_bget?ko00942">
        <graphics name="Anthocyanin biosynthesis" fgcolor="#000000" bgcolor="#FFFFFF"
             type="roundrectangle" x="1325" y="723" width="145" height="25"/>
    </entry>
    <entry id="59" name="path:ko00943" type="map"
        link="http://www.kegg.jp/dbget-bin/www_bget?ko00943">
        <graphics name="Isoflavonoid biosynthesis" fgcolor="#000000" bgcolor="#FFFFFF"
             type="roundrectangle" x="789" y="255" width="141" height="25"/>
    </entry>
    <entry id="60" name="cpd:C09614" type="compound"
        link="http://www.kegg.jp/dbget-bin/www_bget?C09614">
        <graphics name="C09614" fgcolor="#000000" bgcolor="#FFFFFF"
             type="circle" x="633" y="302" width="8" height="8"/>
    </entry>
    <entry id="61" name="cpd:C09827" type="compound"
        link="http://www.kegg.jp/dbget-bin/www_bget?C09827">
        <graphics name="C09827" fgcolor="#000000" bgcolor="#FFFFFF"
             type="circle" x="633" y="144" width="8" height="8"/>
    </entry>
    <entry id="62" name="cpd:C06561" type="compound"
        link="http://www.kegg.jp/dbget-bin/www_bget?C06561">
        <graphics name="C06561" fgcolor="#000000" bgcolor="#FFFFFF"
             type="circle" x="326" y="440" width="8" height="8"/>
    </entry>
    <entry id="63" name="cpd:C09099" type="compound"
        link="http://www.kegg.jp/dbget-bin/www_bget?C09099">
        <graphics name="C09099" fgcolor="#000000" bgcolor="#FFFFFF"
             type="circle" x="806" y="354" width="8" height="8"/>
    </entry>
    <entry id="64" name="cpd:C01378" type="compound"
        link="http://www.kegg.jp/dbget-bin/www_bget?C01378">
        <graphics name="C01378" fgcolor="#000000" bgcolor="#FFFFFF"
             type="circle" x="1058" y="302" width="8" height="8"/>
    </entry>
    <entry id="65" name="cpd:C16416" type="compound"
        link="http://www.kegg.jp/dbget-bin/www_bget?C16416">
        <graphics name="C16416" fgcolor="#000000" bgcolor="#FFFFFF"
             type="circle" x="411" y="397" width="8" height="8"/>
    </entry>
    <entry id="66" name="cpd:C09736" type="compound"
        link="http://www.kegg.jp/dbget-bin/www_bget?C09736">
        <graphics name="C09736" fgcolor="#000000" bgcolor="#FFFFFF"
             type="circle" x="1187" y="302" width="8" height="8"/>
    </entry>
    <entry id="67" name="cpd:C01709" type="compound"
        link="http://www.kegg.jp/dbget-bin/www_bget?C01709">
        <graphics name="C01709" fgcolor="#000000" bgcolor="#FFFFFF"
             type="circle" x="718" y="397" width="8" height="8"/>
    </entry>
    <entry id="68" name="cpd:C00223" type="compound"
        link="http://www.kegg.jp/dbget-bin/www_bget?C00223">
        <graphics name="C00223" fgcolor="#000000" bgcolor="#FFFFFF"
             type="circle" x="187" y="440" width="8" height="8"/>
    </entry>
    <entry id="69" name="ko:K13082" type="ortholog" reaction="rn:R06610"
        link="http://www.kegg.jp/dbget-bin/www_bget?K13082">
        <graphics name="K13082" fgcolor="#000000" bgcolor="#BFBFFF"
             type="rectangle" x="672" y="480" width="46" height="17"/>
    </entry>
    <entry id="70" name="ko:K00588" type="ortholog" reaction="rn:R01942"
        link="http://www.kegg.jp/dbget-bin/www_bget?K00588">
        <graphics name="K00588" fgcolor="#000000" bgcolor="#BFBFFF"
             type="rectangle" x="188" y="766" width="46" height="17"/>
    </entry>
    <entry id="71" name="cpd:C16419" type="compound"
        link="http://www.kegg.jp/dbget-bin/www_bget?C16419">
        <graphics name="C16419" fgcolor="#000000" bgcolor="#FFFFFF"
             type="circle" x="718" y="176" width="8" height="8"/>
    </entry>
    <entry id="72" name="path:ko00940" type="map"
        link="http://www.kegg.jp/dbget-bin/www_bget?ko00940">
        <graphics name="Phenylpropanoid biosynthesis" fgcolor="#000000" bgcolor="#FFFFFF"
             type="roundrectangle" x="98" y="145" width="101" height="34"/>
    </entry>
    <entry id="73" name="path:ko00941" type="map"
        link="http://www.kegg.jp/dbget-bin/www_bget?ko00941">
        <graphics name="TITLE:Flavonoid biosynthesis" fgcolor="#000000" bgcolor="#FFFFFF"
             type="roundrectangle" x="143" y="58" width="205" height="25"/>
    </entry>
    <entry id="74" name="path:ko00943" type="map"
        link="http://www.kegg.jp/dbget-bin/www_bget?ko00943">
        <graphics name="Isoflavonoid biosynthesis" fgcolor="#000000" bgcolor="#FFFFFF"
             type="roundrectangle" x="550" y="355" width="141" height="25"/>
    </entry>
    <entry id="75" name="cpd:C16406" type="compound"
        link="http://www.kegg.jp/dbget-bin/www_bget?C16406">
        <graphics name="C16406" fgcolor="#000000" bgcolor="#FFFFFF"
             type="circle" x="324" y="344" width="8" height="8"/>
    </entry>
    <entry id="76" name="cpd:C16418" type="compound"
        link="http://www.kegg.jp/dbget-bin/www_bget?C16418">
        <graphics name="C16418" fgcolor="#000000" bgcolor="#FFFFFF"
             type="circle" x="1187" y="144" width="8" height="8"/>
    </entry>
    <entry id="77" name="cpd:C16404" type="compound"
        link="http://www.kegg.jp/dbget-bin/www_bget?C16404">
        <graphics name="C16404" fgcolor="#000000" bgcolor="#FFFFFF"
             type="circle" x="326" y="144" width="8" height="8"/>
    </entry>
    <entry id="78" name="cpd:C08650" type="compound"
        link="http://www.kegg.jp/dbget-bin/www_bget?C08650">
        <graphics name="C08650" fgcolor="#000000" bgcolor="#FFFFFF"
             type="circle" x="326" y="223" width="8" height="8"/>
    </entry>
    <entry id="79" name="cpd:C16415" type="compound"
        link="http://www.kegg.jp/dbget-bin/www_bget?C16415">
        <graphics name="C16415" fgcolor="#000000" bgcolor="#FFFFFF"
             type="circle" x="1187" y="223" width="8" height="8"/>
    </entry>
    <entry id="80" name="cpd:C08578" type="compound"
        link="http://www.kegg.jp/dbget-bin/www_bget?C08578">
        <graphics name="C08578" fgcolor="#000000" bgcolor="#FFFFFF"
             type="circle" x="326" y="302" width="8" height="8"/>
    </entry>
    <entry id="81" name="cpd:C00540" type="compound"
        link="http://www.kegg.jp/dbget-bin/www_bget?C00540">
        <graphics name="C00540" fgcolor="#000000" bgcolor="#FFFFFF"
             type="circle" x="183" y="144" width="8" height="8"/>
    </entry>
    <entry id="82" name="cpd:C09826" type="compound"
        link="http://www.kegg.jp/dbget-bin/www_bget?C09826">
        <graphics name="C09826" fgcolor="#000000" bgcolor="#FFFFFF"
             type="circle" x="1058" y="144" width="8" height="8"/>
    </entry>
    <entry id="83" name="cpd:C09762" type="compound"
        link="http://www.kegg.jp/dbget-bin/www_bget?C09762">
        <graphics name="C09762" fgcolor="#000000" bgcolor="#FFFFFF"
             type="circle" x="633" y="223" width="8" height="8"/>
    </entry>
    <entry id="84" name="cpd:C09751" type="compound"
        link="http://www.kegg.jp/dbget-bin/www_bget?C09751">
        <graphics name="C09751" fgcolor="#000000" bgcolor="#FFFFFF"
             type="circle" x="1058" y="223" width="8" height="8"/>
    </entry>
    <entry id="163" name="ko:K05278" type="ortholog" reaction="rn:R08082"
        link="http://www.kegg.jp/dbget-bin/www_bget?K05278">
        <graphics name="K05278" fgcolor="#000000" bgcolor="#BFBFFF"
             type="rectangle" x="1058" y="167" width="46" height="17"/>
    </entry>
    <entry id="164" name="ko:K00475" type="ortholog" reaction="rn:R07996"
        link="http://www.kegg.jp/dbget-bin/www_bget?K00475">
        <graphics name="K00475" fgcolor="#000000" bgcolor="#BFBFFF"
             type="rectangle" x="819" y="224" width="46" height="17"/>
    </entry>
    <entry id="165" name="ko:K00475" type="ortholog" reaction="rn:R07993"
        link="http://www.kegg.jp/dbget-bin/www_bget?K00475">
        <graphics name="K00475" fgcolor="#000000" bgcolor="#BFBFFF"
             type="rectangle" x="819" y="145" width="46" height="17"/>
    </entry>
    <entry id="166" name="ko:K01859" type="ortholog" reaction="rn:R07990"
        link="http://www.kegg.jp/dbget-bin/www_bget?K01859">
        <graphics name="K01859" fgcolor="#000000" bgcolor="#BFBFFF"
             type="rectangle" x="486" y="145" width="46" height="17"/>
    </entry>
    <entry id="167" name="ko:K01859" type="ortholog" reaction="rn:R07995"
        link="http://www.kegg.jp/dbget-bin/www_bget?K01859">
        <graphics name="K01859" fgcolor="#000000" bgcolor="#BFBFFF"
             type="rectangle" x="486" y="303" width="46" height="17"/>
    </entry>
    <entry id="168" name="ko:K01859" type="ortholog" reaction="rn:R06556"
        link="http://www.kegg.jp/dbget-bin/www_bget?K01859">
        <graphics name="K01859" fgcolor="#000000" bgcolor="#BFBFFF"
             type="rectangle" x="486" y="221" width="46" height="17"/>
    </entry>
    <entry id="169" name="ko:K00660" type="ortholog" reaction="rn:R07987"
        link="http://www.kegg.jp/dbget-bin/www_bget?K00660">
        <graphics name="K00660" fgcolor="#000000" bgcolor="#BFBFFF"
             type="rectangle" x="254" y="145" width="46" height="17"/>
    </entry>
    <entry id="170" name="ko:K13077" type="ortholog" reaction="rn:R08081"
        link="http://www.kegg.jp/dbget-bin/www_bget?K13077">
        <graphics name="K13077" fgcolor="#000000" bgcolor="#BFBFFF"
             type="rectangle" x="611" y="167" width="46" height="17"/>
    </entry>
    <entry id="171" name="ko:K05280" type="ortholog" reaction="rn:R08002"
        link="http://www.kegg.jp/dbget-bin/www_bget?K05280">
        <graphics name="K05280" fgcolor="#000000" bgcolor="#BFBFFF"
             type="rectangle" x="633" y="268" width="46" height="17"/>
    </entry>
    <entry id="174" name="ko:K13080" type="ortholog" reaction="rn:R08022"
        link="http://www.kegg.jp/dbget-bin/www_bget?K13080">
        <graphics name="K13080" fgcolor="#000000" bgcolor="#BFBFFF"
             type="rectangle" x="846" y="398" width="46" height="17"/>
    </entry>
    <entry id="175" name="ko:K13080" type="ortholog" reaction="rn:R06820"
        link="http://www.kegg.jp/dbget-bin/www_bget?K13080">
        <graphics name="K13080" fgcolor="#000000" bgcolor="#BFBFFF"
             type="rectangle" x="846" y="355" width="46" height="17"/>
    </entry>
    <entry id="176" name="ko:K05277" type="ortholog" reaction="rn:R06540"
        link="http://www.kegg.jp/dbget-bin/www_bget?K05277">
        <graphics name="K05277" fgcolor="#000000" bgcolor="#BFBFFF"
             type="rectangle" x="1014" y="451" width="46" height="17"/>
    </entry>
    <entry id="177" name="ko:K13082" type="ortholog" reaction="rn:R03123"
        link="http://www.kegg.jp/dbget-bin/www_bget?K13082">
        <graphics name="K13082" fgcolor="#000000" bgcolor="#BFBFFF"
             type="rectangle" x="1014" y="430" width="46" height="17"/>
    </entry>
    <entry id="178" name="ko:K05278" type="ortholog" reaction="rn:R03126"
        link="http://www.kegg.jp/dbget-bin/www_bget?K05278">
        <graphics name="K05278" fgcolor="#000000" bgcolor="#BFBFFF"
             type="rectangle" x="993" y="517" width="46" height="17"/>
    </entry>
    <entry id="179" name="ko:K05277" type="ortholog" reaction="rn:R04276"
        link="http://www.kegg.jp/dbget-bin/www_bget?K05277">
        <graphics name="K05277" fgcolor="#000000" bgcolor="#BFBFFF"
             type="rectangle" x="1120" y="441" width="46" height="17"/>
    </entry>
    <entry id="180" name="ko:K13081" type="ortholog" reaction="rn:R06615"
        link="http://www.kegg.jp/dbget-bin/www_bget?K13081">
        <graphics name="K13081" fgcolor="#000000" bgcolor="#BFBFFF"
             type="rectangle" x="1083" y="464" width="46" height="17"/>
    </entry>
    <entry id="181" name="ko:K08695" type="ortholog" reaction="rn:R06541"
        link="http://www.kegg.jp/dbget-bin/www_bget?K08695">
        <graphics name="K08695" fgcolor="#000000" bgcolor="#BFBFFF"
             type="rectangle" x="1203" y="441" width="46" height="17"/>
    </entry>
    <entry id="182" name="ko:K05280" type="ortholog" reaction="rn:R08032"
        link="http://www.kegg.jp/dbget-bin/www_bget?K05280">
        <graphics name="K05280" fgcolor="#000000" bgcolor="#BFBFFF"
             type="rectangle" x="1059" y="259" width="46" height="17"/>
    </entry>
    <entry id="183" name="ko:K13082" type="ortholog" reaction="rn:R07999"
        link="http://www.kegg.jp/dbget-bin/www_bget?K13082">
        <graphics name="K13082" fgcolor="#000000" bgcolor="#BFBFFF"
             type="rectangle" x="1120" y="292" width="46" height="17"/>
    </entry>
    <entry id="184" name="ko:K13082" type="ortholog" reaction="rn:R07998"
        link="http://www.kegg.jp/dbget-bin/www_bget?K13082">
        <graphics name="K13082" fgcolor="#000000" bgcolor="#BFBFFF"
             type="rectangle" x="1120" y="213" width="46" height="17"/>
    </entry>
    <entry id="185" name="ko:K13078" type="ortholog" reaction="rn:R08013"
        link="http://www.kegg.jp/dbget-bin/www_bget?K13078">
        <graphics name="K13078" fgcolor="#000000" bgcolor="#BFBFFF"
             type="rectangle" x="326" y="382" width="46" height="17"/>
    </entry>
    <entry id="187" name="ko:K01859" type="ortholog" reaction="rn:R02446"
        link="http://www.kegg.jp/dbget-bin/www_bget?K01859">
        <graphics name="K01859" fgcolor="#000000" bgcolor="#BFBFFF"
             type="rectangle" x="486" y="441" width="46" height="17"/>
    </entry>
    <entry id="188" name="ko:K13079" type="ortholog" reaction="rn:R08010"
        link="http://www.kegg.jp/dbget-bin/www_bget?K13079">
        <graphics name="K13079" fgcolor="#000000" bgcolor="#BFBFFF"
             type="rectangle" x="463" y="570" width="46" height="17"/>
    </entry>
    <entry id="189" name="ko:K13079" type="ortholog" reaction="rn:R08008"
        link="http://www.kegg.jp/dbget-bin/www_bget?K13079">
        <graphics name="K13079" fgcolor="#000000" bgcolor="#BFBFFF"
             type="rectangle" x="463" y="500" width="46" height="17"/>
    </entry>
    <entry id="190" name="ko:K13079" type="ortholog" reaction="rn:R08009"
        link="http://www.kegg.jp/dbget-bin/www_bget?K13079">
        <graphics name="K13079" fgcolor="#000000" bgcolor="#BFBFFF"
             type="rectangle" x="463" y="642" width="46" height="17"/>
    </entry>
    <entry id="191" name="ko:K05280" type="ortholog" reaction="rn:R02442"
        link="http://www.kegg.jp/dbget-bin/www_bget?K05280">
        <graphics name="K05280" fgcolor="#000000" bgcolor="#BFBFFF"
             type="rectangle" x="652" y="609" width="46" height="17"/>
    </entry>
    <entry id="192" name="ko:K13077" type="ortholog" reaction="rn:R02445"
        link="http://www.kegg.jp/dbget-bin/www_bget?K13077">
        <graphics name="K13077" fgcolor="#000000" bgcolor="#BFBFFF"
             type="rectangle" x="672" y="570" width="46" height="17"/>
    </entry>
    <entry id="193" name="ko:K00475" type="ortholog" reaction="rn:R03640"
        link="http://www.kegg.jp/dbget-bin/www_bget?K00475">
        <graphics name="K00475" fgcolor="#000000" bgcolor="#BFBFFF"
             type="rectangle" x="753" y="686" width="46" height="17"/>
    </entry>
    <entry id="194" name="ko:K05280" type="ortholog" reaction="rn:R06537"
        link="http://www.kegg.jp/dbget-bin/www_bget?K05280">
        <graphics name="K05280" fgcolor="#000000" bgcolor="#BFBFFF"
             type="rectangle" x="743" y="652" width="46" height="17"/>
    </entry>
    <entry id="195" name="ko:K13082" type="ortholog" reaction="rn:R04901"
        link="http://www.kegg.jp/dbget-bin/www_bget?K13082">
        <graphics name="K13082" fgcolor="#000000" bgcolor="#BFBFFF"
             type="rectangle" x="672" y="779" width="46" height="17"/>
    </entry>
    <entry id="196" name="ko:K13077" type="ortholog" reaction="rn:R03590"
        link="http://www.kegg.jp/dbget-bin/www_bget?K13077">
        <graphics name="K13077" fgcolor="#000000" bgcolor="#BFBFFF"
             type="rectangle" x="672" y="726" width="46" height="17"/>
    </entry>
    <entry id="197" name="ko:K13077" type="ortholog" reaction="rn:R06551"
        link="http://www.kegg.jp/dbget-bin/www_bget?K13077">
        <graphics name="K13077" fgcolor="#000000" bgcolor="#BFBFFF"
             type="rectangle" x="672" y="843" width="46" height="17"/>
    </entry>
    <entry id="198" name="ko:K13083" type="ortholog" reaction="rn:R04902"
        link="http://www.kegg.jp/dbget-bin/www_bget?K13083">
        <graphics name="K13083" fgcolor="#000000" bgcolor="#BFBFFF"
             type="rectangle" x="630" y="811" width="46" height="17"/>
    </entry>
    <entry id="199" name="ko:K13083" type="ortholog" reaction="rn:R02442"
        link="http://www.kegg.jp/dbget-bin/www_bget?K13083">
        <graphics name="K13083" fgcolor="#000000" bgcolor="#BFBFFF"
             type="rectangle" x="602" y="609" width="46" height="17"/>
    </entry>
    <entry id="200" name="ko:K05280" type="ortholog" reaction="rn:R03124"
        link="http://www.kegg.jp/dbget-bin/www_bget?K05280">
        <graphics name="K05280" fgcolor="#000000" bgcolor="#BFBFFF"
             type="rectangle" x="976" y="557" width="46" height="17"/>
    </entry>
    <entry id="201" name="ko:K05278" type="ortholog" reaction="rn:R02160"
        link="http://www.kegg.jp/dbget-bin/www_bget?K05278">
        <graphics name="K05278" fgcolor="#000000" bgcolor="#BFBFFF"
             type="rectangle" x="995" y="631" width="46" height="17"/>
    </entry>
    <entry id="202" name="ko:K05280" type="ortholog" reaction="rn:R06538"
        link="http://www.kegg.jp/dbget-bin/www_bget?K05280">
        <graphics name="K05280" fgcolor="#000000" bgcolor="#BFBFFF"
             type="rectangle" x="1063" y="588" width="46" height="17"/>
    </entry>
    <entry id="203" name="ko:K05277" type="ortholog" reaction="rn:R05036"
        link="http://www.kegg.jp/dbget-bin/www_bget?K05277">
        <graphics name="K05277" fgcolor="#000000" bgcolor="#BFBFFF"
             type="rectangle" x="1120" y="686" width="46" height="17"/>
    </entry>
    <entry id="204" name="ko:K08695" type="ortholog" reaction="rn:R06542"
        link="http://www.kegg.jp/dbget-bin/www_bget?K08695">
        <graphics name="K08695" fgcolor="#000000" bgcolor="#BFBFFF"
             type="rectangle" x="1203" y="686" width="46" height="17"/>
    </entry>
    <entry id="205" name="ko:K13083" type="ortholog" reaction="rn:R10258"
        link="http://www.kegg.jp/dbget-bin/www_bget?K13083">
        <graphics name="K13083" fgcolor="#000000" bgcolor="#BFBFFF"
             type="rectangle" x="1039" y="811" width="46" height="17"/>
    </entry>
    <entry id="206" name="ko:K13083" type="ortholog" reaction="rn:R03639"
        link="http://www.kegg.jp/dbget-bin/www_bget?K13083">
        <graphics name="K13083" fgcolor="#000000" bgcolor="#BFBFFF"
             type="rectangle" x="951" y="811" width="46" height="17"/>
    </entry>
    <entry id="207" name="ko:K13083" type="ortholog" reaction="rn:R03124"
        link="http://www.kegg.jp/dbget-bin/www_bget?K13083">
        <graphics name="K13083" fgcolor="#000000" bgcolor="#BFBFFF"
             type="rectangle" x="926" y="557" width="46" height="17"/>
    </entry>
    <entry id="208" name="ko:K13083" type="ortholog" reaction="rn:R10260"
        link="http://www.kegg.jp/dbget-bin/www_bget?K13083">
        <graphics name="K13083" fgcolor="#000000" bgcolor="#BFBFFF"
             type="rectangle" x="790" y="811" width="46" height="17"/>
    </entry>
    <entry id="209" name="ko:K05278" type="ortholog" reaction="rn:R06539"
        link="http://www.kegg.jp/dbget-bin/www_bget?K05278">
        <graphics name="K05278" fgcolor="#000000" bgcolor="#BFBFFF"
             type="rectangle" x="993" y="843" width="46" height="17"/>
    </entry>
    <entry id="210" name="ko:K05277" type="ortholog" reaction="rn:R05723"
        link="http://www.kegg.jp/dbget-bin/www_bget?K05277">
        <graphics name="K05277" fgcolor="#000000" bgcolor="#BFBFFF"
             type="rectangle" x="999" y="696" width="46" height="17"/>
    </entry>
    <entry id="211" name="ko:K13082" type="ortholog" reaction="rn:R03636"
        link="http://www.kegg.jp/dbget-bin/www_bget?K13082">
        <graphics name="K13082" fgcolor="#000000" bgcolor="#BFBFFF"
             type="rectangle" x="999" y="675" width="46" height="17"/>
    </entry>
    <entry id="212" name="ko:K08695" type="ortholog" reaction="rn:R06543"
        link="http://www.kegg.jp/dbget-bin/www_bget?K08695">
        <graphics name="K08695" fgcolor="#000000" bgcolor="#BFBFFF"
             type="rectangle" x="1203" y="884" width="46" height="17"/>
    </entry>
    <entry id="213" name="ko:K05277" type="ortholog" reaction="rn:R05037"
        link="http://www.kegg.jp/dbget-bin/www_bget?K05277">
        <graphics name="K05277" fgcolor="#000000" bgcolor="#BFBFFF"
             type="rectangle" x="1120" y="884" width="46" height="17"/>
    </entry>
    <entry id="214" name="ko:K13081" type="ortholog" reaction="rn:R06533"
        link="http://www.kegg.jp/dbget-bin/www_bget?K13081">
        <graphics name="K13081" fgcolor="#000000" bgcolor="#BFBFFF"
             type="rectangle" x="1083" y="906" width="46" height="17"/>
    </entry>
    <entry id="215" name="ko:K13082" type="ortholog" reaction="rn:R05038"
        link="http://www.kegg.jp/dbget-bin/www_bget?K13082">
        <graphics name="K13082" fgcolor="#000000" bgcolor="#BFBFFF"
             type="rectangle" x="1014" y="884" width="46" height="17"/>
    </entry>
    <entry id="216" name="ko:K00475" type="ortholog" reaction="rn:R07997"
        link="http://www.kegg.jp/dbget-bin/www_bget?K00475">
        <graphics name="K00475" fgcolor="#000000" bgcolor="#BFBFFF"
             type="rectangle" x="819" y="303" width="46" height="17"/>
    </entry>
    <entry id="217" name="ko:K00660" type="ortholog" reaction="rn:R07988"
        link="http://www.kegg.jp/dbget-bin/www_bget?K00660">
        <graphics name="K00660" fgcolor="#000000" bgcolor="#BFBFFF"
             type="rectangle" x="276" y="686" width="46" height="17"/>
    </entry>
    <entry id="218" name="ko:K13065" type="ortholog" reaction="rn:R07433"
        link="http://www.kegg.jp/dbget-bin/www_bget?K13065">
        <graphics name="K13065" fgcolor="#000000" bgcolor="#BFBFFF"
             type="rectangle" x="133" y="640" width="46" height="17"/>
    </entry>
    <entry id="219" name="ko:K13065" type="ortholog" reaction="rn:R01945"
        link="http://www.kegg.jp/dbget-bin/www_bget?K13065">
        <graphics name="K13065" fgcolor="#000000" bgcolor="#BFBFFF"
             type="rectangle" x="246" y="640" width="46" height="17"/>
    </entry>
    <entry id="220" name="ko:K09754" type="ortholog" reaction="rn:R04342"
        link="http://www.kegg.jp/dbget-bin/www_bget?K09754">
        <graphics name="K09754" fgcolor="#000000" bgcolor="#BFBFFF"
             type="rectangle" x="246" y="562" width="46" height="17"/>
    </entry>
    <entry id="221" name="ko:K09754" type="ortholog" reaction="rn:R06582"
        link="http://www.kegg.jp/dbget-bin/www_bget?K09754">
        <graphics name="K09754" fgcolor="#000000" bgcolor="#BFBFFF"
             type="rectangle" x="133" y="562" width="46" height="17"/>
    </entry>
    <entry id="223" name="ko:K13065" type="ortholog" reaction="rn:R02416"
        link="http://www.kegg.jp/dbget-bin/www_bget?K13065">
        <graphics name="K13065" fgcolor="#000000" bgcolor="#BFBFFF"
             type="rectangle" x="133" y="482" width="46" height="17"/>
    </entry>
    <entry id="224" name="ko:K13065" type="ortholog" reaction="rn:R07432"
        link="http://www.kegg.jp/dbget-bin/www_bget?K13065">
        <graphics name="K13065" fgcolor="#000000" bgcolor="#BFBFFF"
             type="rectangle" x="246" y="482" width="46" height="17"/>
    </entry>
    <entry id="225" name="ko:K00660" type="ortholog" reaction="rn:R01613"
        link="http://www.kegg.jp/dbget-bin/www_bget?K00660">
        <graphics name="K00660" fgcolor="#000000" bgcolor="#BFBFFF"
             type="rectangle" x="276" y="441" width="46" height="17"/>
    </entry>
    <entry id="226" name="ko:K00660" type="ortholog" reaction="rn:R07989"
        link="http://www.kegg.jp/dbget-bin/www_bget?K00660">
        <graphics name="K00660" fgcolor="#000000" bgcolor="#BFBFFF"
             type="rectangle" x="254" y="843" width="46" height="17"/>
    </entry>
    <entry id="227" name="ko:K13081" type="ortholog" reaction="rn:R06532"
        link="http://www.kegg.jp/dbget-bin/www_bget?K13081">
        <graphics name="K13081" fgcolor="#000000" bgcolor="#BFBFFF"
             type="rectangle" x="1082" y="709" width="46" height="17"/>
    </entry>
    <entry id="228" name="ko:K00475" type="ortholog" reaction="rn:R05039"
        link="http://www.kegg.jp/dbget-bin/www_bget?K00475">
        <graphics name="K00475" fgcolor="#000000" bgcolor="#BFBFFF"
             type="rectangle" x="819" y="883" width="46" height="17"/>
    </entry>
    <entry id="229" name="ko:K00475" type="ortholog" reaction="rn:R02444"
        link="http://www.kegg.jp/dbget-bin/www_bget?K00475">
        <graphics name="K00475" fgcolor="#000000" bgcolor="#BFBFFF"
             type="rectangle" x="819" y="441" width="46" height="17"/>
    </entry>
    <entry id="231" name="ko:K00487" type="ortholog" reaction="rn:R08815"
        link="http://www.kegg.jp/dbget-bin/www_bget?K00487">
        <graphics name="K00487" fgcolor="#000000" bgcolor="#BFBFFF"
             type="rectangle" x="184" y="185" width="46" height="17"/>
    </entry>
    <entry id="232" name="ko:K00660 ko:K08243" type="ortholog" reaction="rn:R06568"
        link="http://www.kegg.jp/dbget-bin/www_bget?K00660+K08243">
        <graphics name="K00660..." fgcolor="#000000" bgcolor="#BFBFFF"
             type="rectangle" x="254" y="223" width="46" height="17"/>
    </entry>
    <entry id="233" name="ko:K13083" type="ortholog" reaction="rn:R06537"
        link="http://www.kegg.jp/dbget-bin/www_bget?K13083">
        <graphics name="K13083" fgcolor="#000000" bgcolor="#BFBFFF"
             type="rectangle" x="693" y="652" width="46" height="17"/>
    </entry>
    <entry id="234" name="ko:K13083" type="ortholog" reaction="rn:R06538"
        link="http://www.kegg.jp/dbget-bin/www_bget?K13083">
        <graphics name="K13083" fgcolor="#000000" bgcolor="#BFBFFF"
             type="rectangle" x="1013" y="588" width="46" height="17"/>
    </entry>
    <relation entry1="166" entry2="169" type="ECrel">
        <subtype name="compound" value="77"/>
    </relation>
    <relation entry1="170" entry2="166" type="ECrel">
        <subtype name="compound" value="61"/>
    </relation>
    <relation entry1="165" entry2="166" type="ECrel">
        <subtype name="compound" value="61"/>
    </relation>
    <relation entry1="170" entry2="165" type="ECrel">
        <subtype name="compound" value="61"/>
    </relation>
    <relation entry1="163" entry2="165" type="ECrel">
        <subtype name="compound" value="82"/>
    </relation>
    <relation entry1="171" entry2="168" type="ECrel">
        <subtype name="compound" value="83"/>
    </relation>
    <relation entry1="164" entry2="168" type="ECrel">
        <subtype name="compound" value="83"/>
    </relation>
    <relation entry1="171" entry2="164" type="ECrel">
        <subtype name="compound" value="83"/>
    </relation>
    <relation entry1="182" entry2="164" type="ECrel">
        <subtype name="compound" value="84"/>
    </relation>
    <relation entry1="164" entry2="184" type="ECrel">
        <subtype name="compound" value="84"/>
    </relation>
    <relation entry1="182" entry2="184" type="ECrel">
        <subtype name="compound" value="84"/>
    </relation>
    <relation entry1="171" entry2="167" type="ECrel">
        <subtype name="compound" value="60"/>
    </relation>
    <relation entry1="171" entry2="216" type="ECrel">
        <subtype name="compound" value="60"/>
    </relation>
    <relation entry1="216" entry2="167" type="ECrel">
        <subtype name="compound" value="60"/>
    </relation>
    <relation entry1="182" entry2="216" type="ECrel">
        <subtype name="compound" value="64"/>
    </relation>
    <relation entry1="216" entry2="183" type="ECrel">
        <subtype name="compound" value="64"/>
    </relation>
    <relation entry1="182" entry2="183" type="ECrel">
        <subtype name="compound" value="64"/>
    </relation>
    <relation entry1="185" entry2="225" type="ECrel">
        <subtype name="compound" value="62"/>
    </relation>
    <relation entry1="199" entry2="187" type="ECrel">
        <subtype name="compound" value="53"/>
    </relation>
    <relation entry1="191" entry2="187" type="ECrel">
        <subtype name="compound" value="53"/>
    </relation>
    <relation entry1="192" entry2="187" type="ECrel">
        <subtype name="compound" value="53"/>
    </relation>
    <relation entry1="69" entry2="187" type="ECrel">
        <subtype name="compound" value="53"/>
    </relation>
    <relation entry1="229" entry2="187" type="ECrel">
        <subtype name="compound" value="53"/>
    </relation>
    <relation entry1="199" entry2="192" type="ECrel">
        <subtype name="compound" value="53"/>
    </relation>
    <relation entry1="199" entry2="69" type="ECrel">
        <subtype name="compound" value="53"/>
    </relation>
    <relation entry1="199" entry2="229" type="ECrel">
        <subtype name="compound" value="53"/>
    </relation>
    <relation entry1="191" entry2="192" type="ECrel">
        <subtype name="compound" value="53"/>
    </relation>
    <relation entry1="191" entry2="69" type="ECrel">
        <subtype name="compound" value="53"/>
    </relation>
    <relation entry1="191" entry2="229" type="ECrel">
        <subtype name="compound" value="53"/>
    </relation>
    <relation entry1="69" entry2="192" type="ECrel">
        <subtype name="compound" value="53"/>
    </relation>
    <relation entry1="229" entry2="192" type="ECrel">
        <subtype name="compound" value="53"/>
    </relation>
    <relation entry1="229" entry2="69" type="ECrel">
        <subtype name="compound" value="53"/>
    </relation>
    <relation entry1="207" entry2="229" type="ECrel">
        <subtype name="compound" value="37"/>
    </relation>
    <relation entry1="200" entry2="229" type="ECrel">
        <subtype name="compound" value="37"/>
    </relation>
    <relation entry1="229" entry2="178" type="ECrel">
        <subtype name="compound" value="37"/>
    </relation>
    <relation entry1="176" entry2="229" type="ECrel">
        <subtype name="compound" value="37"/>
    </relation>
    <relation entry1="229" entry2="177" type="ECrel">
        <subtype name="compound" value="37"/>
    </relation>
    <relation entry1="207" entry2="178" type="ECrel">
        <subtype name="compound" value="37"/>
    </relation>
    <relation entry1="176" entry2="207" type="ECrel">
        <subtype name="compound" value="37"/>
    </relation>
    <relation entry1="207" entry2="177" type="ECrel">
        <subtype name="compound" value="37"/>
    </relation>
    <relation entry1="200" entry2="178" type="ECrel">
        <subtype name="compound" value="37"/>
    </relation>
    <relation entry1="176" entry2="200" type="ECrel">
        <subtype name="compound" value="37"/>
    </relation>
    <relation entry1="200" entry2="177" type="ECrel">
        <subtype name="compound" value="37"/>
    </relation>
    <relation entry1="176" entry2="178" type="ECrel">
        <subtype name="compound" value="37"/>
    </relation>
    <relation entry1="177" entry2="178" type="ECrel">
        <subtype name="compound" value="37"/>
    </relation>
    <relation entry1="180" entry2="177" type="ECrel">
        <subtype name="compound" value="36"/>
    </relation>
    <relation entry1="179" entry2="177" type="ECrel">
        <subtype name="compound" value="36"/>
    </relation>
    <relation entry1="180" entry2="176" type="ECrel">
        <subtype name="compound" value="36"/>
    </relation>
    <relation entry1="179" entry2="180" type="ECrel">
        <subtype name="compound" value="36"/>
    </relation>
    <relation entry1="181" entry2="179" type="ECrel">
        <subtype name="compound" value="35"/>
    </relation>
    <relation entry1="192" entry2="194" type="ECrel">
        <subtype name="compound" value="42"/>
    </relation>
    <relation entry1="208" entry2="194" type="ECrel">
        <subtype name="compound" value="42"/>
    </relation>
    <relation entry1="202" entry2="178" type="ECrel">
        <subtype name="compound" value="32"/>
    </relation>
    <relation entry1="202" entry2="205" type="ECrel">
        <subtype name="compound" value="32"/>
    </relation>
    <relation entry1="221" entry2="223" type="ECrel">
        <subtype name="compound" value="18"/>
    </relation>
    <relation entry1="220" entry2="224" type="ECrel">
        <subtype name="compound" value="13"/>
    </relation>
    <relation entry1="221" entry2="218" type="ECrel">
        <subtype name="compound" value="14"/>
    </relation>
    <relation entry1="220" entry2="219" type="ECrel">
        <subtype name="compound" value="12"/>
    </relation>
    <relation entry1="218" entry2="70" type="ECrel">
        <subtype name="compound" value="48"/>
    </relation>
    <relation entry1="218" entry2="217" type="ECrel">
        <subtype name="compound" value="48"/>
    </relation>
    <relation entry1="217" entry2="70" type="ECrel">
        <subtype name="compound" value="48"/>
    </relation>
    <relation entry1="219" entry2="70" type="ECrel">
        <subtype name="compound" value="48"/>
    </relation>
    <relation entry1="219" entry2="217" type="ECrel">
        <subtype name="compound" value="48"/>
    </relation>
    <relation entry1="198" entry2="191" type="ECrel">
        <subtype name="compound" value="43"/>
    </relation>
    <relation entry1="191" entry2="195" type="ECrel">
        <subtype name="compound" value="43"/>
    </relation>
    <relation entry1="191" entry2="196" type="ECrel">
        <subtype name="compound" value="43"/>
    </relation>
    <relation entry1="191" entry2="193" type="ECrel">
        <subtype name="compound" value="43"/>
    </relation>
    <relation entry1="198" entry2="195" type="ECrel">
        <subtype name="compound" value="43"/>
    </relation>
    <relation entry1="198" entry2="196" type="ECrel">
        <subtype name="compound" value="43"/>
    </relation>
    <relation entry1="198" entry2="193" type="ECrel">
        <subtype name="compound" value="43"/>
    </relation>
    <relation entry1="195" entry2="196" type="ECrel">
        <subtype name="compound" value="43"/>
    </relation>
    <relation entry1="193" entry2="195" type="ECrel">
        <subtype name="compound" value="43"/>
    </relation>
    <relation entry1="193" entry2="196" type="ECrel">
        <subtype name="compound" value="43"/>
    </relation>
    <relation entry1="194" entry2="196" type="ECrel">
        <subtype name="compound" value="41"/>
    </relation>
    <relation entry1="200" entry2="193" type="ECrel">
        <subtype name="compound" value="30"/>
    </relation>
    <relation entry1="206" entry2="193" type="ECrel">
        <subtype name="compound" value="30"/>
    </relation>
    <relation entry1="210" entry2="193" type="ECrel">
        <subtype name="compound" value="30"/>
    </relation>
    <relation entry1="193" entry2="211" type="ECrel">
        <subtype name="compound" value="30"/>
    </relation>
    <relation entry1="193" entry2="201" type="ECrel">
        <subtype name="compound" value="30"/>
    </relation>
    <relation entry1="206" entry2="200" type="ECrel">
        <subtype name="compound" value="30"/>
    </relation>
    <relation entry1="210" entry2="200" type="ECrel">
        <subtype name="compound" value="30"/>
    </relation>
    <relation entry1="200" entry2="211" type="ECrel">
        <subtype name="compound" value="30"/>
    </relation>
    <relation entry1="200" entry2="201" type="ECrel">
        <subtype name="compound" value="30"/>
    </relation>
    <relation entry1="210" entry2="206" type="ECrel">
        <subtype name="compound" value="30"/>
    </relation>
    <relation entry1="206" entry2="211" type="ECrel">
        <subtype name="compound" value="30"/>
    </relation>
    <relation entry1="206" entry2="201" type="ECrel">
        <subtype name="compound" value="30"/>
    </relation>
    <relation entry1="210" entry2="201" type="ECrel">
        <subtype name="compound" value="30"/>
    </relation>
    <relation entry1="211" entry2="201" type="ECrel">
        <subtype name="compound" value="30"/>
    </relation>
    <relation entry1="202" entry2="201" type="ECrel">
        <subtype name="compound" value="31"/>
    </relation>
    <relation entry1="227" entry2="211" type="ECrel">
        <subtype name="compound" value="29"/>
    </relation>
    <relation entry1="203" entry2="211" type="ECrel">
        <subtype name="compound" value="29"/>
    </relation>
    <relation entry1="227" entry2="210" type="ECrel">
        <subtype name="compound" value="29"/>
    </relation>
    <relation entry1="203" entry2="227" type="ECrel">
        <subtype name="compound" value="29"/>
    </relation>
    <relation entry1="204" entry2="203" type="ECrel">
        <subtype name="compound" value="27"/>
    </relation>
    <relation entry1="226" entry2="70" type="ECrel">
        <subtype name="compound" value="46"/>
    </relation>
    <relation entry1="198" entry2="197" type="ECrel">
        <subtype name="compound" value="39"/>
    </relation>
    <relation entry1="199" entry2="197" type="ECrel">
        <subtype name="compound" value="39"/>
    </relation>
    <relation entry1="228" entry2="197" type="ECrel">
        <subtype name="compound" value="39"/>
    </relation>
    <relation entry1="198" entry2="228" type="ECrel">
        <subtype name="compound" value="39"/>
    </relation>
    <relation entry1="199" entry2="228" type="ECrel">
        <subtype name="compound" value="39"/>
    </relation>
    <relation entry1="208" entry2="197" type="ECrel">
        <subtype name="compound" value="38"/>
    </relation>
    <relation entry1="206" entry2="228" type="ECrel">
        <subtype name="compound" value="24"/>
    </relation>
    <relation entry1="228" entry2="209" type="ECrel">
        <subtype name="compound" value="24"/>
    </relation>
    <relation entry1="228" entry2="215" type="ECrel">
        <subtype name="compound" value="24"/>
    </relation>
    <relation entry1="206" entry2="209" type="ECrel">
        <subtype name="compound" value="24"/>
    </relation>
    <relation entry1="206" entry2="215" type="ECrel">
        <subtype name="compound" value="24"/>
    </relation>
    <relation entry1="215" entry2="209" type="ECrel">
        <subtype name="compound" value="24"/>
    </relation>
    <relation entry1="205" entry2="209" type="ECrel">
        <subtype name="compound" value="25"/>
    </relation>
    <relation entry1="214" entry2="215" type="ECrel">
        <subtype name="compound" value="23"/>
    </relation>
    <relation entry1="213" entry2="215" type="ECrel">
        <subtype name="compound" value="23"/>
    </relation>
    <relation entry1="213" entry2="214" type="ECrel">
        <subtype name="compound" value="23"/>
    </relation>
    <relation entry1="212" entry2="213" type="ECrel">
        <subtype name="compound" value="22"/>
    </relation>
    <relation entry1="168" entry2="59" type="maplink">
        <subtype name="compound" value="83"/>
    </relation>
    <relation entry1="171" entry2="59" type="maplink">
        <subtype name="compound" value="83"/>
    </relation>
    <relation entry1="164" entry2="59" type="maplink">
        <subtype name="compound" value="83"/>
    </relation>
    <relation entry1="187" entry2="74" type="maplink">
        <subtype name="compound" value="53"/>
    </relation>
    <relation entry1="199" entry2="74" type="maplink">
        <subtype name="compound" value="53"/>
    </relation>
    <relation entry1="191" entry2="74" type="maplink">
        <subtype name="compound" value="53"/>
    </relation>
    <relation entry1="192" entry2="74" type="maplink">
        <subtype name="compound" value="53"/>
    </relation>
    <relation entry1="69" entry2="74" type="maplink">
        <subtype name="compound" value="53"/>
    </relation>
    <relation entry1="229" entry2="74" type="maplink">
        <subtype name="compound" value="53"/>
    </relation>
    <relation entry1="179" entry2="58" type="maplink">
        <subtype name="compound" value="35"/>
    </relation>
    <relation entry1="181" entry2="58" type="maplink">
        <subtype name="compound" value="35"/>
    </relation>
    <relation entry1="192" entry2="9" type="maplink">
        <subtype name="compound" value="42"/>
    </relation>
    <relation entry1="194" entry2="9" type="maplink">
        <subtype name="compound" value="42"/>
    </relation>
    <relation entry1="178" entry2="8" type="maplink">
        <subtype name="compound" value="32"/>
    </relation>
    <relation entry1="202" entry2="8" type="maplink">
        <subtype name="compound" value="32"/>
    </relation>
    <relation entry1="203" entry2="58" type="maplink">
        <subtype name="compound" value="27"/>
    </relation>
    <relation entry1="204" entry2="58" type="maplink">
        <subtype name="compound" value="27"/>
    </relation>
    <relation entry1="213" entry2="58" type="maplink">
        <subtype name="compound" value="22"/>
    </relation>
    <relation entry1="212" entry2="58" type="maplink">
        <subtype name="compound" value="22"/>
    </relation>
    <relation entry1="72" entry2="231" type="maplink">
        <subtype name="compound" value="81"/>
    </relation>
    <relation entry1="72" entry2="169" type="maplink">
        <subtype name="compound" value="81"/>
    </relation>
    <relation entry1="231" entry2="169" type="ECrel">
        <subtype name="compound" value="81"/>
    </relation>
    <relation entry1="225" entry2="224" type="ECrel">
        <subtype name="compound" value="68"/>
    </relation>
    <relation entry1="225" entry2="223" type="ECrel">
        <subtype name="compound" value="68"/>
    </relation>
    <relation entry1="225" entry2="72" type="maplink">
        <subtype name="compound" value="68"/>
    </relation>
    <relation entry1="225" entry2="231" type="ECrel">
        <subtype name="compound" value="68"/>
    </relation>
    <relation entry1="224" entry2="72" type="maplink">
        <subtype name="compound" value="68"/>
    </relation>
    <relation entry1="224" entry2="231" type="ECrel">
        <subtype name="compound" value="68"/>
    </relation>
    <relation entry1="223" entry2="72" type="maplink">
        <subtype name="compound" value="68"/>
    </relation>
    <relation entry1="223" entry2="231" type="ECrel">
        <subtype name="compound" value="68"/>
    </relation>
    <relation entry1="72" entry2="231" type="maplink">
        <subtype name="compound" value="68"/>
    </relation>
    <relation entry1="232" entry2="168" type="ECrel">
        <subtype name="compound" value="78"/>
    </relation>
    <relation entry1="232" entry2="231" type="ECrel">
        <subtype name="compound" value="68"/>
    </relation>
    <relation entry1="232" entry2="223" type="ECrel">
        <subtype name="compound" value="68"/>
    </relation>
    <relation entry1="232" entry2="224" type="ECrel">
        <subtype name="compound" value="68"/>
    </relation>
    <relation entry1="232" entry2="225" type="ECrel">
        <subtype name="compound" value="68"/>
    </relation>
    <relation entry1="232" entry2="72" type="maplink">
        <subtype name="compound" value="68"/>
    </relation>
    <relation entry1="192" entry2="233" type="ECrel">
        <subtype name="compound" value="42"/>
    </relation>
    <relation entry1="9" entry2="233" type="maplink">
        <subtype name="compound" value="42"/>
    </relation>
    <relation entry1="196" entry2="233" type="ECrel">
        <subtype name="compound" value="41"/>
    </relation>
    <relation entry1="194" entry2="208" type="ECrel">
        <subtype name="compound" value="41"/>
    </relation>
    <relation entry1="196" entry2="208" type="ECrel">
        <subtype name="compound" value="41"/>
    </relation>
    <relation entry1="207" entry2="201" type="ECrel">
        <subtype name="compound" value="30"/>
    </relation>
    <relation entry1="207" entry2="211" type="ECrel">
        <subtype name="compound" value="30"/>
    </relation>
    <relation entry1="207" entry2="210" type="ECrel">
        <subtype name="compound" value="30"/>
    </relation>
    <relation entry1="207" entry2="193" type="ECrel">
        <subtype name="compound" value="30"/>
    </relation>
    <relation entry1="202" entry2="205" type="ECrel">
        <subtype name="compound" value="31"/>
    </relation>
    <relation entry1="234" entry2="201" type="ECrel">
        <subtype name="compound" value="31"/>
    </relation>
    <relation entry1="201" entry2="205" type="ECrel">
        <subtype name="compound" value="31"/>
    </relation>
    <relation entry1="178" entry2="234" type="ECrel">
        <subtype name="compound" value="32"/>
    </relation>
    <relation entry1="8" entry2="234" type="maplink">
        <subtype name="compound" value="32"/>
    </relation>
    <reaction id="188" name="rn:R08010" type="irreversible">
        <substrate id="50" name="cpd:C16408"/>
        <product id="51" name="cpd:C16409"/>
    </reaction>
    <reaction id="163" name="rn:R08082" type="irreversible">
        <substrate id="82" name="cpd:C09826"/>
        <product id="16" name="cpd:C10044"/>
    </reaction>
    <reaction id="170" name="rn:R08081" type="irreversible">
        <substrate id="61" name="cpd:C09827"/>
        <product id="17" name="cpd:C10028"/>
    </reaction>
    <reaction id="220" name="rn:R04342" type="irreversible">
        <substrate id="13" name="cpd:C12208"/>
        <product id="12" name="cpd:C00852"/>
    </reaction>
    <reaction id="221" name="rn:R06582" type="irreversible">
        <substrate id="18" name="cpd:C02947"/>
        <product id="14" name="cpd:C10434"/>
    </reaction>
    <reaction id="218" name="rn:R07433" type="irreversible">
        <substrate id="14" name="cpd:C10434"/>
        <product id="48" name="cpd:C00323"/>
    </reaction>
    <reaction id="223" name="rn:R02416" type="irreversible">
        <substrate id="68" name="cpd:C00223"/>
        <product id="18" name="cpd:C02947"/>
    </reaction>
    <reaction id="219" name="rn:R01945" type="irreversible">
        <substrate id="12" name="cpd:C00852"/>
        <product id="48" name="cpd:C00323"/>
    </reaction>
    <reaction id="224" name="rn:R07432" type="irreversible">
        <substrate id="68" name="cpd:C00223"/>
        <product id="13" name="cpd:C12208"/>
    </reaction>
    <reaction id="185" name="rn:R08013" type="irreversible">
        <substrate id="62" name="cpd:C06561"/>
        <product id="75" name="cpd:C16406"/>
    </reaction>
    <reaction id="202" name="rn:R06538" type="irreversible">
        <substrate id="32" name="cpd:C05903"/>
        <product id="31" name="cpd:C00389"/>
    </reaction>
    <reaction id="212" name="rn:R06543" type="irreversible">
        <substrate id="22" name="cpd:C05908"/>
        <product id="21" name="cpd:C12136"/>
    </reaction>
    <reaction id="204" name="rn:R06542" type="irreversible">
        <substrate id="27" name="cpd:C05905"/>
        <product id="26" name="cpd:C09727"/>
    </reaction>
    <reaction id="181" name="rn:R06541" type="irreversible">
        <substrate id="35" name="cpd:C05904"/>
        <product id="34" name="cpd:C12128"/>
    </reaction>
    <reaction id="213" name="rn:R05037" type="irreversible">
        <substrate id="23" name="cpd:C05909"/>
        <product id="22" name="cpd:C05908"/>
    </reaction>
    <reaction id="203" name="rn:R05036" type="irreversible">
        <substrate id="29" name="cpd:C05906"/>
        <product id="27" name="cpd:C05905"/>
    </reaction>
    <reaction id="179" name="rn:R04276" type="irreversible">
        <substrate id="36" name="cpd:C03648"/>
        <product id="35" name="cpd:C05904"/>
    </reaction>
    <reaction id="214" name="rn:R06533" type="irreversible">
        <substrate id="23" name="cpd:C05909"/>
        <product id="20" name="cpd:C12127"/>
    </reaction>
    <reaction id="227" name="rn:R06532" type="irreversible">
        <substrate id="29" name="cpd:C05906"/>
        <product id="28" name="cpd:C06562"/>
    </reaction>
    <reaction id="180" name="rn:R06615" type="irreversible">
        <substrate id="36" name="cpd:C03648"/>
        <product id="33" name="cpd:C09320"/>
    </reaction>
    <reaction id="174" name="rn:R08022" type="irreversible">
        <substrate id="56" name="cpd:C16422"/>
        <product id="54" name="cpd:C09806"/>
    </reaction>
    <reaction id="175" name="rn:R06820" type="irreversible">
        <substrate id="63" name="cpd:C09099"/>
        <product id="55" name="cpd:C09789"/>
    </reaction>
    <reaction id="210" name="rn:R05723" type="irreversible">
        <substrate id="29" name="cpd:C05906"/>
        <product id="30" name="cpd:C01617"/>
    </reaction>
    <reaction id="176" name="rn:R06540" type="irreversible">
        <substrate id="36" name="cpd:C03648"/>
        <product id="37" name="cpd:C00974"/>
    </reaction>
    <reaction id="182" name="rn:R08032" type="irreversible">
        <substrate id="84" name="cpd:C09751"/>
        <product id="64" name="cpd:C01378"/>
    </reaction>
    <reaction id="205" name="rn:R10258" type="irreversible">
        <substrate id="31" name="cpd:C00389"/>
        <product id="25" name="cpd:C10107"/>
    </reaction>
    <reaction id="206" name="rn:R03639" type="irreversible">
        <substrate id="30" name="cpd:C01617"/>
        <product id="24" name="cpd:C02906"/>
    </reaction>
    <reaction id="207" name="rn:R03124" type="irreversible">
        <substrate id="37" name="cpd:C00974"/>
        <product id="30" name="cpd:C01617"/>
    </reaction>
    <reaction id="208" name="rn:R10260" type="irreversible">
        <substrate id="41" name="cpd:C01514"/>
        <product id="38" name="cpd:C10192"/>
    </reaction>
    <reaction id="198" name="rn:R04902" type="irreversible">
        <substrate id="43" name="cpd:C05631"/>
        <product id="39" name="cpd:C05911"/>
    </reaction>
    <reaction id="199" name="rn:R02442" type="irreversible">
        <substrate id="53" name="cpd:C00509"/>
        <product id="43" name="cpd:C05631"/>
    </reaction>
    <reaction id="200" name="rn:R03124" type="irreversible">
        <substrate id="37" name="cpd:C00974"/>
        <product id="30" name="cpd:C01617"/>
    </reaction>
    <reaction id="191" name="rn:R02442" type="irreversible">
        <substrate id="53" name="cpd:C00509"/>
        <product id="43" name="cpd:C05631"/>
    </reaction>
    <reaction id="171" name="rn:R08002" type="irreversible">
        <substrate id="83" name="cpd:C09762"/>
        <product id="60" name="cpd:C09614"/>
    </reaction>
    <reaction id="228" name="rn:R05039" type="irreversible">
        <substrate id="39" name="cpd:C05911"/>
        <product id="24" name="cpd:C02906"/>
    </reaction>
    <reaction id="193" name="rn:R03640" type="irreversible">
        <substrate id="43" name="cpd:C05631"/>
        <product id="30" name="cpd:C01617"/>
    </reaction>
    <reaction id="229" name="rn:R02444" type="irreversible">
        <substrate id="53" name="cpd:C00509"/>
        <product id="37" name="cpd:C00974"/>
    </reaction>
    <reaction id="216" name="rn:R07997" type="irreversible">
        <substrate id="60" name="cpd:C09614"/>
        <product id="64" name="cpd:C01378"/>
    </reaction>
    <reaction id="164" name="rn:R07996" type="irreversible">
        <substrate id="83" name="cpd:C09762"/>
        <product id="84" name="cpd:C09751"/>
    </reaction>
    <reaction id="165" name="rn:R07993" type="irreversible">
        <substrate id="61" name="cpd:C09827"/>
        <product id="82" name="cpd:C09826"/>
    </reaction>
    <reaction id="215" name="rn:R05038" type="irreversible">
        <substrate id="24" name="cpd:C02906"/>
        <product id="23" name="cpd:C05909"/>
    </reaction>
    <reaction id="211" name="rn:R03636" type="irreversible">
        <substrate id="30" name="cpd:C01617"/>
        <product id="29" name="cpd:C05906"/>
    </reaction>
    <reaction id="177" name="rn:R03123" type="irreversible">
        <substrate id="37" name="cpd:C00974"/>
        <product id="36" name="cpd:C03648"/>
    </reaction>
    <reaction id="183" name="rn:R07999" type="irreversible">
        <substrate id="64" name="cpd:C01378"/>
        <product id="66" name="cpd:C09736"/>
    </reaction>
    <reaction id="184" name="rn:R07998" type="irreversible">
        <substrate id="84" name="cpd:C09751"/>
        <product id="79" name="cpd:C16415"/>
    </reaction>
    <reaction id="189" name="rn:R08008" type="irreversible">
        <substrate id="52" name="cpd:C16407"/>
        <product id="51" name="cpd:C16409"/>
    </reaction>
    <reaction id="190" name="rn:R08009" type="irreversible">
        <substrate id="50" name="cpd:C16408"/>
        <product id="49" name="cpd:C16410"/>
    </reaction>
    <reaction id="209" name="rn:R06539" type="irreversible">
        <substrate id="24" name="cpd:C02906"/>
        <product id="25" name="cpd:C10107"/>
    </reaction>
    <reaction id="217" name="rn:R07988" type="irreversible">
        <substrate id="48" name="cpd:C00323"/>
        <product id="47" name="cpd:C15525"/>
    </reaction>
    <reaction id="69" name="rn:R06610" type="irreversible">
        <substrate id="53" name="cpd:C00509"/>
        <product id="19" name="cpd:C12124"/>
    </reaction>
    <reaction id="192" name="rn:R02445" type="irreversible">
        <substrate id="53" name="cpd:C00509"/>
        <product id="42" name="cpd:C01477"/>
    </reaction>
    <reaction id="225" name="rn:R01613" type="irreversible">
        <substrate id="68" name="cpd:C00223"/>
        <product id="62" name="cpd:C06561"/>
    </reaction>
    <reaction id="187" name="rn:R02446" type="irreversible">
        <substrate id="62" name="cpd:C06561"/>
        <product id="53" name="cpd:C00509"/>
    </reaction>
    <reaction id="226" name="rn:R07989" type="irreversible">
        <substrate id="46" name="cpd:C00406"/>
        <product id="45" name="cpd:C16405"/>
    </reaction>
    <reaction id="70" name="rn:R01942" type="irreversible">
        <substrate id="48" name="cpd:C00323"/>
        <product id="46" name="cpd:C00406"/>
    </reaction>
    <reaction id="194" name="rn:R06537" type="irreversible">
        <substrate id="42" name="cpd:C01477"/>
        <product id="41" name="cpd:C01514"/>
    </reaction>
    <reaction id="178" name="rn:R03126" type="irreversible">
        <substrate id="37" name="cpd:C00974"/>
        <product id="32" name="cpd:C05903"/>
    </reaction>
    <reaction id="166" name="rn:R07990" type="irreversible">
        <substrate id="77" name="cpd:C16404"/>
        <product id="61" name="cpd:C09827"/>
    </reaction>
    <reaction id="195" name="rn:R04901" type="irreversible">
        <substrate id="43" name="cpd:C05631"/>
        <product id="40" name="cpd:C05907"/>
    </reaction>
    <reaction id="167" name="rn:R07995" type="irreversible">
        <substrate id="80" name="cpd:C08578"/>
        <product id="60" name="cpd:C09614"/>
    </reaction>
    <reaction id="169" name="rn:R07987" type="irreversible">
        <substrate id="81" name="cpd:C00540"/>
        <product id="77" name="cpd:C16404"/>
    </reaction>
    <reaction id="168" name="rn:R06556" type="irreversible">
        <substrate id="78" name="cpd:C08650"/>
        <product id="83" name="cpd:C09762"/>
    </reaction>
    <reaction id="196" name="rn:R03590" type="irreversible">
        <substrate id="43" name="cpd:C05631"/>
        <product id="41" name="cpd:C01514"/>
    </reaction>
    <reaction id="197" name="rn:R06551" type="irreversible">
        <substrate id="39" name="cpd:C05911"/>
        <product id="38" name="cpd:C10192"/>
    </reaction>
    <reaction id="201" name="rn:R02160" type="irreversible">
        <substrate id="30" name="cpd:C01617"/>
        <product id="31" name="cpd:C00389"/>
    </reaction>
    <reaction id="231" name="rn:R08815" type="irreversible">
        <substrate id="81" name="cpd:C00540"/>
        <product id="68" name="cpd:C00223"/>
    </reaction>
    <reaction id="232" name="rn:R06568" type="irreversible">
        <substrate id="68" name="cpd:C00223"/>
        <product id="78" name="cpd:C08650"/>
    </reaction>
    <reaction id="233" name="rn:R06537" type="irreversible">
        <substrate id="42" name="cpd:C01477"/>
        <product id="41" name="cpd:C01514"/>
    </reaction>
    <reaction id="234" name="rn:R06538" type="irreversible">
        <substrate id="32" name="cpd:C05903"/>
        <product id="31" name="cpd:C00389"/>
    </reaction>
</pathway>
