<?xml version="1.0"?>
<!DOCTYPE pathway SYSTEM "http://www.kegg.jp/kegg/xml/KGML_v0.7.2_.dtd">
<!-- Creation date: Aug 27, 2014 15:41:25 +0900 (GMT+09:00) -->
<pathway name="path:ko00510" org="ko" number="00510"
         title="N-Glycan biosynthesis"
         image="http://www.kegg.jp/kegg/pathway/ko/ko00510.png"
         link="http://www.kegg.jp/kegg-bin/show_pathway?ko00510">
    <entry id="38" name="ko:K07441" type="ortholog" reaction="rn:R05970"
        link="http://www.kegg.jp/dbget-bin/www_bget?K07441">
        <graphics name="K07441" fgcolor="#000000" bgcolor="#BFBFFF"
             type="rectangle" x="286" y="130" width="46" height="17"/>
    </entry>
    <entry id="39" name="ko:K09659" type="ortholog" reaction="rn:R01009"
        link="http://www.kegg.jp/dbget-bin/www_bget?K09659">
        <graphics name="K09659" fgcolor="#000000" bgcolor="#BFBFFF"
             type="rectangle" x="433" y="256" width="46" height="17"/>
    </entry>
    <entry id="40" name="ko:K09658" type="ortholog" reaction="rn:R01009"
        link="http://www.kegg.jp/dbget-bin/www_bget?K09658">
        <graphics name="K09658" fgcolor="#000000" bgcolor="#BFBFFF"
             type="rectangle" x="388" y="256" width="46" height="17"/>
    </entry>
    <entry id="41" name="path:ko00513" type="map"
        link="http://www.kegg.jp/dbget-bin/www_bget?ko00513">
        <graphics name="Various types of N-glycan biosynthesis" fgcolor="#000000" bgcolor="#FFFFFF"
             type="roundrectangle" x="531" y="436" width="127" height="34"/>
    </entry>
    <entry id="42" name="gl:G10596" type="compound"
        link="http://www.kegg.jp/dbget-bin/www_bget?G10596">
        <graphics name="G10596" fgcolor="#000000" bgcolor="#FFFFFF"
             type="circle" x="618" y="317" width="8" height="8"/>
    </entry>
    <entry id="43" name="ko:K03848" type="ortholog" reaction="rn:R06262"
        link="http://www.kegg.jp/dbget-bin/www_bget?K03848">
        <graphics name="K03848" fgcolor="#000000" bgcolor="#BFBFFF"
             type="rectangle" x="434" y="368" width="46" height="17"/>
    </entry>
    <entry id="44" name="ko:K03847" type="ortholog" reaction="rn:R06260"
        link="http://www.kegg.jp/dbget-bin/www_bget?K03847">
        <graphics name="K03847" fgcolor="#000000" bgcolor="#BFBFFF"
             type="rectangle" x="570" y="318" width="46" height="17"/>
    </entry>
    <entry id="45" name="ko:K03846" type="ortholog" reaction="rn:R06259"
        link="http://www.kegg.jp/dbget-bin/www_bget?K03846">
        <graphics name="K03846" fgcolor="#000000" bgcolor="#BFBFFF"
             type="rectangle" x="662" y="318" width="46" height="17"/>
    </entry>
    <entry id="46" name="ko:K03845" type="ortholog" reaction="rn:R06258"
        link="http://www.kegg.jp/dbget-bin/www_bget?K03845">
        <graphics name="K03845" fgcolor="#000000" bgcolor="#BFBFFF"
             type="rectangle" x="718" y="274" width="46" height="17"/>
    </entry>
    <entry id="47" name="gl:G00022" type="compound"
        link="http://www.kegg.jp/dbget-bin/www_bget?G00022">
        <graphics name="G00022" fgcolor="#000000" bgcolor="#FFFFFF"
             type="circle" x="434" y="685" width="8" height="8"/>
    </entry>
    <entry id="48" name="gl:G00021" type="compound"
        link="http://www.kegg.jp/dbget-bin/www_bget?G00021">
        <graphics name="G00021" fgcolor="#000000" bgcolor="#FFFFFF"
             type="circle" x="526" y="685" width="8" height="8"/>
    </entry>
    <entry id="49" name="gl:G00020" type="compound"
        link="http://www.kegg.jp/dbget-bin/www_bget?G00020">
        <graphics name="G00020" fgcolor="#000000" bgcolor="#FFFFFF"
             type="circle" x="618" y="685" width="8" height="8"/>
    </entry>
    <entry id="50" name="gl:G00019" type="compound"
        link="http://www.kegg.jp/dbget-bin/www_bget?G00019">
        <graphics name="G00019" fgcolor="#000000" bgcolor="#FFFFFF"
             type="circle" x="618" y="638" width="8" height="8"/>
    </entry>
    <entry id="51" name="gl:G00018" type="compound"
        link="http://www.kegg.jp/dbget-bin/www_bget?G00018">
        <graphics name="G00018" fgcolor="#000000" bgcolor="#FFFFFF"
             type="circle" x="434" y="731" width="8" height="8"/>
    </entry>
    <entry id="52" name="gl:G00017" type="compound"
        link="http://www.kegg.jp/dbget-bin/www_bget?G00017">
        <graphics name="G00017" fgcolor="#000000" bgcolor="#FFFFFF"
             type="circle" x="526" y="731" width="8" height="8"/>
    </entry>
    <entry id="53" name="gl:G00016" type="compound"
        link="http://www.kegg.jp/dbget-bin/www_bget?G00016">
        <graphics name="G00016" fgcolor="#000000" bgcolor="#FFFFFF"
             type="circle" x="618" y="731" width="8" height="8"/>
    </entry>
    <entry id="54" name="gl:G00015" type="compound"
        link="http://www.kegg.jp/dbget-bin/www_bget?G00015">
        <graphics name="G00015" fgcolor="#000000" bgcolor="#FFFFFF"
             type="circle" x="717" y="638" width="8" height="8"/>
    </entry>
    <entry id="55" name="gl:G00014" type="compound"
        link="http://www.kegg.jp/dbget-bin/www_bget?G00014">
        <graphics name="G00014" fgcolor="#000000" bgcolor="#FFFFFF"
             type="circle" x="717" y="571" width="8" height="8"/>
    </entry>
    <entry id="56" name="gl:G00013" type="compound"
        link="http://www.kegg.jp/dbget-bin/www_bget?G00013">
        <graphics name="G00013" fgcolor="#000000" bgcolor="#FFFFFF"
             type="circle" x="717" y="501" width="8" height="8"/>
    </entry>
    <entry id="57" name="gl:G00012" type="compound"
        link="http://www.kegg.jp/dbget-bin/www_bget?G00012">
        <graphics name="G00012" fgcolor="#000000" bgcolor="#FFFFFF"
             type="circle" x="618" y="501" width="8" height="8"/>
    </entry>
    <entry id="58" name="gl:G00011" type="compound"
        link="http://www.kegg.jp/dbget-bin/www_bget?G00011">
        <graphics name="G00011" fgcolor="#000000" bgcolor="#FFFFFF"
             type="circle" x="526" y="501" width="8" height="8"/>
    </entry>
    <entry id="59" name="gl:G00171" type="compound"
        link="http://www.kegg.jp/dbget-bin/www_bget?G00171">
        <graphics name="G00171" fgcolor="#000000" bgcolor="#FFFFFF"
             type="circle" x="343" y="501" width="8" height="8"/>
    </entry>
    <entry id="60" name="gl:G00009" type="compound"
        link="http://www.kegg.jp/dbget-bin/www_bget?G00009">
        <graphics name="G00009" fgcolor="#000000" bgcolor="#FFFFFF"
             type="circle" x="242" y="501" width="8" height="8"/>
    </entry>
    <entry id="61" name="gl:G00008" type="compound"
        link="http://www.kegg.jp/dbget-bin/www_bget?G00008">
        <graphics name="G00008" fgcolor="#000000" bgcolor="#FFFFFF"
             type="circle" x="242" y="409" width="8" height="8"/>
    </entry>
    <entry id="62" name="gl:G00007" type="compound"
        link="http://www.kegg.jp/dbget-bin/www_bget?G00007">
        <graphics name="G00007" fgcolor="#000000" bgcolor="#FFFFFF"
             type="circle" x="434" y="317" width="8" height="8"/>
    </entry>
    <entry id="63" name="gl:G00006" type="compound"
        link="http://www.kegg.jp/dbget-bin/www_bget?G00006">
        <graphics name="G00006" fgcolor="#000000" bgcolor="#FFFFFF"
             type="circle" x="717" y="226" width="8" height="8"/>
    </entry>
    <entry id="64" name="gl:G00005" type="compound"
        link="http://www.kegg.jp/dbget-bin/www_bget?G00005">
        <graphics name="G00005" fgcolor="#000000" bgcolor="#FFFFFF"
             type="circle" x="618" y="121" width="8" height="8"/>
    </entry>
    <entry id="65" name="gl:G00004" type="compound"
        link="http://www.kegg.jp/dbget-bin/www_bget?G00004">
        <graphics name="G00004" fgcolor="#000000" bgcolor="#FFFFFF"
             type="circle" x="526" y="121" width="8" height="8"/>
    </entry>
    <entry id="66" name="gl:G00003" type="compound"
        link="http://www.kegg.jp/dbget-bin/www_bget?G00003">
        <graphics name="G00003" fgcolor="#000000" bgcolor="#FFFFFF"
             type="circle" x="434" y="121" width="8" height="8"/>
    </entry>
    <entry id="67" name="gl:G00002" type="compound"
        link="http://www.kegg.jp/dbget-bin/www_bget?G00002">
        <graphics name="G00002" fgcolor="#000000" bgcolor="#FFFFFF"
             type="circle" x="343" y="121" width="8" height="8"/>
    </entry>
    <entry id="68" name="gl:G00001" type="compound"
        link="http://www.kegg.jp/dbget-bin/www_bget?G00001">
        <graphics name="G00001" fgcolor="#000000" bgcolor="#FFFFFF"
             type="circle" x="242" y="121" width="8" height="8"/>
    </entry>
    <entry id="69" name="path:ko00511" type="map"
        link="http://www.kegg.jp/dbget-bin/www_bget?ko00511">
        <graphics name="Other glycan degradation" fgcolor="#000000" bgcolor="#FFFFFF"
             type="roundrectangle" x="327" y="685" width="77" height="34"/>
    </entry>
    <entry id="70" name="ko:K00744 ko:K09661" type="ortholog" reaction="rn:R05991"
        link="http://www.kegg.jp/dbget-bin/www_bget?K00744+K09661">
        <graphics name="K00744..." fgcolor="#000000" bgcolor="#BFBFFF"
             type="rectangle" x="570" y="685" width="46" height="17"/>
    </entry>
    <entry id="71" name="path:ko00533" type="map"
        link="http://www.kegg.jp/dbget-bin/www_bget?ko00533">
        <graphics name="Glycosaminoglycan biosynthesis - keratan sulfate" fgcolor="#000000" bgcolor="#FFFFFF"
             type="roundrectangle" x="823" y="638" width="85" height="34"/>
    </entry>
    <entry id="72" name="path:ko00563" type="map"
        link="http://www.kegg.jp/dbget-bin/www_bget?ko00563">
        <graphics name="Glycosylphosphatidylinositol(GPI)-anchor biosynthesis" fgcolor="#000000" bgcolor="#FFFFFF"
             type="roundrectangle" x="620" y="182" width="123" height="45"/>
    </entry>
    <entry id="73" name="ko:K07252" type="ortholog" reaction="rn:R01004"
        link="http://www.kegg.jp/dbget-bin/www_bget?K07252">
        <graphics name="K07252" fgcolor="#000000" bgcolor="#BFBFFF"
             type="rectangle" x="160" y="409" width="46" height="17"/>
    </entry>
    <entry id="74" name="path:ko00051" type="map"
        link="http://www.kegg.jp/dbget-bin/www_bget?ko00051">
        <graphics name="Fructose and mannose metabolism" fgcolor="#000000" bgcolor="#FFFFFF"
             type="roundrectangle" x="242" y="177" width="124" height="34"/>
    </entry>
    <entry id="75" name="cpd:C03021" type="compound"
        link="http://www.kegg.jp/dbget-bin/www_bget?C03021">
        <graphics name="C03021" fgcolor="#000000" bgcolor="#FFFFFF"
             type="circle" x="283" y="431" width="8" height="8"/>
    </entry>
    <entry id="76" name="cpd:C01246" type="compound"
        link="http://www.kegg.jp/dbget-bin/www_bget?C01246">
        <graphics name="C01246" fgcolor="#000000" bgcolor="#FFFFFF"
             type="circle" x="343" y="336" width="8" height="8"/>
    </entry>
    <entry id="77" name="cpd:C03862" type="compound"
        link="http://www.kegg.jp/dbget-bin/www_bget?C03862">
        <graphics name="C03862" fgcolor="#000000" bgcolor="#FFFFFF"
             type="circle" x="618" y="247" width="8" height="8"/>
    </entry>
    <entry id="78" name="cpd:C00621" type="compound"
        link="http://www.kegg.jp/dbget-bin/www_bget?C00621">
        <graphics name="C00621" fgcolor="#000000" bgcolor="#FFFFFF"
             type="circle" x="161" y="474" width="8" height="8"/>
    </entry>
    <entry id="79" name="cpd:C00381" type="compound"
        link="http://www.kegg.jp/dbget-bin/www_bget?C00381">
        <graphics name="C00381" fgcolor="#000000" bgcolor="#FFFFFF"
             type="circle" x="48" y="335" width="8" height="8"/>
    </entry>
    <entry id="80" name="cpd:C00110" type="compound"
        link="http://www.kegg.jp/dbget-bin/www_bget?C00110">
        <graphics name="C00110" fgcolor="#000000" bgcolor="#FFFFFF"
             type="circle" x="161" y="336" width="8" height="8"/>
    </entry>
    <entry id="81" name="path:ko00510" type="map"
        link="http://www.kegg.jp/dbget-bin/www_bget?ko00510">
        <graphics name="TITLE:N-Glycan biosynthesis" fgcolor="#000000" bgcolor="#FFFFFF"
             type="roundrectangle" x="137" y="58" width="194" height="25"/>
    </entry>
    <entry id="82" name="ko:K00717" type="ortholog" reaction="rn:R05988"
        link="http://www.kegg.jp/dbget-bin/www_bget?K00717">
        <graphics name="K00717" fgcolor="#000000" bgcolor="#BFBFFF"
             type="rectangle" x="662" y="731" width="46" height="17"/>
    </entry>
    <entry id="83" name="ko:K13748" type="ortholog" reaction="rn:R05992"
        link="http://www.kegg.jp/dbget-bin/www_bget?K13748">
        <graphics name="K13748" fgcolor="#000000" bgcolor="#BFBFFF"
             type="rectangle" x="479" y="685" width="46" height="17"/>
    </entry>
    <entry id="84" name="ko:K07966 ko:K07967 ko:K07968" type="ortholog" reaction="rn:R05989"
        link="http://www.kegg.jp/dbget-bin/www_bget?K07966+K07967+K07968">
        <graphics name="K07966..." fgcolor="#000000" bgcolor="#BFBFFF"
             type="rectangle" x="570" y="732" width="46" height="17"/>
    </entry>
    <entry id="85" name="ko:K00778 ko:K00779" type="ortholog" reaction="rn:R05990"
        link="http://www.kegg.jp/dbget-bin/www_bget?K00778+K00779">
        <graphics name="K00778..." fgcolor="#000000" bgcolor="#BFBFFF"
             type="rectangle" x="479" y="732" width="46" height="17"/>
    </entry>
    <entry id="86" name="ko:K00737" type="ortholog" reaction="rn:R05986"
        link="http://www.kegg.jp/dbget-bin/www_bget?K00737">
        <graphics name="K00737" fgcolor="#000000" bgcolor="#BFBFFF"
             type="rectangle" x="662" y="640" width="46" height="17"/>
    </entry>
    <entry id="87" name="ko:K00736" type="ortholog" reaction="rn:R05985"
        link="http://www.kegg.jp/dbget-bin/www_bget?K00736">
        <graphics name="K00736" fgcolor="#000000" bgcolor="#BFBFFF"
             type="rectangle" x="718" y="603" width="46" height="17"/>
    </entry>
    <entry id="88" name="ko:K01231" type="ortholog" reaction="rn:R05984"
        link="http://www.kegg.jp/dbget-bin/www_bget?K01231">
        <graphics name="K01231" fgcolor="#000000" bgcolor="#BFBFFF"
             type="rectangle" x="718" y="533" width="46" height="17"/>
    </entry>
    <entry id="89" name="ko:K01230" type="ortholog" reaction="rn:R05982"
        link="http://www.kegg.jp/dbget-bin/www_bget?K01230">
        <graphics name="K01230" fgcolor="#000000" bgcolor="#BFBFFF"
             type="rectangle" x="570" y="501" width="46" height="17"/>
    </entry>
    <entry id="90" name="ko:K00738" type="ortholog" reaction="rn:R05987"
        link="http://www.kegg.jp/dbget-bin/www_bget?K00738">
        <graphics name="K00738" fgcolor="#000000" bgcolor="#BFBFFF"
             type="rectangle" x="662" y="685" width="46" height="17"/>
    </entry>
    <entry id="91" name="ko:K05546" type="ortholog" reaction="rn:R05980"
        link="http://www.kegg.jp/dbget-bin/www_bget?K05546">
        <graphics name="K05546" fgcolor="#000000" bgcolor="#BFBFFF"
             type="rectangle" x="388" y="501" width="46" height="17"/>
    </entry>
    <entry id="92" name="ko:K01228" type="ortholog" reaction="rn:R05979"
        link="http://www.kegg.jp/dbget-bin/www_bget?K01228">
        <graphics name="K01228" fgcolor="#000000" bgcolor="#BFBFFF"
             type="rectangle" x="286" y="501" width="46" height="17"/>
    </entry>
    <entry id="93" name="ko:K03844" type="ortholog" reaction="rn:R06128"
        link="http://www.kegg.jp/dbget-bin/www_bget?K03844">
        <graphics name="K03844" fgcolor="#000000" bgcolor="#BFBFFF"
             type="rectangle" x="718" y="190" width="46" height="17"/>
    </entry>
    <entry id="94" name="ko:K07151" type="ortholog" reaction="rn:R05976"
        link="http://www.kegg.jp/dbget-bin/www_bget?K07151">
        <graphics name="K07151" fgcolor="#000000" bgcolor="#BFBFFF"
             type="rectangle" x="219" y="455" width="46" height="17"/>
    </entry>
    <entry id="95" name="ko:K00729" type="ortholog" reaction="rn:R01005"
        link="http://www.kegg.jp/dbget-bin/www_bget?K00729">
        <graphics name="K00729" fgcolor="#000000" bgcolor="#BFBFFF"
             type="rectangle" x="252" y="346" width="46" height="17"/>
    </entry>
    <entry id="97" name="ko:K03843" type="ortholog" reaction="rn:R05973"
        link="http://www.kegg.jp/dbget-bin/www_bget?K03843">
        <graphics name="K03843" fgcolor="#000000" bgcolor="#BFBFFF"
             type="rectangle" x="479" y="122" width="46" height="17"/>
    </entry>
    <entry id="98" name="ko:K03842" type="ortholog" reaction="rn:R05972"
        link="http://www.kegg.jp/dbget-bin/www_bget?K03842">
        <graphics name="K03842" fgcolor="#000000" bgcolor="#BFBFFF"
             type="rectangle" x="388" y="122" width="46" height="17"/>
    </entry>
    <entry id="99" name="ko:K07432" type="ortholog" reaction="rn:R05970"
        link="http://www.kegg.jp/dbget-bin/www_bget?K07432">
        <graphics name="K07432" fgcolor="#000000" bgcolor="#BFBFFF"
             type="rectangle" x="286" y="113" width="46" height="17"/>
    </entry>
    <entry id="100" name="ko:K00721" type="ortholog" reaction="rn:R01009"
        link="http://www.kegg.jp/dbget-bin/www_bget?K00721">
        <graphics name="K00721" fgcolor="#000000" bgcolor="#BFBFFF"
             type="rectangle" x="413" y="239" width="46" height="17"/>
    </entry>
    <entry id="101" name="ko:K01001" type="ortholog" reaction="rn:R05969"
        link="http://www.kegg.jp/dbget-bin/www_bget?K01001">
        <graphics name="K01001" fgcolor="#000000" bgcolor="#BFBFFF"
             type="rectangle" x="194" y="122" width="46" height="17"/>
    </entry>
    <entry id="103" name="ko:K00902" type="ortholog" reaction="rn:R01018"
        link="http://www.kegg.jp/dbget-bin/www_bget?K00902">
        <graphics name="K00902" fgcolor="#000000" bgcolor="#BFBFFF"
             type="rectangle" x="96" y="327" width="46" height="17"/>
    </entry>
    <entry id="104" name="gl:G10526" type="compound"
        link="http://www.kegg.jp/dbget-bin/www_bget?G10526">
        <graphics name="G10526" fgcolor="#000000" bgcolor="#FFFFFF"
             type="circle" x="717" y="121" width="8" height="8"/>
    </entry>
    <entry id="105" name="gl:G10595" type="compound"
        link="http://www.kegg.jp/dbget-bin/www_bget?G10595">
        <graphics name="G10595" fgcolor="#000000" bgcolor="#FFFFFF"
             type="circle" x="717" y="317" width="8" height="8"/>
    </entry>
    <entry id="106" name="gl:G10597" type="compound"
        link="http://www.kegg.jp/dbget-bin/www_bget?G10597">
        <graphics name="G10597" fgcolor="#000000" bgcolor="#FFFFFF"
             type="circle" x="526" y="317" width="8" height="8"/>
    </entry>
    <entry id="107" name="gl:G10598" type="compound"
        link="http://www.kegg.jp/dbget-bin/www_bget?G10598">
        <graphics name="G10598" fgcolor="#000000" bgcolor="#FFFFFF"
             type="circle" x="434" y="409" width="8" height="8"/>
    </entry>
    <entry id="108" name="gl:G10599" type="compound"
        link="http://www.kegg.jp/dbget-bin/www_bget?G10599">
        <graphics name="G10599" fgcolor="#000000" bgcolor="#FFFFFF"
             type="circle" x="343" y="409" width="8" height="8"/>
    </entry>
    <entry id="112" name="ko:K03850" type="ortholog" reaction="rn:R06264"
        link="http://www.kegg.jp/dbget-bin/www_bget?K03850">
        <graphics name="K03850" fgcolor="#6666CC" bgcolor="#FFFFFF"
             type="line" coords="138,907,158,907"/>
    </entry>
    <entry id="113" name="ko:K03847" type="ortholog" reaction="rn:R06260"
        link="http://www.kegg.jp/dbget-bin/www_bget?K03847">
        <graphics name="K03847" fgcolor="#6666CC" bgcolor="#FFFFFF"
             type="line" coords="396,819,411,834"/>
    </entry>
    <entry id="114" name="ko:K03849" type="ortholog" reaction="rn:R06263"
        link="http://www.kegg.jp/dbget-bin/www_bget?K03849">
        <graphics name="K03849" fgcolor="#6666CC" bgcolor="#FFFFFF"
             type="line" coords="198,907,218,907"/>
    </entry>
    <entry id="115" name="ko:K03848" type="ortholog" reaction="rn:R06262"
        link="http://www.kegg.jp/dbget-bin/www_bget?K03848">
        <graphics name="K03848" fgcolor="#6666CC" bgcolor="#FFFFFF"
             type="line" coords="259,907,279,907"/>
    </entry>
    <entry id="116" name="ko:K03844" type="ortholog" reaction="rn:R06128"
        link="http://www.kegg.jp/dbget-bin/www_bget?K03844">
        <graphics name="K03844" fgcolor="#6666CC" bgcolor="#FFFFFF"
             type="line" coords="323,907,343,907"/>
    </entry>
    <entry id="117" name="ko:K03844" type="ortholog" reaction="rn:R06127"
        link="http://www.kegg.jp/dbget-bin/www_bget?K03844">
        <graphics name="K03844" fgcolor="#6666CC" bgcolor="#FFFFFF"
             type="line" coords="388,907,408,907"/>
    </entry>
    <entry id="118" name="ko:K03846" type="ortholog" reaction="rn:R06259"
        link="http://www.kegg.jp/dbget-bin/www_bget?K03846">
        <graphics name="K03846" fgcolor="#6666CC" bgcolor="#FFFFFF"
             type="line" coords="330,865,350,865"/>
    </entry>
    <entry id="119" name="ko:K03846" type="ortholog" reaction="rn:R06261"
        link="http://www.kegg.jp/dbget-bin/www_bget?K03846">
        <graphics name="K03846" fgcolor="#6666CC" bgcolor="#FFFFFF"
             type="line" coords="330,816,350,816"/>
    </entry>
    <entry id="120" name="ko:K03845" type="ortholog" reaction="rn:R06258"
        link="http://www.kegg.jp/dbget-bin/www_bget?K03845">
        <graphics name="K03845" fgcolor="#6666CC" bgcolor="#FFFFFF"
             type="line" coords="394,865,409,850"/>
    </entry>
    <entry id="121" name="ko:K03843" type="ortholog" reaction="rn:R06238"
        link="http://www.kegg.jp/dbget-bin/www_bget?K03843">
        <graphics name="K03843" fgcolor="#6666CC" bgcolor="#FFFFFF"
             type="line" coords="455,845,475,865"/>
    </entry>
    <entry id="122" name="ko:K03843" type="ortholog" reaction="rn:R05973"
        link="http://www.kegg.jp/dbget-bin/www_bget?K03843">
        <graphics name="K03843" fgcolor="#6666CC" bgcolor="#FFFFFF"
             type="line" coords="454,905,474,885"/>
    </entry>
    <entry id="123" name="ko:K03842" type="ortholog" reaction="rn:R05972"
        link="http://www.kegg.jp/dbget-bin/www_bget?K03842">
        <graphics name="K03842" fgcolor="#6666CC" bgcolor="#FFFFFF"
             type="line" coords="515,875,535,875"/>
    </entry>
    <entry id="124" name="ko:K07432 ko:K07441" type="ortholog" reaction="rn:R05970"
        link="http://www.kegg.jp/dbget-bin/www_bget?K07432+K07441">
        <graphics name="K07432..." fgcolor="#6666CC" bgcolor="#FFFFFF"
             type="line" coords="593,875,613,875"/>
    </entry>
    <entry id="125" name="ko:K01001" type="ortholog" reaction="rn:R05969"
        link="http://www.kegg.jp/dbget-bin/www_bget?K01001">
        <graphics name="K01001" fgcolor="#6666CC" bgcolor="#FFFFFF"
             type="line" coords="671,875,691,875"/>
    </entry>
    <entry id="126" name="ko:K01228" type="ortholog" reaction="rn:R05979"
        link="http://www.kegg.jp/dbget-bin/www_bget?K01228">
        <graphics name="K01228" fgcolor="#6666CC" bgcolor="#FFFFFF"
             type="line" coords="136,1050,156,1050"/>
    </entry>
    <entry id="127" name="ko:K01231" type="ortholog" reaction="rn:R05984"
        link="http://www.kegg.jp/dbget-bin/www_bget?K01231">
        <graphics name="K01231" fgcolor="#6666CC" bgcolor="#FFFFFF"
             type="line" coords="394,962,409,977"/>
    </entry>
    <entry id="128" name="ko:K05546" type="ortholog" reaction="rn:R05980"
        link="http://www.kegg.jp/dbget-bin/www_bget?K05546">
        <graphics name="K05546" fgcolor="#6666CC" bgcolor="#FFFFFF"
             type="line" coords="196,1050,216,1050"/>
    </entry>
    <entry id="129" name="ko:K05546" type="ortholog" reaction="rn:R05981"
        link="http://www.kegg.jp/dbget-bin/www_bget?K05546">
        <graphics name="K05546" fgcolor="#6666CC" bgcolor="#FFFFFF"
             type="line" coords="257,1050,277,1050"/>
    </entry>
    <entry id="130" name="ko:K01230" type="ortholog" reaction="rn:R05982"
        link="http://www.kegg.jp/dbget-bin/www_bget?K01230">
        <graphics name="K01230" fgcolor="#6666CC" bgcolor="#FFFFFF"
             type="line" coords="321,1050,341,1050"/>
    </entry>
    <entry id="131" name="ko:K01230" type="ortholog" reaction="rn:R05982"
        link="http://www.kegg.jp/dbget-bin/www_bget?K01230">
        <graphics name="K01230" fgcolor="#6666CC" bgcolor="#FFFFFF"
             type="line" coords="386,1050,406,1050"/>
    </entry>
    <entry id="132" name="ko:K01230" type="ortholog" reaction="rn:R05982"
        link="http://www.kegg.jp/dbget-bin/www_bget?K01230">
        <graphics name="K01230" fgcolor="#6666CC" bgcolor="#FFFFFF"
             type="line" coords="328,1008,348,1008"/>
    </entry>
    <entry id="133" name="ko:K01230" type="ortholog" reaction="rn:R05982"
        link="http://www.kegg.jp/dbget-bin/www_bget?K01230">
        <graphics name="K01230" fgcolor="#6666CC" bgcolor="#FFFFFF"
             type="line" coords="328,959,348,959"/>
    </entry>
    <entry id="134" name="ko:K01231" type="ortholog" reaction="rn:R05984"
        link="http://www.kegg.jp/dbget-bin/www_bget?K01231">
        <graphics name="K01231" fgcolor="#6666CC" bgcolor="#FFFFFF"
             type="line" coords="392,1008,407,993"/>
    </entry>
    <entry id="139" name="ko:K00730" type="ortholog" reaction="rn:R05976"
        link="http://www.kegg.jp/dbget-bin/www_bget?K00730">
        <graphics name="K00730" fgcolor="#6666CC" bgcolor="#FFFFFF"
             type="line" coords="669,1018,689,1018"/>
    </entry>
    <entry id="140" name="ko:K00744 ko:K09661" type="ortholog" reaction="rn:R05991"
        link="http://www.kegg.jp/dbget-bin/www_bget?K00744+K09661">
        <graphics name="K00744..." fgcolor="#6666CC" bgcolor="#FFFFFF"
             type="line" coords="298,1103,313,1118"/>
    </entry>
    <entry id="141" name="ko:K00738" type="ortholog" reaction="rn:R05987"
        link="http://www.kegg.jp/dbget-bin/www_bget?K00738">
        <graphics name="K00738" fgcolor="#6666CC" bgcolor="#FFFFFF"
             type="line" coords="298,1206,313,1221"/>
    </entry>
    <entry id="142" name="ko:K00778 ko:K00779" type="ortholog" reaction="rn:R05990"
        link="http://www.kegg.jp/dbget-bin/www_bget?K00778+K00779">
        <graphics name="K00778..." fgcolor="#6666CC" bgcolor="#FFFFFF"
             type="line" coords="159,1160,179,1160"/>
    </entry>
    <entry id="143" name="ko:K00736" type="ortholog" reaction="rn:R05985"
        link="http://www.kegg.jp/dbget-bin/www_bget?K00736">
        <graphics name="K00736" fgcolor="#6666CC" bgcolor="#FFFFFF"
             type="line" coords="297,1159,312,1144"/>
    </entry>
    <entry id="150" name="ko:K00717" type="ortholog" reaction="rn:R05988"
        link="http://www.kegg.jp/dbget-bin/www_bget?K00717">
        <graphics name="K00717" fgcolor="#6666CC" bgcolor="#FFFFFF"
             type="line" coords="504,1132,519,1147"/>
    </entry>
    <entry id="151" name="ko:K13748" type="ortholog" reaction="rn:R05992"
        link="http://www.kegg.jp/dbget-bin/www_bget?K13748">
        <graphics name="K13748" fgcolor="#6666CC" bgcolor="#FFFFFF"
             type="line" coords="290,1130,310,1130"/>
    </entry>
    <entry id="152" name="ko:K07966 ko:K07967 ko:K07968" type="ortholog" reaction="rn:R05989"
        link="http://www.kegg.jp/dbget-bin/www_bget?K07966+K07967+K07968">
        <graphics name="K07966..." fgcolor="#6666CC" bgcolor="#FFFFFF"
             type="line" coords="219,1160,239,1160"/>
    </entry>
    <entry id="153" name="ko:K00737" type="ortholog" reaction="rn:R05986"
        link="http://www.kegg.jp/dbget-bin/www_bget?K00737">
        <graphics name="K00737" fgcolor="#6666CC" bgcolor="#FFFFFF"
             type="line" coords="360,1180,380,1180"/>
    </entry>
    <entry id="154" name="ko:K00778 ko:K00779" type="ortholog" reaction="rn:R05990"
        link="http://www.kegg.jp/dbget-bin/www_bget?K00778+K00779">
        <graphics name="K00778..." fgcolor="#6666CC" bgcolor="#FFFFFF"
             type="line" coords="158,1256,178,1256"/>
    </entry>
    <entry id="155" name="ko:K07966 ko:K07967 ko:K07968" type="ortholog" reaction="rn:R05989"
        link="http://www.kegg.jp/dbget-bin/www_bget?K07966+K07967+K07968">
        <graphics name="K07966..." fgcolor="#6666CC" bgcolor="#FFFFFF"
             type="line" coords="218,1256,238,1256"/>
    </entry>
    <entry id="156" name="ko:K00726" type="ortholog" reaction="rn:R05983"
        link="http://www.kegg.jp/dbget-bin/www_bget?K00726">
        <graphics name="K00726" fgcolor="#6666CC" bgcolor="#FFFFFF"
             type="line" coords="297,1253,312,1238"/>
    </entry>
    <entry id="157" name="path:ko00900" type="map"
        link="http://www.kegg.jp/dbget-bin/www_bget?ko00900">
        <graphics name="Terpenoid backbone biosynthesis" fgcolor="#000000" bgcolor="#FFFFFF"
             type="roundrectangle" x="163" y="553" width="123" height="34"/>
    </entry>
    <entry id="158" name="ko:K12666 ko:K12667 ko:K12668 ko:K12669 ko:K12670 ko:K00730 ko:K12691" type="ortholog" reaction="rn:R05976"
        link="http://www.kegg.jp/dbget-bin/www_bget?K12666+K12667+K12668+K12669+K12670+K00730+K12691">
        <graphics name="K12666..." fgcolor="#000000" bgcolor="#BFBFFF"
             type="rectangle" x="265" y="455" width="46" height="17"/>
    </entry>
    <entry id="159" name="ko:K03843" type="ortholog" reaction="rn:R06238"
        link="http://www.kegg.jp/dbget-bin/www_bget?K03843">
        <graphics name="K03843" fgcolor="#000000" bgcolor="#BFBFFF"
             type="rectangle" x="570" y="122" width="46" height="17"/>
    </entry>
    <entry id="160" name="ko:K03844" type="ortholog" reaction="rn:R06127"
        link="http://www.kegg.jp/dbget-bin/www_bget?K03844">
        <graphics name="K03844" fgcolor="#000000" bgcolor="#BFBFFF"
             type="rectangle" x="662" y="122" width="46" height="17"/>
    </entry>
    <entry id="161" name="ko:K03846" type="ortholog" reaction="rn:R06261"
        link="http://www.kegg.jp/dbget-bin/www_bget?K03846">
        <graphics name="K03846" fgcolor="#000000" bgcolor="#BFBFFF"
             type="rectangle" x="479" y="317" width="46" height="17"/>
    </entry>
    <entry id="162" name="ko:K03849" type="ortholog" reaction="rn:R06263"
        link="http://www.kegg.jp/dbget-bin/www_bget?K03849">
        <graphics name="K03849" fgcolor="#000000" bgcolor="#BFBFFF"
             type="rectangle" x="388" y="409" width="46" height="17"/>
    </entry>
    <entry id="163" name="ko:K03850" type="ortholog" reaction="rn:R06264"
        link="http://www.kegg.jp/dbget-bin/www_bget?K03850">
        <graphics name="K03850" fgcolor="#000000" bgcolor="#BFBFFF"
             type="rectangle" x="286" y="409" width="46" height="17"/>
    </entry>
    <entry id="164" name="gl:G00010" type="compound"
        link="http://www.kegg.jp/dbget-bin/www_bget?G00010">
        <graphics name="G00010" fgcolor="#000000" bgcolor="#FFFFFF"
             type="circle" x="434" y="502" width="8" height="8"/>
    </entry>
    <entry id="166" name="ko:K05546" type="ortholog" reaction="rn:R05981"
        link="http://www.kegg.jp/dbget-bin/www_bget?K05546">
        <graphics name="K05546" fgcolor="#000000" bgcolor="#BFBFFF"
             type="rectangle" x="479" y="501" width="46" height="17"/>
    </entry>
    <entry id="167" name="ko:K00726" type="ortholog" reaction="rn:R05983"
        link="http://www.kegg.jp/dbget-bin/www_bget?K00726">
        <graphics name="K00726" fgcolor="#000000" bgcolor="#BFBFFF"
             type="rectangle" x="662" y="501" width="46" height="17"/>
    </entry>
    <entry id="168" name="path:ko00520" type="map"
        link="http://www.kegg.jp/dbget-bin/www_bget?ko00520">
        <graphics name="Amino sugar and nucleotide sugar metabolism" fgcolor="#000000" bgcolor="#FFFFFF"
             type="roundrectangle" x="85" y="170" width="95" height="45"/>
    </entry>
    <entry id="169" name="cpd:C00096" type="compound"
        link="http://www.kegg.jp/dbget-bin/www_bget?C00096">
        <graphics name="C00096" fgcolor="#000000" bgcolor="#FFFFFF"
             type="circle" x="353" y="177" width="8" height="8"/>
    </entry>
    <entry id="170" name="undefined" type="group">
        <graphics fgcolor="#000000" bgcolor="#FFFFFF"
             type="rectangle" x="410" y="247" width="91" height="34"/>
        <component id="100"/>
        <component id="39"/>
        <component id="40"/>
    </entry>
    <entry id="171" name="undefined" type="group">
        <graphics fgcolor="#000000" bgcolor="#FFFFFF"
             type="rectangle" x="242" y="455" width="92" height="17"/>
        <component id="158"/>
        <component id="94"/>
    </entry>
    <entry id="172" name="undefined" type="group">
        <graphics fgcolor="#000000" bgcolor="#FFFFFF"
             type="rectangle" x="286" y="121" width="46" height="34"/>
        <component id="38"/>
        <component id="99"/>
    </entry>
    <relation entry1="73" entry2="103" type="ECrel">
        <subtype name="compound" value="80"/>
    </relation>
    <relation entry1="95" entry2="103" type="ECrel">
        <subtype name="compound" value="80"/>
    </relation>
    <relation entry1="170" entry2="103" type="ECrel">
        <subtype name="compound" value="80"/>
    </relation>
    <relation entry1="101" entry2="103" type="ECrel">
        <subtype name="compound" value="80"/>
    </relation>
    <relation entry1="73" entry2="95" type="ECrel">
        <subtype name="compound" value="80"/>
    </relation>
    <relation entry1="73" entry2="170" type="ECrel">
        <subtype name="compound" value="80"/>
    </relation>
    <relation entry1="73" entry2="101" type="ECrel">
        <subtype name="compound" value="80"/>
    </relation>
    <relation entry1="95" entry2="170" type="ECrel">
        <subtype name="compound" value="80"/>
    </relation>
    <relation entry1="95" entry2="101" type="ECrel">
        <subtype name="compound" value="80"/>
    </relation>
    <relation entry1="170" entry2="101" type="ECrel">
        <subtype name="compound" value="80"/>
    </relation>
    <relation entry1="46" entry2="170" type="ECrel">
        <subtype name="compound" value="77"/>
    </relation>
    <relation entry1="43" entry2="95" type="ECrel">
        <subtype name="compound" value="76"/>
    </relation>
    <relation entry1="98" entry2="170" type="ECrel">
        <subtype name="compound" value="169"/>
    </relation>
    <relation entry1="73" entry2="171" type="ECrel">
        <subtype name="compound" value="78"/>
    </relation>
    <relation entry1="97" entry2="98" type="ECrel">
        <subtype name="compound" value="66"/>
    </relation>
    <relation entry1="160" entry2="159" type="ECrel">
        <subtype name="compound" value="64"/>
    </relation>
    <relation entry1="46" entry2="93" type="ECrel">
        <subtype name="compound" value="63"/>
    </relation>
    <relation entry1="44" entry2="45" type="ECrel">
        <subtype name="compound" value="42"/>
    </relation>
    <relation entry1="43" entry2="161" type="ECrel">
        <subtype name="compound" value="62"/>
    </relation>
    <relation entry1="163" entry2="171" type="ECrel">
        <subtype name="compound" value="61"/>
    </relation>
    <relation entry1="92" entry2="171" type="ECrel">
        <subtype name="compound" value="60"/>
    </relation>
    <relation entry1="91" entry2="92" type="ECrel">
        <subtype name="compound" value="59"/>
    </relation>
    <relation entry1="167" entry2="89" type="ECrel">
        <subtype name="compound" value="57"/>
    </relation>
    <relation entry1="88" entry2="167" type="ECrel">
        <subtype name="compound" value="56"/>
    </relation>
    <relation entry1="87" entry2="88" type="ECrel">
        <subtype name="compound" value="55"/>
    </relation>
    <relation entry1="86" entry2="87" type="ECrel">
        <subtype name="compound" value="54"/>
    </relation>
    <relation entry1="87" entry2="90" type="ECrel">
        <subtype name="compound" value="54"/>
    </relation>
    <relation entry1="82" entry2="87" type="ECrel">
        <subtype name="compound" value="54"/>
    </relation>
    <relation entry1="86" entry2="90" type="ECrel">
        <subtype name="compound" value="54"/>
    </relation>
    <relation entry1="82" entry2="86" type="ECrel">
        <subtype name="compound" value="54"/>
    </relation>
    <relation entry1="82" entry2="90" type="ECrel">
        <subtype name="compound" value="54"/>
    </relation>
    <relation entry1="82" entry2="84" type="ECrel">
        <subtype name="compound" value="53"/>
    </relation>
    <relation entry1="84" entry2="85" type="ECrel">
        <subtype name="compound" value="52"/>
    </relation>
    <relation entry1="70" entry2="90" type="ECrel">
        <subtype name="compound" value="49"/>
    </relation>
    <relation entry1="70" entry2="83" type="ECrel">
        <subtype name="compound" value="48"/>
    </relation>
    <relation entry1="45" entry2="46" type="ECrel">
    </relation>
    <relation entry1="44" entry2="161" type="ECrel">
    </relation>
    <relation entry1="162" entry2="43" type="ECrel">
    </relation>
    <relation entry1="163" entry2="162" type="ECrel">
    </relation>
    <relation entry1="101" entry2="172" type="ECrel">
        <subtype name="compound" value="68"/>
    </relation>
    <relation entry1="98" entry2="172" type="ECrel">
        <subtype name="compound" value="67"/>
    </relation>
    <relation entry1="170" entry2="72" type="maplink">
        <subtype name="compound" value="77"/>
    </relation>
    <relation entry1="46" entry2="72" type="maplink">
        <subtype name="compound" value="77"/>
    </relation>
    <relation entry1="170" entry2="74" type="maplink">
        <subtype name="compound" value="169"/>
    </relation>
    <relation entry1="98" entry2="74" type="maplink">
        <subtype name="compound" value="169"/>
    </relation>
    <relation entry1="89" entry2="41" type="maplink">
        <subtype name="compound" value="58"/>
    </relation>
    <relation entry1="87" entry2="71" type="maplink">
        <subtype name="compound" value="54"/>
    </relation>
    <relation entry1="86" entry2="71" type="maplink">
        <subtype name="compound" value="54"/>
    </relation>
    <relation entry1="90" entry2="71" type="maplink">
        <subtype name="compound" value="54"/>
    </relation>
    <relation entry1="82" entry2="71" type="maplink">
        <subtype name="compound" value="54"/>
    </relation>
    <relation entry1="86" entry2="69" type="maplink">
        <subtype name="compound" value="50"/>
    </relation>
    <relation entry1="85" entry2="69" type="maplink">
        <subtype name="compound" value="51"/>
    </relation>
    <relation entry1="73" entry2="157" type="maplink">
        <subtype name="compound" value="78"/>
    </relation>
    <relation entry1="171" entry2="157" type="maplink">
        <subtype name="compound" value="78"/>
    </relation>
    <relation entry1="166" entry2="89" type="ECrel">
        <subtype name="compound" value="58"/>
    </relation>
    <relation entry1="166" entry2="41" type="maplink">
        <subtype name="compound" value="58"/>
    </relation>
    <reaction id="38" name="rn:R05970" type="irreversible">
        <substrate id="68" name="gl:G00001"/>
        <product id="67" name="gl:G00002"/>
    </reaction>
    <reaction id="39" name="rn:R01009" type="irreversible">
        <substrate id="80" name="cpd:C00110"/>
        <substrate id="169" name="cpd:C00096"/>
        <product id="77" name="cpd:C03862"/>
    </reaction>
    <reaction id="40" name="rn:R01009" type="irreversible">
        <substrate id="80" name="cpd:C00110"/>
        <substrate id="169" name="cpd:C00096"/>
        <product id="77" name="cpd:C03862"/>
    </reaction>
    <reaction id="163" name="rn:R06264" type="irreversible">
        <substrate id="108" name="gl:G10599"/>
        <product id="61" name="gl:G00008"/>
    </reaction>
    <reaction id="162" name="rn:R06263" type="irreversible">
        <substrate id="107" name="gl:G10598"/>
        <product id="108" name="gl:G10599"/>
    </reaction>
    <reaction id="43" name="rn:R06262" type="irreversible">
        <substrate id="62" name="gl:G00007"/>
        <substrate id="76" name="gl:G10618"/>
        <product id="107" name="gl:G10598"/>
    </reaction>
    <reaction id="44" name="rn:R06260" type="irreversible">
        <substrate id="42" name="gl:G10596"/>
        <product id="106" name="gl:G10597"/>
    </reaction>
    <reaction id="45" name="rn:R06259" type="irreversible">
        <substrate id="105" name="gl:G10595"/>
        <product id="42" name="gl:G10596"/>
    </reaction>
    <reaction id="46" name="rn:R06258" type="irreversible">
        <substrate id="77" name="gl:G10617"/>
        <substrate id="63" name="gl:G00006"/>
        <product id="105" name="gl:G10595"/>
    </reaction>
    <reaction id="70" name="rn:R05991" type="irreversible">
        <substrate id="49" name="gl:G00020"/>
        <product id="48" name="gl:G00021"/>
    </reaction>
    <reaction id="73" name="rn:R01004" type="irreversible">
        <substrate id="78" name="cpd:C00621"/>
        <product id="80" name="cpd:C00110"/>
    </reaction>
    <reaction id="82" name="rn:R05988" type="irreversible">
        <substrate id="54" name="gl:G00015"/>
        <product id="53" name="gl:G00016"/>
    </reaction>
    <reaction id="83" name="rn:R05992" type="irreversible">
        <substrate id="48" name="gl:G00021"/>
        <product id="47" name="gl:G00022"/>
    </reaction>
    <reaction id="84" name="rn:R05989" type="irreversible">
        <substrate id="53" name="gl:G00016"/>
        <product id="52" name="gl:G00017"/>
    </reaction>
    <reaction id="85" name="rn:R05990" type="irreversible">
        <substrate id="52" name="gl:G00017"/>
        <product id="51" name="gl:G00018"/>
    </reaction>
    <reaction id="86" name="rn:R05986" type="irreversible">
        <substrate id="54" name="gl:G00015"/>
        <product id="50" name="gl:G00019"/>
    </reaction>
    <reaction id="87" name="rn:R05985" type="irreversible">
        <substrate id="55" name="gl:G00014"/>
        <product id="54" name="gl:G00015"/>
    </reaction>
    <reaction id="88" name="rn:R05984" type="irreversible">
        <substrate id="56" name="gl:G00013"/>
        <product id="55" name="gl:G00014"/>
    </reaction>
    <reaction id="167" name="rn:R05983" type="irreversible">
        <substrate id="57" name="gl:G00012"/>
        <product id="56" name="gl:G00013"/>
    </reaction>
    <reaction id="89" name="rn:R05982" type="irreversible">
        <substrate id="58" name="gl:G00011"/>
        <product id="57" name="gl:G00012"/>
    </reaction>
    <reaction id="90" name="rn:R05987" type="irreversible">
        <substrate id="54" name="gl:G00015"/>
        <product id="49" name="gl:G00020"/>
    </reaction>
    <reaction id="91" name="rn:R05980" type="irreversible">
        <substrate id="59" name="gl:G00171"/>
        <product id="164" name="gl:G00010"/>
    </reaction>
    <reaction id="92" name="rn:R05979" type="irreversible">
        <substrate id="60" name="gl:G00009"/>
        <product id="59" name="gl:G00171"/>
    </reaction>
    <reaction id="93" name="rn:R06128" type="irreversible">
        <substrate id="104" name="gl:G10526"/>
        <product id="63" name="gl:G00006"/>
    </reaction>
    <reaction id="94" name="rn:R05976" type="irreversible">
        <substrate id="61" name="gl:G00008"/>
        <substrate id="75" name="cpd:C03021"/>
        <product id="60" name="gl:G00009"/>
        <product id="78" name="cpd:C00621"/>
    </reaction>
    <reaction id="95" name="rn:R01005" type="irreversible">
        <substrate id="80" name="cpd:C00110"/>
        <product id="76" name="cpd:C01246"/>
    </reaction>
    <reaction id="161" name="rn:R06261" type="irreversible">
        <substrate id="106" name="gl:G10597"/>
        <product id="62" name="gl:G00007"/>
    </reaction>
    <reaction id="160" name="rn:R06127" type="irreversible">
        <substrate id="64" name="gl:G00005"/>
        <product id="104" name="gl:G10526"/>
    </reaction>
    <reaction id="159" name="rn:R06238" type="irreversible">
        <substrate id="65" name="gl:G00004"/>
        <product id="64" name="gl:G00005"/>
    </reaction>
    <reaction id="97" name="rn:R05973" type="irreversible">
        <substrate id="66" name="gl:G00003"/>
        <product id="65" name="gl:G00004"/>
    </reaction>
    <reaction id="98" name="rn:R05972" type="irreversible">
        <substrate id="67" name="gl:G00002"/>
        <substrate id="169" name="gl:G10614"/>
        <product id="66" name="gl:G00003"/>
    </reaction>
    <reaction id="99" name="rn:R05970" type="irreversible">
        <substrate id="68" name="gl:G00001"/>
        <product id="67" name="gl:G00002"/>
    </reaction>
    <reaction id="100" name="rn:R01009" type="irreversible">
        <substrate id="80" name="cpd:C00110"/>
        <substrate id="169" name="cpd:C00096"/>
        <product id="77" name="cpd:C03862"/>
    </reaction>
    <reaction id="101" name="rn:R05969" type="irreversible">
        <substrate id="80" name="cpd:C00110"/>
        <product id="68" name="gl:G00001"/>
    </reaction>
    <reaction id="103" name="rn:R01018" type="irreversible">
        <substrate id="79" name="cpd:C00381"/>
        <product id="80" name="cpd:C00110"/>
    </reaction>
    <reaction id="158" name="rn:R05976" type="irreversible">
        <substrate id="61" name="gl:G00008"/>
        <substrate id="75" name="cpd:C03021"/>
        <product id="60" name="gl:G00009"/>
        <product id="78" name="cpd:C00621"/>
    </reaction>
    <reaction id="166" name="rn:R05981" type="irreversible">
        <substrate id="164" name="gl:G00010"/>
        <product id="58" name="gl:G00011"/>
    </reaction>
</pathway>
