<?xml version="1.0"?>
<!DOCTYPE pathway SYSTEM "http://www.kegg.jp/kegg/xml/KGML_v0.7.2_.dtd">
<!-- Creation date: May 11, 2016 09:59:31 +0900 (GMT+9) -->
<pathway name="path:ko00980" org="ko" number="00980"
         title="Metabolism of xenobiotics by cytochrome P450"
         image="http://www.kegg.jp/kegg/pathway/ko/ko00980.png"
         link="http://www.kegg.jp/kegg-bin/show_pathway?ko00980">
    <entry id="1" name="cpd:C14039" type="compound"
        link="http://www.kegg.jp/dbget-bin/www_bget?C14039">
        <graphics name="C14039" fgcolor="#000000" bgcolor="#FFFFFF"
             type="circle" x="762" y="1103" width="8" height="8"/>
    </entry>
    <entry id="37" name="ko:K07415" type="ortholog" reaction="rn:R07107"
        link="http://www.kegg.jp/dbget-bin/www_bget?K07415">
        <graphics name="K07415" fgcolor="#000000" bgcolor="#BFBFFF"
             type="rectangle" x="392" y="1117" width="46" height="17"/>
    </entry>
    <entry id="38" name="ko:K07415" type="ortholog" reaction="rn:R07089"
        link="http://www.kegg.jp/dbget-bin/www_bget?K07415">
        <graphics name="K07415" fgcolor="#000000" bgcolor="#BFBFFF"
             type="rectangle" x="820" y="1104" width="46" height="17"/>
    </entry>
    <entry id="39" name="ko:K07415" type="ortholog" reaction="rn:R07075"
        link="http://www.kegg.jp/dbget-bin/www_bget?K07415">
        <graphics name="K07415" fgcolor="#000000" bgcolor="#BFBFFF"
             type="rectangle" x="342" y="1300" width="46" height="17"/>
    </entry>
    <entry id="40" name="ko:K07415" type="ortholog" reaction="rn:R07099"
        link="http://www.kegg.jp/dbget-bin/www_bget?K07415">
        <graphics name="K07415" fgcolor="#000000" bgcolor="#BFBFFF"
             type="rectangle" x="131" y="1122" width="46" height="17"/>
    </entry>
    <entry id="41" name="ko:K07415" type="ortholog" reaction="rn:R07066 rn:R07068"
        link="http://www.kegg.jp/dbget-bin/www_bget?K07415">
        <graphics name="K07415" fgcolor="#000000" bgcolor="#BFBFFF"
             type="rectangle" x="123" y="1346" width="46" height="17"/>
    </entry>
    <entry id="42" name="cpd:C14876" type="compound"
        link="http://www.kegg.jp/dbget-bin/www_bget?C14876">
        <graphics name="C14876" fgcolor="#000000" bgcolor="#FFFFFF"
             type="circle" x="1089" y="1406" width="8" height="8"/>
    </entry>
    <entry id="43" name="cpd:C14875" type="compound"
        link="http://www.kegg.jp/dbget-bin/www_bget?C14875">
        <graphics name="C14875" fgcolor="#000000" bgcolor="#FFFFFF"
             type="circle" x="986" y="1406" width="8" height="8"/>
    </entry>
    <entry id="44" name="cpd:C14877" type="compound"
        link="http://www.kegg.jp/dbget-bin/www_bget?C14877">
        <graphics name="C14877" fgcolor="#000000" bgcolor="#FFFFFF"
             type="circle" x="866" y="1460" width="8" height="8"/>
    </entry>
    <entry id="45" name="cpd:C14874" type="compound"
        link="http://www.kegg.jp/dbget-bin/www_bget?C14874">
        <graphics name="C14874" fgcolor="#000000" bgcolor="#FFFFFF"
             type="circle" x="866" y="1406" width="8" height="8"/>
    </entry>
    <entry id="46" name="cpd:C14873" type="compound"
        link="http://www.kegg.jp/dbget-bin/www_bget?C14873">
        <graphics name="C14873" fgcolor="#000000" bgcolor="#FFFFFF"
             type="circle" x="1087" y="1352" width="8" height="8"/>
    </entry>
    <entry id="47" name="cpd:C14872" type="compound"
        link="http://www.kegg.jp/dbget-bin/www_bget?C14872">
        <graphics name="C14872" fgcolor="#000000" bgcolor="#FFFFFF"
             type="circle" x="1087" y="1339" width="8" height="8"/>
    </entry>
    <entry id="48" name="cpd:C14871" type="compound"
        link="http://www.kegg.jp/dbget-bin/www_bget?C14871">
        <graphics name="C14871" fgcolor="#000000" bgcolor="#FFFFFF"
             type="circle" x="986" y="1345" width="8" height="8"/>
    </entry>
    <entry id="49" name="cpd:C14870" type="compound"
        link="http://www.kegg.jp/dbget-bin/www_bget?C14870">
        <graphics name="C14870" fgcolor="#000000" bgcolor="#FFFFFF"
             type="circle" x="893" y="1345" width="8" height="8"/>
    </entry>
    <entry id="50" name="cpd:C11088" type="compound"
        link="http://www.kegg.jp/dbget-bin/www_bget?C11088">
        <graphics name="C11088" fgcolor="#000000" bgcolor="#FFFFFF"
             type="circle" x="762" y="1345" width="8" height="8"/>
    </entry>
    <entry id="51" name="cpd:C14869" type="compound"
        link="http://www.kegg.jp/dbget-bin/www_bget?C14869">
        <graphics name="C14869" fgcolor="#000000" bgcolor="#FFFFFF"
             type="circle" x="497" y="1152" width="8" height="8"/>
    </entry>
    <entry id="52" name="cpd:C06899" type="compound"
        link="http://www.kegg.jp/dbget-bin/www_bget?C06899">
        <graphics name="C06899" fgcolor="#000000" bgcolor="#FFFFFF"
             type="circle" x="287" y="1111" width="8" height="8"/>
    </entry>
    <entry id="53" name="cpd:C07490" type="compound"
        link="http://www.kegg.jp/dbget-bin/www_bget?C07490">
        <graphics name="C07490" fgcolor="#000000" bgcolor="#FFFFFF"
             type="circle" x="390" y="1152" width="8" height="8"/>
    </entry>
    <entry id="54" name="cpd:C11150" type="compound"
        link="http://www.kegg.jp/dbget-bin/www_bget?C11150">
        <graphics name="C11150" fgcolor="#000000" bgcolor="#FFFFFF"
             type="circle" x="390" y="1071" width="8" height="8"/>
    </entry>
    <entry id="55" name="cpd:C11149" type="compound"
        link="http://www.kegg.jp/dbget-bin/www_bget?C11149">
        <graphics name="C11149" fgcolor="#000000" bgcolor="#FFFFFF"
             type="circle" x="390" y="1027" width="8" height="8"/>
    </entry>
    <entry id="56" name="cpd:C14867" type="compound"
        link="http://www.kegg.jp/dbget-bin/www_bget?C14867">
        <graphics name="C14867" fgcolor="#000000" bgcolor="#FFFFFF"
             type="circle" x="262" y="1027" width="8" height="8"/>
    </entry>
    <entry id="57" name="cpd:C14866" type="compound"
        link="http://www.kegg.jp/dbget-bin/www_bget?C14866">
        <graphics name="C14866" fgcolor="#000000" bgcolor="#FFFFFF"
             type="circle" x="195" y="1111" width="8" height="8"/>
    </entry>
    <entry id="58" name="cpd:C14868" type="compound"
        link="http://www.kegg.jp/dbget-bin/www_bget?C14868">
        <graphics name="C14868" fgcolor="#000000" bgcolor="#FFFFFF"
             type="circle" x="169" y="1164" width="8" height="8"/>
    </entry>
    <entry id="59" name="cpd:C14863" type="compound"
        link="http://www.kegg.jp/dbget-bin/www_bget?C14863">
        <graphics name="C14863" fgcolor="#000000" bgcolor="#FFFFFF"
             type="circle" x="1154" y="1143" width="8" height="8"/>
    </entry>
    <entry id="60" name="cpd:C14862" type="compound"
        link="http://www.kegg.jp/dbget-bin/www_bget?C14862">
        <graphics name="C14862" fgcolor="#000000" bgcolor="#FFFFFF"
             type="circle" x="1154" y="1063" width="8" height="8"/>
    </entry>
    <entry id="61" name="cpd:C14865" type="compound"
        link="http://www.kegg.jp/dbget-bin/www_bget?C14865">
        <graphics name="C14865" fgcolor="#000000" bgcolor="#FFFFFF"
             type="circle" x="1038" y="1103" width="8" height="8"/>
    </entry>
    <entry id="62" name="cpd:C14861" type="compound"
        link="http://www.kegg.jp/dbget-bin/www_bget?C14861">
        <graphics name="C14861" fgcolor="#000000" bgcolor="#FFFFFF"
             type="circle" x="999" y="1060" width="8" height="8"/>
    </entry>
    <entry id="63" name="cpd:C14864" type="compound"
        link="http://www.kegg.jp/dbget-bin/www_bget?C14864">
        <graphics name="C14864" fgcolor="#000000" bgcolor="#FFFFFF"
             type="circle" x="998" y="1147" width="8" height="8"/>
    </entry>
    <entry id="64" name="cpd:C06755" type="compound"
        link="http://www.kegg.jp/dbget-bin/www_bget?C06755">
        <graphics name="C06755" fgcolor="#000000" bgcolor="#FFFFFF"
             type="circle" x="893" y="1210" width="8" height="8"/>
    </entry>
    <entry id="65" name="cpd:C14857" type="compound"
        link="http://www.kegg.jp/dbget-bin/www_bget?C14857">
        <graphics name="C14857" fgcolor="#000000" bgcolor="#FFFFFF"
             type="circle" x="893" y="1103" width="8" height="8"/>
    </entry>
    <entry id="66" name="cpd:C14858" type="compound"
        link="http://www.kegg.jp/dbget-bin/www_bget?C14858">
        <graphics name="C14858" fgcolor="#000000" bgcolor="#FFFFFF"
             type="circle" x="893" y="1060" width="8" height="8"/>
    </entry>
    <entry id="67" name="cpd:C14860" type="compound"
        link="http://www.kegg.jp/dbget-bin/www_bget?C14860">
        <graphics name="C14860" fgcolor="#000000" bgcolor="#FFFFFF"
             type="circle" x="893" y="1012" width="8" height="8"/>
    </entry>
    <entry id="68" name="cpd:C11036" type="compound"
        link="http://www.kegg.jp/dbget-bin/www_bget?C11036">
        <graphics name="C11036" fgcolor="#000000" bgcolor="#FFFFFF"
             type="circle" x="64" y="1345" width="8" height="8"/>
    </entry>
    <entry id="69" name="cpd:C14842" type="compound"
        link="http://www.kegg.jp/dbget-bin/www_bget?C14842">
        <graphics name="C14842" fgcolor="#000000" bgcolor="#FFFFFF"
             type="circle" x="370" y="1351" width="8" height="8"/>
    </entry>
    <entry id="70" name="cpd:C14844" type="compound"
        link="http://www.kegg.jp/dbget-bin/www_bget?C14844">
        <graphics name="C14844" fgcolor="#000000" bgcolor="#FFFFFF"
             type="circle" x="370" y="1338" width="8" height="8"/>
    </entry>
    <entry id="71" name="ko:K00799 ko:K13299 ko:K04097" type="ortholog" reaction="rn:R07116"
        link="http://www.kegg.jp/dbget-bin/www_bget?K00799+K13299+K04097">
        <graphics name="K00799..." fgcolor="#000000" bgcolor="#BFBFFF"
             type="rectangle" x="935" y="1344" width="46" height="17"/>
    </entry>
    <entry id="72" name="ko:K00799 ko:K13299 ko:K04097" type="ortholog" reaction="rn:R07113"
        link="http://www.kegg.jp/dbget-bin/www_bget?K00799+K13299+K04097">
        <graphics name="K00799..." fgcolor="#000000" bgcolor="#BFBFFF"
             type="rectangle" x="809" y="1407" width="46" height="17"/>
    </entry>
    <entry id="73" name="ko:K07415" type="ortholog" reaction="rn:R07112"
        link="http://www.kegg.jp/dbget-bin/www_bget?K07415">
        <graphics name="K07415" fgcolor="#000000" bgcolor="#BFBFFF"
             type="rectangle" x="820" y="1346" width="46" height="17"/>
    </entry>
    <entry id="74" name="ko:K00699" type="ortholog" reaction="rn:R07106"
        link="http://www.kegg.jp/dbget-bin/www_bget?K00699">
        <graphics name="K00699" fgcolor="#000000" bgcolor="#BFBFFF"
             type="rectangle" x="445" y="1153" width="46" height="17"/>
    </entry>
    <entry id="75" name="ko:K00129" type="ortholog" reaction="rn:R07104"
        link="http://www.kegg.jp/dbget-bin/www_bget?K00129">
        <graphics name="K00129" fgcolor="#000000" bgcolor="#BFBFFF"
             type="rectangle" x="335" y="1074" width="46" height="17"/>
    </entry>
    <entry id="76" name="ko:K13951 ko:K13980 ko:K13952 ko:K13953 ko:K00001 ko:K00121" type="ortholog" reaction="rn:R07105"
        link="http://www.kegg.jp/dbget-bin/www_bget?K13951+K13980+K13952+K13953+K00001+K00121">
        <graphics name="K13951..." fgcolor="#000000" bgcolor="#BFBFFF"
             type="rectangle" x="335" y="1153" width="46" height="17"/>
    </entry>
    <entry id="77" name="ko:K00799 ko:K13299 ko:K04097" type="ortholog" reaction="rn:R07100"
        link="http://www.kegg.jp/dbget-bin/www_bget?K00799+K13299+K04097">
        <graphics name="K00799..." fgcolor="#000000" bgcolor="#BFBFFF"
             type="rectangle" x="111" y="1164" width="46" height="17"/>
    </entry>
    <entry id="78" name="ko:K00799 ko:K13299 ko:K04097" type="ortholog" reaction="rn:R07070"
        link="http://www.kegg.jp/dbget-bin/www_bget?K00799+K13299+K04097">
        <graphics name="K00799..." fgcolor="#000000" bgcolor="#BFBFFF"
             type="rectangle" x="245" y="1409" width="46" height="17"/>
    </entry>
    <entry id="79" name="ko:K00799 ko:K13299 ko:K04097" type="ortholog" reaction="rn:R07092"
        link="http://www.kegg.jp/dbget-bin/www_bget?K00799+K13299+K04097">
        <graphics name="K00799..." fgcolor="#000000" bgcolor="#BFBFFF"
             type="rectangle" x="948" y="1104" width="46" height="17"/>
    </entry>
    <entry id="80" name="ko:K01253" type="ortholog" reaction="rn:R07071 rn:R07072"
        link="http://www.kegg.jp/dbget-bin/www_bget?K01253">
        <graphics name="K01253" fgcolor="#000000" bgcolor="#BFBFFF"
             type="rectangle" x="290" y="1345" width="46" height="17"/>
    </entry>
    <entry id="81" name="ko:K00799 ko:K13299 ko:K04097" type="ortholog" reaction="rn:R07091"
        link="http://www.kegg.jp/dbget-bin/www_bget?K00799+K13299+K04097">
        <graphics name="K00799..." fgcolor="#000000" bgcolor="#BFBFFF"
             type="rectangle" x="948" y="1061" width="46" height="17"/>
    </entry>
    <entry id="82" name="cpd:C14845" type="compound"
        link="http://www.kegg.jp/dbget-bin/www_bget?C14845">
        <graphics name="C14845" fgcolor="#000000" bgcolor="#FFFFFF"
             type="circle" x="402" y="1299" width="8" height="8"/>
    </entry>
    <entry id="83" name="cpd:C14847" type="compound"
        link="http://www.kegg.jp/dbget-bin/www_bget?C14847">
        <graphics name="C14847" fgcolor="#000000" bgcolor="#FFFFFF"
             type="circle" x="296" y="1247" width="8" height="8"/>
    </entry>
    <entry id="84" name="cpd:C14846" type="compound"
        link="http://www.kegg.jp/dbget-bin/www_bget?C14846">
        <graphics name="C14846" fgcolor="#000000" bgcolor="#FFFFFF"
             type="circle" x="565" y="1299" width="8" height="8"/>
    </entry>
    <entry id="85" name="cpd:C14848" type="compound"
        link="http://www.kegg.jp/dbget-bin/www_bget?C14848">
        <graphics name="C14848" fgcolor="#000000" bgcolor="#FFFFFF"
             type="circle" x="296" y="1409" width="8" height="8"/>
    </entry>
    <entry id="86" name="cpd:C14843" type="compound"
        link="http://www.kegg.jp/dbget-bin/www_bget?C14843">
        <graphics name="C14843" fgcolor="#000000" bgcolor="#FFFFFF"
             type="circle" x="482" y="1299" width="8" height="8"/>
    </entry>
    <entry id="87" name="cpd:C14453" type="compound"
        link="http://www.kegg.jp/dbget-bin/www_bget?C14453">
        <graphics name="C14453" fgcolor="#000000" bgcolor="#FFFFFF"
             type="circle" x="296" y="1299" width="8" height="8"/>
    </entry>
    <entry id="88" name="cpd:C14841" type="compound"
        link="http://www.kegg.jp/dbget-bin/www_bget?C14841">
        <graphics name="C14841" fgcolor="#000000" bgcolor="#FFFFFF"
             type="circle" x="296" y="1388" width="8" height="8"/>
    </entry>
    <entry id="89" name="ko:K00799 ko:K13299 ko:K04097" type="ortholog" reaction="rn:R07093"
        link="http://www.kegg.jp/dbget-bin/www_bget?K00799+K13299+K04097">
        <graphics name="K00799..." fgcolor="#000000" bgcolor="#BFBFFF"
             type="rectangle" x="948" y="1148" width="46" height="17"/>
    </entry>
    <entry id="90" name="path:ko00980" type="map"
        link="http://www.kegg.jp/dbget-bin/www_bget?ko00980">
        <graphics name="TITLE:Metabolism of xenobiotics by cytochrome P450" fgcolor="#000000" bgcolor="#FFFFFF"
             type="roundrectangle" x="243" y="58" width="406" height="25"/>
    </entry>
    <entry id="91" name="ko:K00799 ko:K13299 ko:K04097" type="ortholog" reaction="rn:R07094"
        link="http://www.kegg.jp/dbget-bin/www_bget?K00799+K13299+K04097">
        <graphics name="K00799..." fgcolor="#000000" bgcolor="#BFBFFF"
             type="rectangle" x="1093" y="1144" width="46" height="17"/>
    </entry>
    <entry id="92" name="ko:K00799 ko:K13299 ko:K04097" type="ortholog" reaction="rn:R07069"
        link="http://www.kegg.jp/dbget-bin/www_bget?K00799+K13299+K04097">
        <graphics name="K00799..." fgcolor="#000000" bgcolor="#BFBFFF"
             type="rectangle" x="245" y="1248" width="46" height="17"/>
    </entry>
    <entry id="95" name="cpd:C14840" type="compound"
        link="http://www.kegg.jp/dbget-bin/www_bget?C14840">
        <graphics name="C14840" fgcolor="#000000" bgcolor="#FFFFFF"
             type="circle" x="196" y="1351" width="8" height="8"/>
    </entry>
    <entry id="103" name="ko:K07408 ko:K07409" type="ortholog" reaction="rn:R07022 rn:R07021"
        link="http://www.kegg.jp/dbget-bin/www_bget?K07408+K07409">
        <graphics name="K07408..." fgcolor="#000000" bgcolor="#BFBFFF"
             type="rectangle" x="820" y="865" width="46" height="17"/>
    </entry>
    <entry id="104" name="cpd:C14040" type="compound"
        link="http://www.kegg.jp/dbget-bin/www_bget?C14040">
        <graphics name="C14040" fgcolor="#000000" bgcolor="#FFFFFF"
             type="circle" x="762" y="875" width="8" height="8"/>
    </entry>
    <entry id="105" name="ko:K00799 ko:K13299 ko:K04097" type="ortholog" reaction="rn:R07024 rn:R07023"
        link="http://www.kegg.jp/dbget-bin/www_bget?K00799+K13299+K04097">
        <graphics name="K00799..." fgcolor="#000000" bgcolor="#BFBFFF"
             type="rectangle" x="942" y="943" width="46" height="17"/>
    </entry>
    <entry id="106" name="cpd:C14805" type="compound"
        link="http://www.kegg.jp/dbget-bin/www_bget?C14805">
        <graphics name="C14805" fgcolor="#000000" bgcolor="#FFFFFF"
             type="circle" x="997" y="810" width="8" height="8"/>
    </entry>
    <entry id="107" name="cpd:C14790" type="compound"
        link="http://www.kegg.jp/dbget-bin/www_bget?C14790">
        <graphics name="C14790" fgcolor="#000000" bgcolor="#FFFFFF"
             type="circle" x="954" y="759" width="8" height="8"/>
    </entry>
    <entry id="108" name="cpd:C14803" type="compound"
        link="http://www.kegg.jp/dbget-bin/www_bget?C14803">
        <graphics name="C14803" fgcolor="#000000" bgcolor="#FFFFFF"
             type="circle" x="997" y="949" width="8" height="8"/>
    </entry>
    <entry id="109" name="cpd:C14789" type="compound"
        link="http://www.kegg.jp/dbget-bin/www_bget?C14789">
        <graphics name="C14789" fgcolor="#000000" bgcolor="#FFFFFF"
             type="circle" x="858" y="759" width="8" height="8"/>
    </entry>
    <entry id="110" name="cpd:C14806" type="compound"
        link="http://www.kegg.jp/dbget-bin/www_bget?C14806">
        <graphics name="C14806" fgcolor="#000000" bgcolor="#FFFFFF"
             type="circle" x="997" y="822" width="8" height="8"/>
    </entry>
    <entry id="111" name="cpd:C14801" type="compound"
        link="http://www.kegg.jp/dbget-bin/www_bget?C14801">
        <graphics name="C14801" fgcolor="#000000" bgcolor="#FFFFFF"
             type="circle" x="1067" y="867" width="8" height="8"/>
    </entry>
    <entry id="112" name="cpd:C14804" type="compound"
        link="http://www.kegg.jp/dbget-bin/www_bget?C14804">
        <graphics name="C14804" fgcolor="#000000" bgcolor="#FFFFFF"
             type="circle" x="997" y="936" width="8" height="8"/>
    </entry>
    <entry id="113" name="cpd:C14788" type="compound"
        link="http://www.kegg.jp/dbget-bin/www_bget?C14788">
        <graphics name="C14788" fgcolor="#000000" bgcolor="#FFFFFF"
             type="circle" x="762" y="759" width="8" height="8"/>
    </entry>
    <entry id="114" name="ko:K01253" type="ortholog" reaction="rn:R07027"
        link="http://www.kegg.jp/dbget-bin/www_bget?K01253">
        <graphics name="K01253" fgcolor="#000000" bgcolor="#BFBFFF"
             type="rectangle" x="986" y="868" width="46" height="17"/>
    </entry>
    <entry id="115" name="ko:K00799 ko:K13299 ko:K04097" type="ortholog" reaction="rn:R07025 rn:R07026"
        link="http://www.kegg.jp/dbget-bin/www_bget?K00799+K13299+K04097">
        <graphics name="K00799..." fgcolor="#000000" bgcolor="#BFBFFF"
             type="rectangle" x="942" y="817" width="46" height="17"/>
    </entry>
    <entry id="116" name="cpd:C14802" type="compound"
        link="http://www.kegg.jp/dbget-bin/www_bget?C14802">
        <graphics name="C14802" fgcolor="#000000" bgcolor="#FFFFFF"
             type="circle" x="893" y="881" width="8" height="8"/>
    </entry>
    <entry id="117" name="cpd:C14800" type="compound"
        link="http://www.kegg.jp/dbget-bin/www_bget?C14800">
        <graphics name="C14800" fgcolor="#000000" bgcolor="#FFFFFF"
             type="circle" x="893" y="867" width="8" height="8"/>
    </entry>
    <entry id="118" name="cpd:C11148" type="compound"
        link="http://www.kegg.jp/dbget-bin/www_bget?C11148">
        <graphics name="C11148" fgcolor="#000000" bgcolor="#FFFFFF"
             type="circle" x="195" y="1027" width="8" height="8"/>
    </entry>
    <entry id="119" name="cpd:C14839" type="compound"
        link="http://www.kegg.jp/dbget-bin/www_bget?C14839">
        <graphics name="C14839" fgcolor="#000000" bgcolor="#FFFFFF"
             type="circle" x="196" y="1338" width="8" height="8"/>
    </entry>
    <entry id="123" name="ko:K07409" type="ortholog" reaction="rn:R09405"
        link="http://www.kegg.jp/dbget-bin/www_bget?K07409">
        <graphics name="K07409" fgcolor="#000000" bgcolor="#BFBFFF"
             type="rectangle" x="128" y="758" width="46" height="17"/>
    </entry>
    <entry id="125" name="ko:K01253" type="ortholog" reaction="rn:R09410"
        link="http://www.kegg.jp/dbget-bin/www_bget?K01253">
        <graphics name="K01253" fgcolor="#000000" bgcolor="#BFBFFF"
             type="rectangle" x="255" y="876" width="46" height="17"/>
    </entry>
    <entry id="126" name="cpd:C19588" type="compound"
        link="http://www.kegg.jp/dbget-bin/www_bget?C19588">
        <graphics name="C19588" fgcolor="#000000" bgcolor="#FFFFFF"
             type="circle" x="312" y="875" width="8" height="8"/>
    </entry>
    <entry id="128" name="ko:K17689 ko:K17690" type="ortholog" reaction="rn:R09404"
        link="http://www.kegg.jp/dbget-bin/www_bget?K17689+K17690">
        <graphics name="K17689..." fgcolor="#000000" bgcolor="#BFBFFF"
             type="rectangle" x="127" y="927" width="46" height="17"/>
    </entry>
    <entry id="130" name="ko:K07409" type="ortholog" reaction="rn:R09407"
        link="http://www.kegg.jp/dbget-bin/www_bget?K07409">
        <graphics name="K07409" fgcolor="#000000" bgcolor="#BFBFFF"
             type="rectangle" x="128" y="813" width="46" height="17"/>
    </entry>
    <entry id="133" name="ko:K17685" type="ortholog" reaction="rn:R09406"
        link="http://www.kegg.jp/dbget-bin/www_bget?K17685">
        <graphics name="K17685" fgcolor="#000000" bgcolor="#BFBFFF"
             type="rectangle" x="246" y="758" width="46" height="17"/>
    </entry>
    <entry id="134" name="cpd:C19594" type="compound"
        link="http://www.kegg.jp/dbget-bin/www_bget?C19594">
        <graphics name="C19594" fgcolor="#000000" bgcolor="#FFFFFF"
             type="circle" x="317" y="757" width="8" height="8"/>
    </entry>
    <entry id="136" name="ko:K15303" type="ortholog" reaction="rn:R09412 rn:R09413"
        link="http://www.kegg.jp/dbget-bin/www_bget?K15303">
        <graphics name="K15303" fgcolor="#000000" bgcolor="#BFBFFF"
             type="rectangle" x="438" y="876" width="46" height="17"/>
    </entry>
    <entry id="137" name="cpd:C19591" type="compound"
        link="http://www.kegg.jp/dbget-bin/www_bget?C19591">
        <graphics name="C19591" fgcolor="#000000" bgcolor="#FFFFFF"
             type="circle" x="493" y="870" width="8" height="8"/>
    </entry>
    <entry id="138" name="cpd:C19592" type="compound"
        link="http://www.kegg.jp/dbget-bin/www_bget?C19592">
        <graphics name="C19592" fgcolor="#000000" bgcolor="#FFFFFF"
             type="circle" x="493" y="882" width="8" height="8"/>
    </entry>
    <entry id="139" name="cpd:C16756" type="compound"
        link="http://www.kegg.jp/dbget-bin/www_bget?C16756">
        <graphics name="C16756" fgcolor="#000000" bgcolor="#FFFFFF"
             type="circle" x="180" y="757" width="8" height="8"/>
    </entry>
    <entry id="140" name="cpd:C19585" type="compound"
        link="http://www.kegg.jp/dbget-bin/www_bget?C19585">
        <graphics name="C19585" fgcolor="#000000" bgcolor="#FFFFFF"
             type="circle" x="180" y="926" width="8" height="8"/>
    </entry>
    <entry id="141" name="cpd:C19595" type="compound"
        link="http://www.kegg.jp/dbget-bin/www_bget?C19595">
        <graphics name="C19595" fgcolor="#000000" bgcolor="#FFFFFF"
             type="circle" x="201" y="812" width="8" height="8"/>
    </entry>
    <entry id="142" name="cpd:C19586" type="compound"
        link="http://www.kegg.jp/dbget-bin/www_bget?C19586">
        <graphics name="C19586" fgcolor="#000000" bgcolor="#FFFFFF"
             type="circle" x="201" y="875" width="8" height="8"/>
    </entry>
    <entry id="143" name="ko:K00799 ko:K13299 ko:K04097" type="ortholog" reaction="rn:R09409"
        link="http://www.kegg.jp/dbget-bin/www_bget?K00799+K13299+K04097">
        <graphics name="K00799..." fgcolor="#000000" bgcolor="#BFBFFF"
             type="rectangle" x="255" y="832" width="46" height="17"/>
    </entry>
    <entry id="144" name="cpd:C11278" type="compound"
        link="http://www.kegg.jp/dbget-bin/www_bget?C11278">
        <graphics name="C11278" fgcolor="#000000" bgcolor="#FFFFFF"
             type="circle" x="320" y="831" width="8" height="8"/>
    </entry>
    <entry id="146" name="cpd:C19590" type="compound"
        link="http://www.kegg.jp/dbget-bin/www_bget?C19590">
        <graphics name="C19590" fgcolor="#000000" bgcolor="#FFFFFF"
             type="circle" x="579" y="875" width="8" height="8"/>
    </entry>
    <entry id="147" name="ko:K15303" type="ortholog" reaction="rn:R09414 rn:R09415"
        link="http://www.kegg.jp/dbget-bin/www_bget?K15303">
        <graphics name="K15303" fgcolor="#000000" bgcolor="#BFBFFF"
             type="rectangle" x="533" y="876" width="46" height="17"/>
    </entry>
    <entry id="148" name="cpd:C19589" type="compound"
        link="http://www.kegg.jp/dbget-bin/www_bget?C19589">
        <graphics name="C19589" fgcolor="#000000" bgcolor="#FFFFFF"
             type="circle" x="393" y="875" width="8" height="8"/>
    </entry>
    <entry id="149" name="ko:K07409" type="ortholog" reaction="rn:R09408"
        link="http://www.kegg.jp/dbget-bin/www_bget?K07409">
        <graphics name="K07409" fgcolor="#000000" bgcolor="#BFBFFF"
             type="rectangle" x="103" y="865" width="46" height="17"/>
    </entry>
    <entry id="157" name="ko:K07408" type="ortholog" reaction="rn:R07085"
        link="http://www.kegg.jp/dbget-bin/www_bget?K07408">
        <graphics name="K07408" fgcolor="#000000" bgcolor="#BFBFFF"
             type="rectangle" x="433" y="165" width="46" height="17"/>
    </entry>
    <entry id="158" name="ko:K07408" type="ortholog" reaction="rn:R07087"
        link="http://www.kegg.jp/dbget-bin/www_bget?K07408">
        <graphics name="K07408" fgcolor="#000000" bgcolor="#BFBFFF"
             type="rectangle" x="376" y="115" width="46" height="17"/>
    </entry>
    <entry id="159" name="ko:K07408" type="ortholog" reaction="rn:R07079 rn:R07080 rn:R07081"
        link="http://www.kegg.jp/dbget-bin/www_bget?K07408">
        <graphics name="K07408" fgcolor="#000000" bgcolor="#BFBFFF"
             type="rectangle" x="115" y="165" width="46" height="17"/>
    </entry>
    <entry id="160" name="cpd:C14853" type="compound"
        link="http://www.kegg.jp/dbget-bin/www_bget?C14853">
        <graphics name="C14853" fgcolor="#000000" bgcolor="#FFFFFF"
             type="circle" x="549" y="175" width="8" height="8"/>
    </entry>
    <entry id="161" name="cpd:C14854" type="compound"
        link="http://www.kegg.jp/dbget-bin/www_bget?C14854">
        <graphics name="C14854" fgcolor="#000000" bgcolor="#FFFFFF"
             type="circle" x="484" y="125" width="8" height="8"/>
    </entry>
    <entry id="162" name="cpd:C14856" type="compound"
        link="http://www.kegg.jp/dbget-bin/www_bget?C14856">
        <graphics name="C14856" fgcolor="#000000" bgcolor="#FFFFFF"
             type="circle" x="372" y="240" width="8" height="8"/>
    </entry>
    <entry id="163" name="cpd:C14855" type="compound"
        link="http://www.kegg.jp/dbget-bin/www_bget?C14855">
        <graphics name="C14855" fgcolor="#000000" bgcolor="#FFFFFF"
             type="circle" x="321" y="240" width="8" height="8"/>
    </entry>
    <entry id="164" name="cpd:C14852" type="compound"
        link="http://www.kegg.jp/dbget-bin/www_bget?C14852">
        <graphics name="C14852" fgcolor="#000000" bgcolor="#FFFFFF"
             type="circle" x="372" y="175" width="8" height="8"/>
    </entry>
    <entry id="165" name="cpd:C07535" type="compound"
        link="http://www.kegg.jp/dbget-bin/www_bget?C07535">
        <graphics name="C07535" fgcolor="#000000" bgcolor="#FFFFFF"
             type="circle" x="64" y="175" width="8" height="8"/>
    </entry>
    <entry id="166" name="cpd:C14851" type="compound"
        link="http://www.kegg.jp/dbget-bin/www_bget?C14851">
        <graphics name="C14851" fgcolor="#000000" bgcolor="#FFFFFF"
             type="circle" x="220" y="189" width="8" height="8"/>
    </entry>
    <entry id="167" name="cpd:C14850" type="compound"
        link="http://www.kegg.jp/dbget-bin/www_bget?C14850">
        <graphics name="C14850" fgcolor="#000000" bgcolor="#FFFFFF"
             type="circle" x="220" y="175" width="8" height="8"/>
    </entry>
    <entry id="168" name="cpd:C14849" type="compound"
        link="http://www.kegg.jp/dbget-bin/www_bget?C14849">
        <graphics name="C14849" fgcolor="#000000" bgcolor="#FFFFFF"
             type="circle" x="220" y="161" width="8" height="8"/>
    </entry>
    <entry id="169" name="cpd:C14556" type="compound"
        link="http://www.kegg.jp/dbget-bin/www_bget?C14556">
        <graphics name="C14556" fgcolor="#000000" bgcolor="#FFFFFF"
             type="circle" x="321" y="125" width="8" height="8"/>
    </entry>
    <entry id="170" name="ko:K00799 ko:K13299 ko:K04097" type="ortholog" reaction="rn:R07084"
        link="http://www.kegg.jp/dbget-bin/www_bget?K00799+K13299+K04097">
        <graphics name="K00799..." fgcolor="#000000" bgcolor="#BFBFFF"
             type="rectangle" x="373" y="203" width="46" height="17"/>
    </entry>
    <entry id="171" name="ko:K00799 ko:K13299 ko:K04097" type="ortholog" reaction="rn:R07083"
        link="http://www.kegg.jp/dbget-bin/www_bget?K00799+K13299+K04097">
        <graphics name="K00799..." fgcolor="#000000" bgcolor="#BFBFFF"
             type="rectangle" x="267" y="241" width="46" height="17"/>
    </entry>
    <entry id="172" name="ko:K01253" type="ortholog" reaction="rn:R07082"
        link="http://www.kegg.jp/dbget-bin/www_bget?K01253">
        <graphics name="K01253" fgcolor="#000000" bgcolor="#BFBFFF"
             type="rectangle" x="316" y="176" width="46" height="17"/>
    </entry>
    <entry id="176" name="ko:K07410" type="ortholog" reaction="rn:R09416"
        link="http://www.kegg.jp/dbget-bin/www_bget?K07410">
        <graphics name="K07410" fgcolor="#000000" bgcolor="#BFBFFF"
             type="rectangle" x="808" y="123" width="46" height="17"/>
    </entry>
    <entry id="177" name="cpd:C19604" type="compound"
        link="http://www.kegg.jp/dbget-bin/www_bget?C19604">
        <graphics name="C19604" fgcolor="#000000" bgcolor="#FFFFFF"
             type="circle" x="866" y="235" width="8" height="8"/>
    </entry>
    <entry id="179" name="ko:K01253" type="ortholog" reaction="rn:R09417"
        link="http://www.kegg.jp/dbget-bin/www_bget?K01253">
        <graphics name="K01253" fgcolor="#000000" bgcolor="#BFBFFF"
             type="rectangle" x="914" y="123" width="46" height="17"/>
    </entry>
    <entry id="182" name="ko:K11822" type="ortholog" reaction="rn:R09444"
        link="http://www.kegg.jp/dbget-bin/www_bget?K11822">
        <graphics name="K11822" fgcolor="#000000" bgcolor="#BFBFFF"
             type="rectangle" x="964" y="176" width="46" height="17"/>
    </entry>
    <entry id="183" name="cpd:C19561" type="compound"
        link="http://www.kegg.jp/dbget-bin/www_bget?C19561">
        <graphics name="C19561" fgcolor="#000000" bgcolor="#FFFFFF"
             type="circle" x="900" y="175" width="8" height="8"/>
    </entry>
    <entry id="184" name="cpd:C19489" type="compound"
        link="http://www.kegg.jp/dbget-bin/www_bget?C19489">
        <graphics name="C19489" fgcolor="#000000" bgcolor="#FFFFFF"
             type="circle" x="866" y="122" width="8" height="8"/>
    </entry>
    <entry id="185" name="cpd:C19490" type="compound"
        link="http://www.kegg.jp/dbget-bin/www_bget?C19490">
        <graphics name="C19490" fgcolor="#000000" bgcolor="#FFFFFF"
             type="circle" x="980" y="122" width="8" height="8"/>
    </entry>
    <entry id="186" name="cpd:C19559" type="compound"
        link="http://www.kegg.jp/dbget-bin/www_bget?C19559">
        <graphics name="C19559" fgcolor="#000000" bgcolor="#FFFFFF"
             type="circle" x="1094" y="122" width="8" height="8"/>
    </entry>
    <entry id="187" name="cpd:C19562" type="compound"
        link="http://www.kegg.jp/dbget-bin/www_bget?C19562">
        <graphics name="C19562" fgcolor="#000000" bgcolor="#FFFFFF"
             type="circle" x="1038" y="175" width="8" height="8"/>
    </entry>
    <entry id="188" name="cpd:C19488" type="compound"
        link="http://www.kegg.jp/dbget-bin/www_bget?C19488">
        <graphics name="C19488" fgcolor="#000000" bgcolor="#FFFFFF"
             type="circle" x="762" y="175" width="8" height="8"/>
    </entry>
    <entry id="190" name="ko:K01253" type="ortholog" reaction="rn:R09443"
        link="http://www.kegg.jp/dbget-bin/www_bget?K01253">
        <graphics name="K01253" fgcolor="#000000" bgcolor="#BFBFFF"
             type="rectangle" x="914" y="236" width="46" height="17"/>
    </entry>
    <entry id="191" name="cpd:C19607" type="compound"
        link="http://www.kegg.jp/dbget-bin/www_bget?C19607">
        <graphics name="C19607" fgcolor="#000000" bgcolor="#FFFFFF"
             type="circle" x="980" y="235" width="8" height="8"/>
    </entry>
    <entry id="192" name="ko:K17709" type="ortholog" reaction="rn:R09441"
        link="http://www.kegg.jp/dbget-bin/www_bget?K17709">
        <graphics name="K17709" fgcolor="#000000" bgcolor="#BFBFFF"
             type="rectangle" x="808" y="176" width="46" height="17"/>
    </entry>
    <entry id="193" name="ko:K07408 ko:K07410" type="ortholog" reaction="rn:R09442"
        link="http://www.kegg.jp/dbget-bin/www_bget?K07408+K07410">
        <graphics name="K07408..." fgcolor="#000000" bgcolor="#BFBFFF"
             type="rectangle" x="808" y="235" width="46" height="17"/>
    </entry>
    <entry id="194" name="ko:K07408 ko:K07410" type="ortholog" reaction="rn:R09418"
        link="http://www.kegg.jp/dbget-bin/www_bget?K07408+K07410">
        <graphics name="K07408..." fgcolor="#000000" bgcolor="#BFBFFF"
             type="rectangle" x="1033" y="122" width="46" height="17"/>
    </entry>
    <entry id="209" name="cpd:C14784" type="compound"
        link="http://www.kegg.jp/dbget-bin/www_bget?C14784">
        <graphics name="C14784" fgcolor="#000000" bgcolor="#FFFFFF"
             type="circle" x="394" y="586" width="8" height="8"/>
    </entry>
    <entry id="210" name="cpd:C06205" type="compound"
        link="http://www.kegg.jp/dbget-bin/www_bget?C06205">
        <graphics name="C06205" fgcolor="#000000" bgcolor="#FFFFFF"
             type="circle" x="394" y="528" width="8" height="8"/>
    </entry>
    <entry id="211" name="cpd:C14798" type="compound"
        link="http://www.kegg.jp/dbget-bin/www_bget?C14798">
        <graphics name="C14798" fgcolor="#000000" bgcolor="#FFFFFF"
             type="circle" x="431" y="624" width="8" height="8"/>
    </entry>
    <entry id="212" name="cpd:C14797" type="compound"
        link="http://www.kegg.jp/dbget-bin/www_bget?C14797">
        <graphics name="C14797" fgcolor="#000000" bgcolor="#FFFFFF"
             type="circle" x="431" y="636" width="8" height="8"/>
    </entry>
    <entry id="213" name="cpd:C03012" type="compound"
        link="http://www.kegg.jp/dbget-bin/www_bget?C03012">
        <graphics name="C03012" fgcolor="#000000" bgcolor="#FFFFFF"
             type="circle" x="491" y="528" width="8" height="8"/>
    </entry>
    <entry id="214" name="cpd:C11713" type="compound"
        link="http://www.kegg.jp/dbget-bin/www_bget?C11713">
        <graphics name="C11713" fgcolor="#000000" bgcolor="#FFFFFF"
             type="circle" x="354" y="464" width="8" height="8"/>
    </entry>
    <entry id="215" name="cpd:C14783" type="compound"
        link="http://www.kegg.jp/dbget-bin/www_bget?C14783">
        <graphics name="C14783" fgcolor="#000000" bgcolor="#FFFFFF"
             type="circle" x="589" y="528" width="8" height="8"/>
    </entry>
    <entry id="216" name="cpd:C14799" type="compound"
        link="http://www.kegg.jp/dbget-bin/www_bget?C14799">
        <graphics name="C14799" fgcolor="#000000" bgcolor="#FFFFFF"
             type="circle" x="431" y="675" width="8" height="8"/>
    </entry>
    <entry id="217" name="cpd:C14793" type="compound"
        link="http://www.kegg.jp/dbget-bin/www_bget?C14793">
        <graphics name="C14793" fgcolor="#000000" bgcolor="#FFFFFF"
             type="circle" x="324" y="636" width="8" height="8"/>
    </entry>
    <entry id="218" name="cpd:C14792" type="compound"
        link="http://www.kegg.jp/dbget-bin/www_bget?C14792">
        <graphics name="C14792" fgcolor="#000000" bgcolor="#FFFFFF"
             type="circle" x="324" y="624" width="8" height="8"/>
    </entry>
    <entry id="219" name="cpd:C00829" type="compound"
        link="http://www.kegg.jp/dbget-bin/www_bget?C00829">
        <graphics name="C00829" fgcolor="#000000" bgcolor="#FFFFFF"
             type="circle" x="64" y="529" width="8" height="8"/>
    </entry>
    <entry id="220" name="cpd:C02617" type="compound"
        link="http://www.kegg.jp/dbget-bin/www_bget?C02617">
        <graphics name="C02617" fgcolor="#000000" bgcolor="#FFFFFF"
             type="circle" x="589" y="418" width="8" height="8"/>
    </entry>
    <entry id="221" name="ko:K01253" type="ortholog" reaction="rn:R07013 rn:R07014"
        link="http://www.kegg.jp/dbget-bin/www_bget?K01253">
        <graphics name="K01253" fgcolor="#000000" bgcolor="#BFBFFF"
             type="rectangle" x="313" y="529" width="46" height="17"/>
    </entry>
    <entry id="222" name="ko:K00799 ko:K13299 ko:K04097" type="ortholog" reaction="rn:R07004 rn:R07003"
        link="http://www.kegg.jp/dbget-bin/www_bget?K00799+K13299+K04097">
        <graphics name="K00799..." fgcolor="#000000" bgcolor="#BFBFFF"
             type="rectangle" x="270" y="629" width="46" height="17"/>
    </entry>
    <entry id="223" name="ko:K00799 ko:K13299 ko:K04097" type="ortholog" reaction="rn:R07002"
        link="http://www.kegg.jp/dbget-bin/www_bget?K00799+K13299+K04097">
        <graphics name="K00799..." fgcolor="#000000" bgcolor="#BFBFFF"
             type="rectangle" x="269" y="381" width="46" height="17"/>
    </entry>
    <entry id="224" name="cpd:C14791" type="compound"
        link="http://www.kegg.jp/dbget-bin/www_bget?C14791">
        <graphics name="C14791" fgcolor="#000000" bgcolor="#FFFFFF"
             type="circle" x="323" y="380" width="8" height="8"/>
    </entry>
    <entry id="225" name="cpd:C14796" type="compound"
        link="http://www.kegg.jp/dbget-bin/www_bget?C14796">
        <graphics name="C14796" fgcolor="#000000" bgcolor="#FFFFFF"
             type="circle" x="430" y="380" width="8" height="8"/>
    </entry>
    <entry id="226" name="cpd:C11714" type="compound"
        link="http://www.kegg.jp/dbget-bin/www_bget?C11714">
        <graphics name="C11714" fgcolor="#000000" bgcolor="#FFFFFF"
             type="circle" x="354" y="418" width="8" height="8"/>
    </entry>
    <entry id="227" name="cpd:C14785" type="compound"
        link="http://www.kegg.jp/dbget-bin/www_bget?C14785">
        <graphics name="C14785" fgcolor="#000000" bgcolor="#FFFFFF"
             type="circle" x="491" y="418" width="8" height="8"/>
    </entry>
    <entry id="228" name="ko:K00212 ko:K00078" type="ortholog" reaction="rn:R07015"
        link="http://www.kegg.jp/dbget-bin/www_bget?K00212+K00078">
        <graphics name="K00212..." fgcolor="#000000" bgcolor="#BFBFFF"
             type="rectangle" x="439" y="529" width="46" height="17"/>
    </entry>
    <entry id="229" name="ko:K07408 ko:K07409" type="ortholog" reaction="rn:R07000 rn:R07001"
        link="http://www.kegg.jp/dbget-bin/www_bget?K07408+K07409">
        <graphics name="K07408..." fgcolor="#000000" bgcolor="#BFBFFF"
             type="rectangle" x="139" y="510" width="46" height="17"/>
    </entry>
    <entry id="233" name="cpd:C14787" type="compound"
        link="http://www.kegg.jp/dbget-bin/www_bget?C14787">
        <graphics name="C14787" fgcolor="#000000" bgcolor="#FFFFFF"
             type="circle" x="220" y="535" width="8" height="8"/>
    </entry>
    <entry id="234" name="cpd:C14786" type="compound"
        link="http://www.kegg.jp/dbget-bin/www_bget?C14786">
        <graphics name="C14786" fgcolor="#000000" bgcolor="#FFFFFF"
             type="circle" x="220" y="521" width="8" height="8"/>
    </entry>
    <entry id="237" name="cpd:C16453" type="compound"
        link="http://www.kegg.jp/dbget-bin/www_bget?C16453">
        <graphics name="C16453" fgcolor="#000000" bgcolor="#FFFFFF"
             type="circle" x="762" y="432" width="8" height="8"/>
    </entry>
    <entry id="239" name="cpd:C19566" type="compound"
        link="http://www.kegg.jp/dbget-bin/www_bget?C19566">
        <graphics name="C19566" fgcolor="#000000" bgcolor="#FFFFFF"
             type="circle" x="922" y="432" width="8" height="8"/>
    </entry>
    <entry id="240" name="cpd:C19567" type="compound"
        link="http://www.kegg.jp/dbget-bin/www_bget?C19567">
        <graphics name="C19567" fgcolor="#000000" bgcolor="#FFFFFF"
             type="circle" x="1041" y="432" width="8" height="8"/>
    </entry>
    <entry id="241" name="cpd:C19568" type="compound"
        link="http://www.kegg.jp/dbget-bin/www_bget?C19568">
        <graphics name="C19568" fgcolor="#000000" bgcolor="#FFFFFF"
             type="circle" x="998" y="475" width="8" height="8"/>
    </entry>
    <entry id="243" name="cpd:C19563" type="compound"
        link="http://www.kegg.jp/dbget-bin/www_bget?C19563">
        <graphics name="C19563" fgcolor="#000000" bgcolor="#FFFFFF"
             type="circle" x="925" y="344" width="8" height="8"/>
    </entry>
    <entry id="245" name="cpd:C19564" type="compound"
        link="http://www.kegg.jp/dbget-bin/www_bget?C19564">
        <graphics name="C19564" fgcolor="#000000" bgcolor="#FFFFFF"
             type="circle" x="1041" y="344" width="8" height="8"/>
    </entry>
    <entry id="247" name="cpd:C19565" type="compound"
        link="http://www.kegg.jp/dbget-bin/www_bget?C19565">
        <graphics name="C19565" fgcolor="#000000" bgcolor="#FFFFFF"
             type="circle" x="1154" y="344" width="8" height="8"/>
    </entry>
    <entry id="249" name="cpd:C19569" type="compound"
        link="http://www.kegg.jp/dbget-bin/www_bget?C19569">
        <graphics name="C19569" fgcolor="#000000" bgcolor="#FFFFFF"
             type="circle" x="1154" y="432" width="8" height="8"/>
    </entry>
    <entry id="252" name="ko:K15680" type="ortholog" reaction="rn:R09420"
        link="http://www.kegg.jp/dbget-bin/www_bget?K15680">
        <graphics name="K15680" fgcolor="#000000" bgcolor="#BFBFFF"
             type="rectangle" x="787" y="464" width="46" height="17"/>
    </entry>
    <entry id="253" name="cpd:C19574" type="compound"
        link="http://www.kegg.jp/dbget-bin/www_bget?C19574">
        <graphics name="C19574" fgcolor="#000000" bgcolor="#FFFFFF"
             type="circle" x="762" y="519" width="8" height="8"/>
    </entry>
    <entry id="255" name="cpd:C19577" type="compound"
        link="http://www.kegg.jp/dbget-bin/www_bget?C19577">
        <graphics name="C19577" fgcolor="#000000" bgcolor="#FFFFFF"
             type="circle" x="921" y="519" width="8" height="8"/>
    </entry>
    <entry id="258" name="cpd:C19578" type="compound"
        link="http://www.kegg.jp/dbget-bin/www_bget?C19578">
        <graphics name="C19578" fgcolor="#000000" bgcolor="#FFFFFF"
             type="circle" x="1041" y="519" width="8" height="8"/>
    </entry>
    <entry id="260" name="cpd:C19580" type="compound"
        link="http://www.kegg.jp/dbget-bin/www_bget?C19580">
        <graphics name="C19580" fgcolor="#000000" bgcolor="#FFFFFF"
             type="circle" x="921" y="606" width="8" height="8"/>
    </entry>
    <entry id="262" name="cpd:C19581" type="compound"
        link="http://www.kegg.jp/dbget-bin/www_bget?C19581">
        <graphics name="C19581" fgcolor="#000000" bgcolor="#FFFFFF"
             type="circle" x="1041" y="606" width="8" height="8"/>
    </entry>
    <entry id="264" name="cpd:C19582" type="compound"
        link="http://www.kegg.jp/dbget-bin/www_bget?C19582">
        <graphics name="C19582" fgcolor="#000000" bgcolor="#FFFFFF"
             type="circle" x="1154" y="606" width="8" height="8"/>
    </entry>
    <entry id="266" name="cpd:C19579" type="compound"
        link="http://www.kegg.jp/dbget-bin/www_bget?C19579">
        <graphics name="C19579" fgcolor="#000000" bgcolor="#FFFFFF"
             type="circle" x="1154" y="519" width="8" height="8"/>
    </entry>
    <entry id="268" name="ko:K00212" type="ortholog" reaction="rn:R09420"
        link="http://www.kegg.jp/dbget-bin/www_bget?K00212">
        <graphics name="K00212" fgcolor="#000000" bgcolor="#BFBFFF"
             type="rectangle" x="737" y="464" width="46" height="17"/>
    </entry>
    <entry id="269" name="ko:K00079 ko:K00081 ko:K00084" type="ortholog" reaction="rn:R09420"
        link="http://www.kegg.jp/dbget-bin/www_bget?K00079+K00081+K00084">
        <graphics name="K00079..." fgcolor="#000000" bgcolor="#BFBFFF"
             type="rectangle" x="762" y="483" width="46" height="17"/>
    </entry>
    <entry id="271" name="cpd:C00745" type="compound"
        link="http://www.kegg.jp/dbget-bin/www_bget?C00745">
        <graphics name="C00745" fgcolor="#000000" bgcolor="#FFFFFF"
             type="circle" x="762" y="330" width="8" height="8"/>
    </entry>
    <entry id="273" name="cpd:C19602" type="compound"
        link="http://www.kegg.jp/dbget-bin/www_bget?C19602">
        <graphics name="C19602" fgcolor="#000000" bgcolor="#FFFFFF"
             type="circle" x="868" y="383" width="8" height="8"/>
    </entry>
    <entry id="275" name="cpd:C19603" type="compound"
        link="http://www.kegg.jp/dbget-bin/www_bget?C19603">
        <graphics name="C19603" fgcolor="#000000" bgcolor="#FFFFFF"
             type="circle" x="868" y="568" width="8" height="8"/>
    </entry>
    <entry id="277" name="cpd:C19605" type="compound"
        link="http://www.kegg.jp/dbget-bin/www_bget?C19605">
        <graphics name="C19605" fgcolor="#000000" bgcolor="#FFFFFF"
             type="circle" x="860" y="660" width="8" height="8"/>
    </entry>
    <entry id="278" name="ko:K00699" type="ortholog" reaction="rn:R09426 rn:R09427"
        link="http://www.kegg.jp/dbget-bin/www_bget?K00699">
        <graphics name="K00699" fgcolor="#000000" bgcolor="#BFBFFF"
             type="rectangle" x="805" y="668" width="46" height="17"/>
    </entry>
    <entry id="279" name="cpd:C19606" type="compound"
        link="http://www.kegg.jp/dbget-bin/www_bget?C19606">
        <graphics name="C19606" fgcolor="#000000" bgcolor="#FFFFFF"
             type="circle" x="860" y="673" width="8" height="8"/>
    </entry>
    <entry id="280" name="ko:K17683" type="ortholog" reaction="rn:R09421"
        link="http://www.kegg.jp/dbget-bin/www_bget?K17683">
        <graphics name="K17683" fgcolor="#000000" bgcolor="#BFBFFF"
             type="rectangle" x="801" y="334" width="46" height="17"/>
    </entry>
    <entry id="281" name="ko:K07408" type="ortholog" reaction="rn:R09423"
        link="http://www.kegg.jp/dbget-bin/www_bget?K07408">
        <graphics name="K07408" fgcolor="#000000" bgcolor="#BFBFFF"
             type="rectangle" x="800" y="422" width="46" height="17"/>
    </entry>
    <entry id="282" name="ko:K17683" type="ortholog" reaction="rn:R09424"
        link="http://www.kegg.jp/dbget-bin/www_bget?K17683">
        <graphics name="K17683" fgcolor="#000000" bgcolor="#BFBFFF"
             type="rectangle" x="825" y="509" width="46" height="17"/>
    </entry>
    <entry id="283" name="ko:K17683" type="ortholog" reaction="rn:R09425"
        link="http://www.kegg.jp/dbget-bin/www_bget?K17683">
        <graphics name="K17683" fgcolor="#000000" bgcolor="#BFBFFF"
             type="rectangle" x="825" y="596" width="46" height="17"/>
    </entry>
    <entry id="284" name="cpd:C06800" type="compound"
        link="http://www.kegg.jp/dbget-bin/www_bget?C06800">
        <graphics name="C06800" fgcolor="#000000" bgcolor="#FFFFFF"
             type="circle" x="64" y="875" width="8" height="8"/>
    </entry>
    <entry id="286" name="ko:K07415" type="ortholog" reaction="rn:R07088"
        link="http://www.kegg.jp/dbget-bin/www_bget?K07415">
        <graphics name="K07415" fgcolor="#000000" bgcolor="#BFBFFF"
             type="rectangle" x="820" y="1060" width="46" height="17"/>
    </entry>
    <entry id="287" name="ko:K07415" type="ortholog" reaction="rn:R07090"
        link="http://www.kegg.jp/dbget-bin/www_bget?K07415">
        <graphics name="K07415" fgcolor="#000000" bgcolor="#BFBFFF"
             type="rectangle" x="820" y="1148" width="46" height="17"/>
    </entry>
    <entry id="289" name="cpd:C14859" type="compound"
        link="http://www.kegg.jp/dbget-bin/www_bget?C14859">
        <graphics name="C14859" fgcolor="#000000" bgcolor="#FFFFFF"
             type="circle" x="893" y="1147" width="8" height="8"/>
    </entry>
    <entry id="291" name="cpd:C06790" type="compound"
        link="http://www.kegg.jp/dbget-bin/www_bget?C06790">
        <graphics name="C06790" fgcolor="#000000" bgcolor="#FFFFFF"
             type="circle" x="64" y="1111" width="8" height="8"/>
    </entry>
    <entry id="292" name="ko:K07415" type="ortholog" reaction="rn:R07098"
        link="http://www.kegg.jp/dbget-bin/www_bget?K07415">
        <graphics name="K07415" fgcolor="#000000" bgcolor="#BFBFFF"
             type="rectangle" x="131" y="1038" width="46" height="17"/>
    </entry>
    <entry id="293" name="ko:K17689 ko:K17690" type="ortholog" reaction="rn:R09408"
        link="http://www.kegg.jp/dbget-bin/www_bget?K17689+K17690">
        <graphics name="K17689..." fgcolor="#000000" bgcolor="#BFBFFF"
             type="rectangle" x="151" y="865" width="46" height="17"/>
    </entry>
    <entry id="294" name="ko:K17683" type="ortholog" reaction="rn:R09408"
        link="http://www.kegg.jp/dbget-bin/www_bget?K17683">
        <graphics name="K17683" fgcolor="#000000" bgcolor="#BFBFFF"
             type="rectangle" x="103" y="886" width="46" height="17"/>
    </entry>
    <entry id="295" name="ko:K17685" type="ortholog" reaction="rn:R09424"
        link="http://www.kegg.jp/dbget-bin/www_bget?K17685">
        <graphics name="K17685" fgcolor="#000000" bgcolor="#BFBFFF"
             type="rectangle" x="825" y="530" width="46" height="17"/>
    </entry>
    <entry id="296" name="ko:K17685" type="ortholog" reaction="rn:R09425"
        link="http://www.kegg.jp/dbget-bin/www_bget?K17685">
        <graphics name="K17685" fgcolor="#000000" bgcolor="#BFBFFF"
             type="rectangle" x="825" y="617" width="46" height="17"/>
    </entry>
    <entry id="297" name="ko:K17712" type="ortholog" reaction="rn:R09421"
        link="http://www.kegg.jp/dbget-bin/www_bget?K17712">
        <graphics name="K17712" fgcolor="#000000" bgcolor="#BFBFFF"
             type="rectangle" x="801" y="355" width="46" height="17"/>
    </entry>
    <entry id="298" name="ko:K07415" type="ortholog" reaction="rn:R09421"
        link="http://www.kegg.jp/dbget-bin/www_bget?K07415">
        <graphics name="K07415" fgcolor="#000000" bgcolor="#BFBFFF"
             type="rectangle" x="849" y="355" width="46" height="17"/>
    </entry>
    <entry id="299" name="ko:K17683" type="ortholog" reaction="rn:R09423"
        link="http://www.kegg.jp/dbget-bin/www_bget?K17683">
        <graphics name="K17683" fgcolor="#000000" bgcolor="#BFBFFF"
             type="rectangle" x="800" y="443" width="46" height="17"/>
    </entry>
    <entry id="300" name="ko:K17689" type="ortholog" reaction="rn:R09423"
        link="http://www.kegg.jp/dbget-bin/www_bget?K17689">
        <graphics name="K17689" fgcolor="#000000" bgcolor="#BFBFFF"
             type="rectangle" x="848" y="422" width="46" height="17"/>
    </entry>
    <entry id="301" name="ko:K17685" type="ortholog" reaction="rn:R09421"
        link="http://www.kegg.jp/dbget-bin/www_bget?K17685">
        <graphics name="K17685" fgcolor="#000000" bgcolor="#BFBFFF"
             type="rectangle" x="849" y="334" width="46" height="17"/>
    </entry>
    <entry id="302" name="ko:K17685" type="ortholog" reaction="rn:R09423"
        link="http://www.kegg.jp/dbget-bin/www_bget?K17685">
        <graphics name="K17685" fgcolor="#000000" bgcolor="#BFBFFF"
             type="rectangle" x="848" y="443" width="46" height="17"/>
    </entry>
    <entry id="303" name="ko:K17685" type="ortholog" reaction="rn:R09408"
        link="http://www.kegg.jp/dbget-bin/www_bget?K17685">
        <graphics name="K17685" fgcolor="#000000" bgcolor="#BFBFFF"
             type="rectangle" x="151" y="886" width="46" height="17"/>
    </entry>
    <entry id="304" name="ko:K17719" type="ortholog" reaction="rn:R07079 rn:R07080 rn:R07081"
        link="http://www.kegg.jp/dbget-bin/www_bget?K17719">
        <graphics name="K17719" fgcolor="#000000" bgcolor="#BFBFFF"
             type="rectangle" x="163" y="165" width="46" height="17"/>
    </entry>
    <entry id="305" name="ko:K17689" type="ortholog" reaction="rn:R07079 rn:R07080 rn:R07081"
        link="http://www.kegg.jp/dbget-bin/www_bget?K17689">
        <graphics name="K17689" fgcolor="#000000" bgcolor="#BFBFFF"
             type="rectangle" x="115" y="186" width="46" height="17"/>
    </entry>
    <entry id="306" name="ko:K07410" type="ortholog" reaction="rn:R07079 rn:R07080 rn:R07081"
        link="http://www.kegg.jp/dbget-bin/www_bget?K07410">
        <graphics name="K07410" fgcolor="#000000" bgcolor="#BFBFFF"
             type="rectangle" x="163" y="186" width="46" height="17"/>
    </entry>
    <entry id="307" name="ko:K17719" type="ortholog" reaction="rn:R07087"
        link="http://www.kegg.jp/dbget-bin/www_bget?K17719">
        <graphics name="K17719" fgcolor="#000000" bgcolor="#BFBFFF"
             type="rectangle" x="424" y="115" width="46" height="17"/>
    </entry>
    <entry id="308" name="ko:K17719" type="ortholog" reaction="rn:R07085"
        link="http://www.kegg.jp/dbget-bin/www_bget?K17719">
        <graphics name="K17719" fgcolor="#000000" bgcolor="#BFBFFF"
             type="rectangle" x="481" y="165" width="46" height="17"/>
    </entry>
    <entry id="309" name="ko:K17689" type="ortholog" reaction="rn:R07085"
        link="http://www.kegg.jp/dbget-bin/www_bget?K17689">
        <graphics name="K17689" fgcolor="#000000" bgcolor="#BFBFFF"
             type="rectangle" x="433" y="186" width="46" height="17"/>
    </entry>
    <entry id="310" name="ko:K07410" type="ortholog" reaction="rn:R07085"
        link="http://www.kegg.jp/dbget-bin/www_bget?K07410">
        <graphics name="K07410" fgcolor="#000000" bgcolor="#BFBFFF"
             type="rectangle" x="481" y="186" width="46" height="17"/>
    </entry>
    <entry id="311" name="ko:K17689" type="ortholog" reaction="rn:R07087"
        link="http://www.kegg.jp/dbget-bin/www_bget?K17689">
        <graphics name="K17689" fgcolor="#000000" bgcolor="#BFBFFF"
             type="rectangle" x="376" y="136" width="46" height="17"/>
    </entry>
    <entry id="312" name="ko:K07410" type="ortholog" reaction="rn:R07087"
        link="http://www.kegg.jp/dbget-bin/www_bget?K07410">
        <graphics name="K07410" fgcolor="#000000" bgcolor="#BFBFFF"
             type="rectangle" x="424" y="136" width="46" height="17"/>
    </entry>
    <entry id="313" name="ko:K17689" type="ortholog" reaction="rn:R07000 rn:R07001"
        link="http://www.kegg.jp/dbget-bin/www_bget?K17689">
        <graphics name="K17689" fgcolor="#000000" bgcolor="#BFBFFF"
             type="rectangle" x="139" y="529" width="46" height="17"/>
    </entry>
    <entry id="314" name="ko:K17683 ko:K17709 ko:K07415 ko:K07416 ko:K07420" type="ortholog" reaction="rn:R07000 rn:R07001"
        link="http://www.kegg.jp/dbget-bin/www_bget?K17683+K17709+K07415+K07416+K07420">
        <graphics name="K17683..." fgcolor="#000000" bgcolor="#BFBFFF"
             type="rectangle" x="139" y="548" width="46" height="17"/>
    </entry>
    <entry id="315" name="ko:K07408 ko:K07409" type="ortholog" reaction="rn:R07098"
        link="http://www.kegg.jp/dbget-bin/www_bget?K07408+K07409">
        <graphics name="K07408..." fgcolor="#000000" bgcolor="#BFBFFF"
             type="rectangle" x="131" y="1017" width="46" height="17"/>
    </entry>
    <entry id="316" name="ko:K07408 ko:K07409" type="ortholog" reaction="rn:R07099"
        link="http://www.kegg.jp/dbget-bin/www_bget?K07408+K07409">
        <graphics name="K07408..." fgcolor="#000000" bgcolor="#BFBFFF"
             type="rectangle" x="131" y="1101" width="46" height="17"/>
    </entry>
    <entry id="317" name="ko:K07415" type="ortholog" reaction="rn:R07022 rn:R07021"
        link="http://www.kegg.jp/dbget-bin/www_bget?K07415">
        <graphics name="K07415" fgcolor="#000000" bgcolor="#BFBFFF"
             type="rectangle" x="820" y="886" width="46" height="17"/>
    </entry>
    <relation entry1="223" entry2="229" type="ECrel">
        <subtype name="compound" value="234"/>
    </relation>
    <relation entry1="221" entry2="229" type="ECrel">
        <subtype name="compound" value="233"/>
    </relation>
    <relation entry1="221" entry2="229" type="ECrel">
        <subtype name="compound" value="234"/>
    </relation>
    <relation entry1="221" entry2="223" type="ECrel">
        <subtype name="compound" value="234"/>
    </relation>
    <relation entry1="222" entry2="229" type="ECrel">
        <subtype name="compound" value="233"/>
    </relation>
    <relation entry1="221" entry2="222" type="ECrel">
        <subtype name="compound" value="233"/>
    </relation>
    <relation entry1="221" entry2="228" type="ECrel">
        <subtype name="compound" value="210"/>
    </relation>
    <relation entry1="103" entry2="115" type="ECrel">
        <subtype name="compound" value="117"/>
    </relation>
    <relation entry1="103" entry2="114" type="ECrel">
        <subtype name="compound" value="117"/>
    </relation>
    <relation entry1="114" entry2="115" type="ECrel">
        <subtype name="compound" value="117"/>
    </relation>
    <relation entry1="103" entry2="105" type="ECrel">
        <subtype name="compound" value="116"/>
    </relation>
    <relation entry1="41" entry2="92" type="ECrel">
        <subtype name="compound" value="119"/>
    </relation>
    <relation entry1="41" entry2="80" type="ECrel">
        <subtype name="compound" value="95"/>
    </relation>
    <relation entry1="41" entry2="80" type="ECrel">
        <subtype name="compound" value="119"/>
    </relation>
    <relation entry1="80" entry2="92" type="ECrel">
        <subtype name="compound" value="119"/>
    </relation>
    <relation entry1="41" entry2="78" type="ECrel">
        <subtype name="compound" value="95"/>
    </relation>
    <relation entry1="78" entry2="80" type="ECrel">
        <subtype name="compound" value="95"/>
    </relation>
    <relation entry1="159" entry2="172" type="ECrel">
        <subtype name="compound" value="167"/>
    </relation>
    <relation entry1="159" entry2="171" type="ECrel">
        <subtype name="compound" value="166"/>
    </relation>
    <relation entry1="157" entry2="172" type="ECrel">
        <subtype name="compound" value="164"/>
    </relation>
    <relation entry1="170" entry2="172" type="ECrel">
        <subtype name="compound" value="164"/>
    </relation>
    <relation entry1="157" entry2="170" type="ECrel">
        <subtype name="compound" value="164"/>
    </relation>
    <relation entry1="38" entry2="79" type="ECrel">
        <subtype name="compound" value="65"/>
    </relation>
    <relation entry1="79" entry2="91" type="ECrel">
        <subtype name="compound" value="61"/>
    </relation>
    <relation entry1="40" entry2="77" type="ECrel">
        <subtype name="compound" value="291"/>
    </relation>
    <relation entry1="75" entry2="76" type="ECrel">
        <subtype name="compound" value="52"/>
    </relation>
    <relation entry1="37" entry2="75" type="ECrel">
        <subtype name="compound" value="54"/>
    </relation>
    <relation entry1="37" entry2="76" type="ECrel">
        <subtype name="compound" value="53"/>
    </relation>
    <relation entry1="37" entry2="74" type="ECrel">
        <subtype name="compound" value="53"/>
    </relation>
    <relation entry1="74" entry2="76" type="ECrel">
        <subtype name="compound" value="53"/>
    </relation>
    <relation entry1="71" entry2="73" type="ECrel">
        <subtype name="compound" value="49"/>
    </relation>
    <relation entry1="72" entry2="73" type="ECrel">
        <subtype name="compound" value="50"/>
    </relation>
    <relation entry1="268" entry2="281" type="ECrel">
        <subtype name="compound" value="237"/>
    </relation>
    <relation entry1="252" entry2="281" type="ECrel">
        <subtype name="compound" value="237"/>
    </relation>
    <relation entry1="269" entry2="281" type="ECrel">
        <subtype name="compound" value="237"/>
    </relation>
    <relation entry1="280" entry2="252" type="ECrel">
        <subtype name="compound" value="237"/>
    </relation>
    <relation entry1="280" entry2="269" type="ECrel">
        <subtype name="compound" value="237"/>
    </relation>
    <relation entry1="280" entry2="268" type="ECrel">
        <subtype name="compound" value="237"/>
    </relation>
    <relation entry1="269" entry2="282" type="ECrel">
        <subtype name="compound" value="253"/>
    </relation>
    <relation entry1="269" entry2="283" type="ECrel">
        <subtype name="compound" value="253"/>
    </relation>
    <relation entry1="269" entry2="278" type="ECrel">
        <subtype name="compound" value="253"/>
    </relation>
    <relation entry1="252" entry2="282" type="ECrel">
        <subtype name="compound" value="253"/>
    </relation>
    <relation entry1="252" entry2="283" type="ECrel">
        <subtype name="compound" value="253"/>
    </relation>
    <relation entry1="252" entry2="278" type="ECrel">
        <subtype name="compound" value="253"/>
    </relation>
    <relation entry1="268" entry2="282" type="ECrel">
        <subtype name="compound" value="253"/>
    </relation>
    <relation entry1="268" entry2="283" type="ECrel">
        <subtype name="compound" value="253"/>
    </relation>
    <relation entry1="268" entry2="278" type="ECrel">
        <subtype name="compound" value="253"/>
    </relation>
    <relation entry1="282" entry2="278" type="ECrel">
        <subtype name="compound" value="253"/>
    </relation>
    <relation entry1="283" entry2="278" type="ECrel">
        <subtype name="compound" value="253"/>
    </relation>
    <relation entry1="176" entry2="192" type="ECrel">
        <subtype name="compound" value="188"/>
    </relation>
    <relation entry1="176" entry2="179" type="ECrel">
        <subtype name="compound" value="184"/>
    </relation>
    <relation entry1="179" entry2="194" type="ECrel">
        <subtype name="compound" value="185"/>
    </relation>
    <relation entry1="192" entry2="182" type="ECrel">
        <subtype name="compound" value="183"/>
    </relation>
    <relation entry1="193" entry2="190" type="ECrel">
        <subtype name="compound" value="177"/>
    </relation>
    <relation entry1="123" entry2="128" type="ECrel">
        <subtype name="compound" value="284"/>
    </relation>
    <relation entry1="130" entry2="128" type="ECrel">
        <subtype name="compound" value="284"/>
    </relation>
    <relation entry1="123" entry2="133" type="ECrel">
        <subtype name="compound" value="139"/>
    </relation>
    <relation entry1="149" entry2="125" type="ECrel">
        <subtype name="compound" value="142"/>
    </relation>
    <relation entry1="149" entry2="143" type="ECrel">
        <subtype name="compound" value="142"/>
    </relation>
    <relation entry1="125" entry2="143" type="ECrel">
        <subtype name="compound" value="142"/>
    </relation>
    <relation entry1="295" entry2="269" type="ECrel">
        <subtype name="compound" value="253"/>
    </relation>
    <relation entry1="295" entry2="252" type="ECrel">
        <subtype name="compound" value="253"/>
    </relation>
    <relation entry1="295" entry2="268" type="ECrel">
        <subtype name="compound" value="253"/>
    </relation>
    <relation entry1="295" entry2="283" type="ECrel">
        <subtype name="compound" value="253"/>
    </relation>
    <relation entry1="295" entry2="278" type="ECrel">
        <subtype name="compound" value="253"/>
    </relation>
    <relation entry1="282" entry2="296" type="ECrel">
        <subtype name="compound" value="253"/>
    </relation>
    <relation entry1="269" entry2="296" type="ECrel">
        <subtype name="compound" value="253"/>
    </relation>
    <relation entry1="252" entry2="296" type="ECrel">
        <subtype name="compound" value="253"/>
    </relation>
    <relation entry1="268" entry2="296" type="ECrel">
        <subtype name="compound" value="253"/>
    </relation>
    <relation entry1="296" entry2="278" type="ECrel">
        <subtype name="compound" value="253"/>
    </relation>
    <relation entry1="123" entry2="293" type="ECrel">
        <subtype name="compound" value="284"/>
    </relation>
    <relation entry1="123" entry2="294" type="ECrel">
        <subtype name="compound" value="284"/>
    </relation>
    <relation entry1="130" entry2="293" type="ECrel">
        <subtype name="compound" value="284"/>
    </relation>
    <relation entry1="130" entry2="294" type="ECrel">
        <subtype name="compound" value="284"/>
    </relation>
    <relation entry1="149" entry2="128" type="ECrel">
        <subtype name="compound" value="284"/>
    </relation>
    <relation entry1="294" entry2="128" type="ECrel">
        <subtype name="compound" value="284"/>
    </relation>
    <relation entry1="294" entry2="125" type="ECrel">
        <subtype name="compound" value="142"/>
    </relation>
    <relation entry1="294" entry2="143" type="ECrel">
        <subtype name="compound" value="142"/>
    </relation>
    <relation entry1="293" entry2="125" type="ECrel">
        <subtype name="compound" value="142"/>
    </relation>
    <relation entry1="293" entry2="143" type="ECrel">
        <subtype name="compound" value="142"/>
    </relation>
    <relation entry1="280" entry2="281" type="ECrel">
        <subtype name="compound" value="237"/>
    </relation>
    <relation entry1="280" entry2="300" type="ECrel">
        <subtype name="compound" value="237"/>
    </relation>
    <relation entry1="297" entry2="281" type="ECrel">
        <subtype name="compound" value="237"/>
    </relation>
    <relation entry1="297" entry2="299" type="ECrel">
        <subtype name="compound" value="237"/>
    </relation>
    <relation entry1="297" entry2="300" type="ECrel">
        <subtype name="compound" value="237"/>
    </relation>
    <relation entry1="297" entry2="268" type="ECrel">
        <subtype name="compound" value="237"/>
    </relation>
    <relation entry1="297" entry2="252" type="ECrel">
        <subtype name="compound" value="237"/>
    </relation>
    <relation entry1="297" entry2="269" type="ECrel">
        <subtype name="compound" value="237"/>
    </relation>
    <relation entry1="298" entry2="281" type="ECrel">
        <subtype name="compound" value="237"/>
    </relation>
    <relation entry1="298" entry2="299" type="ECrel">
        <subtype name="compound" value="237"/>
    </relation>
    <relation entry1="298" entry2="300" type="ECrel">
        <subtype name="compound" value="237"/>
    </relation>
    <relation entry1="298" entry2="268" type="ECrel">
        <subtype name="compound" value="237"/>
    </relation>
    <relation entry1="298" entry2="252" type="ECrel">
        <subtype name="compound" value="237"/>
    </relation>
    <relation entry1="298" entry2="269" type="ECrel">
        <subtype name="compound" value="237"/>
    </relation>
    <relation entry1="299" entry2="268" type="ECrel">
        <subtype name="compound" value="237"/>
    </relation>
    <relation entry1="299" entry2="252" type="ECrel">
        <subtype name="compound" value="237"/>
    </relation>
    <relation entry1="299" entry2="269" type="ECrel">
        <subtype name="compound" value="237"/>
    </relation>
    <relation entry1="300" entry2="268" type="ECrel">
        <subtype name="compound" value="237"/>
    </relation>
    <relation entry1="300" entry2="252" type="ECrel">
        <subtype name="compound" value="237"/>
    </relation>
    <relation entry1="300" entry2="269" type="ECrel">
        <subtype name="compound" value="237"/>
    </relation>
    <relation entry1="280" entry2="302" type="ECrel">
        <subtype name="compound" value="237"/>
    </relation>
    <relation entry1="297" entry2="302" type="ECrel">
        <subtype name="compound" value="237"/>
    </relation>
    <relation entry1="301" entry2="300" type="ECrel">
        <subtype name="compound" value="237"/>
    </relation>
    <relation entry1="301" entry2="281" type="ECrel">
        <subtype name="compound" value="237"/>
    </relation>
    <relation entry1="301" entry2="299" type="ECrel">
        <subtype name="compound" value="237"/>
    </relation>
    <relation entry1="301" entry2="268" type="ECrel">
        <subtype name="compound" value="237"/>
    </relation>
    <relation entry1="301" entry2="252" type="ECrel">
        <subtype name="compound" value="237"/>
    </relation>
    <relation entry1="301" entry2="269" type="ECrel">
        <subtype name="compound" value="237"/>
    </relation>
    <relation entry1="298" entry2="302" type="ECrel">
        <subtype name="compound" value="237"/>
    </relation>
    <relation entry1="302" entry2="268" type="ECrel">
        <subtype name="compound" value="237"/>
    </relation>
    <relation entry1="302" entry2="252" type="ECrel">
        <subtype name="compound" value="237"/>
    </relation>
    <relation entry1="302" entry2="269" type="ECrel">
        <subtype name="compound" value="237"/>
    </relation>
    <relation entry1="123" entry2="303" type="ECrel">
        <subtype name="compound" value="284"/>
    </relation>
    <relation entry1="130" entry2="303" type="ECrel">
        <subtype name="compound" value="284"/>
    </relation>
    <relation entry1="303" entry2="128" type="ECrel">
        <subtype name="compound" value="284"/>
    </relation>
    <relation entry1="143" entry2="303" type="ECrel">
        <subtype name="compound" value="142"/>
    </relation>
    <relation entry1="125" entry2="303" type="ECrel">
        <subtype name="compound" value="142"/>
    </relation>
    <relation entry1="304" entry2="172" type="ECrel">
        <subtype name="compound" value="168"/>
    </relation>
    <relation entry1="306" entry2="172" type="ECrel">
        <subtype name="compound" value="168"/>
    </relation>
    <relation entry1="159" entry2="172" type="ECrel">
        <subtype name="compound" value="168"/>
    </relation>
    <relation entry1="305" entry2="172" type="ECrel">
        <subtype name="compound" value="168"/>
    </relation>
    <relation entry1="304" entry2="172" type="ECrel">
        <subtype name="compound" value="167"/>
    </relation>
    <relation entry1="306" entry2="172" type="ECrel">
        <subtype name="compound" value="167"/>
    </relation>
    <relation entry1="305" entry2="172" type="ECrel">
        <subtype name="compound" value="167"/>
    </relation>
    <relation entry1="304" entry2="171" type="ECrel">
        <subtype name="compound" value="166"/>
    </relation>
    <relation entry1="304" entry2="172" type="ECrel">
        <subtype name="compound" value="166"/>
    </relation>
    <relation entry1="306" entry2="171" type="ECrel">
        <subtype name="compound" value="166"/>
    </relation>
    <relation entry1="306" entry2="172" type="ECrel">
        <subtype name="compound" value="166"/>
    </relation>
    <relation entry1="159" entry2="172" type="ECrel">
        <subtype name="compound" value="166"/>
    </relation>
    <relation entry1="305" entry2="171" type="ECrel">
        <subtype name="compound" value="166"/>
    </relation>
    <relation entry1="305" entry2="172" type="ECrel">
        <subtype name="compound" value="166"/>
    </relation>
    <relation entry1="171" entry2="172" type="ECrel">
        <subtype name="compound" value="166"/>
    </relation>
    <relation entry1="172" entry2="309" type="ECrel">
        <subtype name="compound" value="164"/>
    </relation>
    <relation entry1="172" entry2="310" type="ECrel">
        <subtype name="compound" value="164"/>
    </relation>
    <relation entry1="172" entry2="308" type="ECrel">
        <subtype name="compound" value="164"/>
    </relation>
    <relation entry1="170" entry2="309" type="ECrel">
        <subtype name="compound" value="164"/>
    </relation>
    <relation entry1="170" entry2="310" type="ECrel">
        <subtype name="compound" value="164"/>
    </relation>
    <relation entry1="170" entry2="308" type="ECrel">
        <subtype name="compound" value="164"/>
    </relation>
    <relation entry1="313" entry2="223" type="ECrel">
        <subtype name="compound" value="234"/>
    </relation>
    <relation entry1="313" entry2="221" type="ECrel">
        <subtype name="compound" value="234"/>
    </relation>
    <relation entry1="314" entry2="223" type="ECrel">
        <subtype name="compound" value="234"/>
    </relation>
    <relation entry1="314" entry2="221" type="ECrel">
        <subtype name="compound" value="234"/>
    </relation>
    <relation entry1="313" entry2="221" type="ECrel">
        <subtype name="compound" value="233"/>
    </relation>
    <relation entry1="313" entry2="222" type="ECrel">
        <subtype name="compound" value="233"/>
    </relation>
    <relation entry1="314" entry2="221" type="ECrel">
        <subtype name="compound" value="233"/>
    </relation>
    <relation entry1="314" entry2="222" type="ECrel">
        <subtype name="compound" value="233"/>
    </relation>
    <relation entry1="315" entry2="40" type="ECrel">
        <subtype name="compound" value="291"/>
    </relation>
    <relation entry1="315" entry2="77" type="ECrel">
        <subtype name="compound" value="291"/>
    </relation>
    <relation entry1="292" entry2="316" type="ECrel">
        <subtype name="compound" value="291"/>
    </relation>
    <relation entry1="292" entry2="77" type="ECrel">
        <subtype name="compound" value="291"/>
    </relation>
    <relation entry1="316" entry2="77" type="ECrel">
        <subtype name="compound" value="291"/>
    </relation>
    <relation entry1="286" entry2="81" type="ECrel">
        <subtype name="compound" value="66"/>
    </relation>
    <relation entry1="89" entry2="287" type="ECrel">
        <subtype name="compound" value="289"/>
    </relation>
    <relation entry1="317" entry2="114" type="ECrel">
        <subtype name="compound" value="117"/>
    </relation>
    <relation entry1="317" entry2="105" type="ECrel">
        <subtype name="compound" value="116"/>
    </relation>
    <relation entry1="317" entry2="115" type="ECrel">
        <subtype name="compound" value="117"/>
    </relation>
    <reaction id="37" name="rn:R07107" type="irreversible">
        <substrate id="53" name="cpd:C07490"/>
        <product id="54" name="cpd:C11150"/>
    </reaction>
    <reaction id="157" name="rn:R07085" type="irreversible">
        <substrate id="164" name="cpd:C14852"/>
        <product id="160" name="cpd:C14853"/>
    </reaction>
    <reaction id="158" name="rn:R07087" type="irreversible">
        <substrate id="169" name="cpd:C14556"/>
        <product id="161" name="cpd:C14854"/>
    </reaction>
    <reaction id="38" name="rn:R07089" type="irreversible">
        <substrate id="1" name="cpd:C14039"/>
        <product id="65" name="cpd:C14857"/>
    </reaction>
    <reaction id="39" name="rn:R07075" type="irreversible">
        <substrate id="87" name="cpd:C14453"/>
        <product id="82" name="cpd:C14845"/>
    </reaction>
    <reaction id="40" name="rn:R07099" type="reversible">
        <substrate id="291" name="cpd:C06790"/>
        <product id="57" name="cpd:C14866"/>
    </reaction>
    <reaction id="71" name="rn:R07116" type="irreversible">
        <substrate id="49" name="cpd:C14870"/>
        <product id="48" name="cpd:C14871"/>
    </reaction>
    <reaction id="72" name="rn:R07113" type="irreversible">
        <substrate id="50" name="cpd:C11088"/>
        <product id="45" name="cpd:C14874"/>
    </reaction>
    <reaction id="73" name="rn:R07112" type="irreversible">
        <substrate id="50" name="cpd:C11088"/>
        <product id="49" name="cpd:C14870"/>
    </reaction>
    <reaction id="74" name="rn:R07106" type="reversible">
        <substrate id="53" name="cpd:C07490"/>
        <product id="51" name="cpd:C14869"/>
    </reaction>
    <reaction id="75" name="rn:R07104" type="irreversible">
        <substrate id="52" name="cpd:C06899"/>
        <product id="54" name="cpd:C11150"/>
    </reaction>
    <reaction id="76" name="rn:R07105" type="irreversible">
        <substrate id="52" name="cpd:C06899"/>
        <product id="53" name="cpd:C07490"/>
    </reaction>
    <reaction id="77" name="rn:R07100" type="irreversible">
        <substrate id="291" name="cpd:C06790"/>
        <product id="58" name="cpd:C14868"/>
    </reaction>
    <reaction id="78" name="rn:R07070" type="irreversible">
        <substrate id="95" name="cpd:C14840"/>
        <product id="85" name="cpd:C14848"/>
    </reaction>
    <reaction id="79" name="rn:R07092" type="irreversible">
        <substrate id="65" name="cpd:C14857"/>
        <product id="61" name="cpd:C14865"/>
    </reaction>
    <reaction id="170" name="rn:R07084" type="irreversible">
        <substrate id="164" name="cpd:C14852"/>
        <product id="162" name="cpd:C14856"/>
    </reaction>
    <reaction id="171" name="rn:R07083" type="irreversible">
        <substrate id="166" name="cpd:C14851"/>
        <product id="163" name="cpd:C14855"/>
    </reaction>
    <reaction id="172" name="rn:R07082" type="irreversible">
        <substrate id="167" name="cpd:C14850"/>
        <product id="164" name="cpd:C14852"/>
    </reaction>
    <reaction id="81" name="rn:R07091" type="irreversible">
        <substrate id="66" name="cpd:C14858"/>
        <product id="62" name="cpd:C14861"/>
    </reaction>
    <reaction id="89" name="rn:R07093" type="irreversible">
        <substrate id="289" name="cpd:C14859"/>
        <product id="63" name="cpd:C14864"/>
    </reaction>
    <reaction id="223" name="rn:R07002" type="irreversible">
        <substrate id="234" name="cpd:C14786"/>
        <product id="224" name="cpd:C14791"/>
    </reaction>
    <reaction id="91" name="rn:R07094" type="irreversible">
        <substrate id="61" name="cpd:C14865"/>
        <product id="59" name="cpd:C14863"/>
    </reaction>
    <reaction id="92" name="rn:R07069" type="irreversible">
        <substrate id="119" name="cpd:C14839"/>
        <product id="83" name="cpd:C14847"/>
    </reaction>
    <reaction id="228" name="rn:R07015" type="irreversible">
        <substrate id="210" name="cpd:C06205"/>
        <product id="213" name="cpd:C03012"/>
    </reaction>
    <reaction id="114" name="rn:R07027" type="irreversible">
        <substrate id="117" name="cpd:C14800"/>
        <product id="111" name="cpd:C14801"/>
    </reaction>
    <reaction id="283" name="rn:R09425" type="irreversible">
        <substrate id="253" name="cpd:C19574"/>
        <product id="260" name="cpd:C19580"/>
    </reaction>
    <reaction id="282" name="rn:R09424" type="irreversible">
        <substrate id="253" name="cpd:C19574"/>
        <product id="255" name="cpd:C19577"/>
    </reaction>
    <reaction id="281" name="rn:R09423" type="irreversible">
        <substrate id="237" name="cpd:C16453"/>
        <product id="239" name="cpd:C19566"/>
    </reaction>
    <reaction id="280" name="rn:R09421" type="irreversible">
        <substrate id="237" name="cpd:C16453"/>
        <product id="243" name="cpd:C19563"/>
    </reaction>
    <reaction id="190" name="rn:R09443" type="irreversible">
        <substrate id="177" name="cpd:C19604"/>
        <product id="191" name="cpd:C19607"/>
    </reaction>
    <reaction id="143" name="rn:R09409" type="irreversible">
        <substrate id="142" name="cpd:C19586"/>
        <product id="144" name="cpd:C11278"/>
    </reaction>
    <reaction id="133" name="rn:R09406" type="irreversible">
        <substrate id="139" name="cpd:C16756"/>
        <product id="134" name="cpd:C19594"/>
    </reaction>
    <reaction id="130" name="rn:R09407" type="irreversible">
        <substrate id="284" name="cpd:C06800"/>
        <product id="141" name="cpd:C19595"/>
    </reaction>
    <reaction id="269" name="rn:R09420" type="irreversible">
        <substrate id="237" name="cpd:C16453"/>
        <product id="253" name="cpd:C19574"/>
    </reaction>
    <reaction id="268" name="rn:R09420" type="irreversible">
        <substrate id="237" name="cpd:C16453"/>
        <product id="253" name="cpd:C19574"/>
    </reaction>
    <reaction id="252" name="rn:R09420" type="irreversible">
        <substrate id="237" name="cpd:C16453"/>
        <product id="253" name="cpd:C19574"/>
    </reaction>
    <reaction id="128" name="rn:R09404" type="irreversible">
        <substrate id="284" name="cpd:C06800"/>
        <product id="140" name="cpd:C19585"/>
    </reaction>
    <reaction id="125" name="rn:R09410" type="irreversible">
        <substrate id="142" name="cpd:C19586"/>
        <product id="126" name="cpd:C19588"/>
    </reaction>
    <reaction id="123" name="rn:R09405" type="irreversible">
        <substrate id="284" name="cpd:C06800"/>
        <product id="139" name="cpd:C16756"/>
    </reaction>
    <reaction id="182" name="rn:R09444" type="irreversible">
        <substrate id="183" name="cpd:C19561"/>
        <product id="187" name="cpd:C19562"/>
    </reaction>
    <reaction id="179" name="rn:R09417" type="irreversible">
        <substrate id="184" name="cpd:C19489"/>
        <product id="185" name="cpd:C19490"/>
    </reaction>
    <reaction id="176" name="rn:R09416" type="irreversible">
        <substrate id="188" name="cpd:C19488"/>
        <product id="184" name="cpd:C19489"/>
    </reaction>
    <reaction id="192" name="rn:R09441" type="irreversible">
        <substrate id="188" name="cpd:C19488"/>
        <product id="183" name="cpd:C19561"/>
    </reaction>
    <reaction id="193" name="rn:R09442" type="irreversible">
        <substrate id="188" name="cpd:C19488"/>
        <product id="177" name="cpd:C19604"/>
    </reaction>
    <reaction id="194" name="rn:R09418" type="irreversible">
        <substrate id="185" name="cpd:C19490"/>
        <product id="186" name="cpd:C19559"/>
    </reaction>
    <reaction id="149" name="rn:R09408" type="irreversible">
        <substrate id="284" name="cpd:C06800"/>
        <product id="142" name="cpd:C19586"/>
    </reaction>
    <reaction id="286" name="rn:R07088" type="irreversible">
        <substrate id="1" name="cpd:C14039"/>
        <product id="66" name="cpd:C14858"/>
    </reaction>
    <reaction id="287" name="rn:R07090" type="irreversible">
        <substrate id="1" name="cpd:C14039"/>
        <product id="289" name="cpd:C14859"/>
    </reaction>
    <reaction id="292" name="rn:R07098" type="irreversible">
        <substrate id="291" name="cpd:C06790"/>
        <product id="118" name="cpd:C11148"/>
    </reaction>
    <reaction id="293" name="rn:R09408" type="irreversible">
        <substrate id="284" name="cpd:C06800"/>
        <product id="142" name="cpd:C19586"/>
    </reaction>
    <reaction id="294" name="rn:R09408" type="irreversible">
        <substrate id="284" name="cpd:C06800"/>
        <product id="142" name="cpd:C19586"/>
    </reaction>
    <reaction id="295" name="rn:R09424" type="irreversible">
        <substrate id="253" name="cpd:C19574"/>
        <product id="255" name="cpd:C19577"/>
    </reaction>
    <reaction id="296" name="rn:R09425" type="irreversible">
        <substrate id="253" name="cpd:C19574"/>
        <product id="260" name="cpd:C19580"/>
    </reaction>
    <reaction id="297" name="rn:R09421" type="irreversible">
        <substrate id="237" name="cpd:C16453"/>
        <product id="243" name="cpd:C19563"/>
    </reaction>
    <reaction id="298" name="rn:R09421" type="irreversible">
        <substrate id="237" name="cpd:C16453"/>
        <product id="243" name="cpd:C19563"/>
    </reaction>
    <reaction id="299" name="rn:R09423" type="irreversible">
        <substrate id="237" name="cpd:C16453"/>
        <product id="239" name="cpd:C19566"/>
    </reaction>
    <reaction id="300" name="rn:R09423" type="irreversible">
        <substrate id="237" name="cpd:C16453"/>
        <product id="239" name="cpd:C19566"/>
    </reaction>
    <reaction id="301" name="rn:R09421" type="irreversible">
        <substrate id="237" name="cpd:C16453"/>
        <product id="243" name="cpd:C19563"/>
    </reaction>
    <reaction id="302" name="rn:R09423" type="irreversible">
        <substrate id="237" name="cpd:C16453"/>
        <product id="239" name="cpd:C19566"/>
    </reaction>
    <reaction id="303" name="rn:R09408" type="irreversible">
        <substrate id="284" name="cpd:C06800"/>
        <product id="142" name="cpd:C19586"/>
    </reaction>
    <reaction id="304" name="rn:R07079 rn:R07080 rn:R07081" type="irreversible">
        <substrate id="165" name="cpd:C07535"/>
        <product id="167" name="cpd:C14850"/>
        <product id="166" name="cpd:C14851"/>
        <product id="168" name="cpd:C14849"/>
    </reaction>
    <reaction id="305" name="rn:R07079 rn:R07080 rn:R07081" type="irreversible">
        <substrate id="165" name="cpd:C07535"/>
        <product id="167" name="cpd:C14850"/>
        <product id="166" name="cpd:C14851"/>
        <product id="168" name="cpd:C14849"/>
    </reaction>
    <reaction id="306" name="rn:R07079 rn:R07080 rn:R07081" type="irreversible">
        <substrate id="165" name="cpd:C07535"/>
        <product id="167" name="cpd:C14850"/>
        <product id="166" name="cpd:C14851"/>
        <product id="168" name="cpd:C14849"/>
    </reaction>
    <reaction id="307" name="rn:R07087" type="irreversible">
        <substrate id="169" name="cpd:C14556"/>
        <product id="161" name="cpd:C14854"/>
    </reaction>
    <reaction id="308" name="rn:R07085" type="irreversible">
        <substrate id="164" name="cpd:C14852"/>
        <product id="160" name="cpd:C14853"/>
    </reaction>
    <reaction id="310" name="rn:R07085" type="irreversible">
        <substrate id="164" name="cpd:C14852"/>
        <product id="160" name="cpd:C14853"/>
    </reaction>
    <reaction id="309" name="rn:R07085" type="irreversible">
        <substrate id="164" name="cpd:C14852"/>
        <product id="160" name="cpd:C14853"/>
    </reaction>
    <reaction id="312" name="rn:R07087" type="irreversible">
        <substrate id="169" name="cpd:C14556"/>
        <product id="161" name="cpd:C14854"/>
    </reaction>
    <reaction id="311" name="rn:R07087" type="irreversible">
        <substrate id="169" name="cpd:C14556"/>
        <product id="161" name="cpd:C14854"/>
    </reaction>
    <reaction id="313" name="rn:R07000 rn:R07001" type="irreversible">
        <substrate id="219" name="cpd:C00829"/>
        <product id="234" name="cpd:C14786"/>
        <product id="233" name="cpd:C14787"/>
    </reaction>
    <reaction id="314" name="rn:R07000 rn:R07001" type="irreversible">
        <substrate id="219" name="cpd:C00829"/>
        <product id="234" name="cpd:C14786"/>
        <product id="233" name="cpd:C14787"/>
    </reaction>
    <reaction id="315" name="rn:R07098" type="irreversible">
        <substrate id="291" name="cpd:C06790"/>
        <product id="118" name="cpd:C11148"/>
    </reaction>
    <reaction id="316" name="rn:R07099" type="irreversible">
        <substrate id="291" name="cpd:C06790"/>
        <product id="57" name="cpd:C14866"/>
    </reaction>
    <reaction id="317" name="rn:R07022 rn:R07021" type="irreversible">
        <substrate id="104" name="cpd:C14040"/>
        <product id="117" name="cpd:C14800"/>
        <product id="116" name="cpd:C14802"/>
    </reaction>
</pathway>
