<?xml version="1.0"?>
<!DOCTYPE pathway SYSTEM "http://www.kegg.jp/kegg/xml/KGML_v0.7.2_.dtd">
<!-- Creation date: Mar 7, 2016 16:22:04 +0900 (GMT+9) -->
<pathway name="path:ko00591" org="ko" number="00591"
         title="Linoleic acid metabolism"
         image="http://www.kegg.jp/kegg/pathway/ko/ko00591.png"
         link="http://www.kegg.jp/kegg-bin/show_pathway?ko00591">
    <entry id="18" name="ko:K07409" type="ortholog" reaction="rn:R07055"
        link="http://www.kegg.jp/dbget-bin/www_bget?K07409">
        <graphics name="K07409" fgcolor="#000000" bgcolor="#BFBFFF"
             type="rectangle" x="378" y="356" width="46" height="17"/>
    </entry>
    <entry id="19" name="cpd:C04717" type="compound"
        link="http://www.kegg.jp/dbget-bin/www_bget?C04717">
        <graphics name="C04717" fgcolor="#000000" bgcolor="#FFFFFF"
             type="circle" x="705" y="340" width="8" height="8"/>
    </entry>
    <entry id="20" name="cpd:C14833" type="compound"
        link="http://www.kegg.jp/dbget-bin/www_bget?C14833">
        <graphics name="C14833" fgcolor="#000000" bgcolor="#FFFFFF"
             type="circle" x="905" y="170" width="8" height="8"/>
    </entry>
    <entry id="21" name="cpd:C14832" type="compound"
        link="http://www.kegg.jp/dbget-bin/www_bget?C14832">
        <graphics name="C14832" fgcolor="#000000" bgcolor="#FFFFFF"
             type="circle" x="791" y="170" width="8" height="8"/>
    </entry>
    <entry id="22" name="cpd:C14766" type="compound"
        link="http://www.kegg.jp/dbget-bin/www_bget?C14766">
        <graphics name="C14766" fgcolor="#000000" bgcolor="#FFFFFF"
             type="circle" x="705" y="113" width="8" height="8"/>
    </entry>
    <entry id="23" name="cpd:C14765" type="compound"
        link="http://www.kegg.jp/dbget-bin/www_bget?C14765">
        <graphics name="C14765" fgcolor="#000000" bgcolor="#FFFFFF"
             type="circle" x="705" y="487" width="8" height="8"/>
    </entry>
    <entry id="24" name="cpd:C14767" type="compound"
        link="http://www.kegg.jp/dbget-bin/www_bget?C14767">
        <graphics name="C14767" fgcolor="#000000" bgcolor="#FFFFFF"
             type="circle" x="705" y="170" width="8" height="8"/>
    </entry>
    <entry id="25" name="cpd:C14833" type="compound"
        link="http://www.kegg.jp/dbget-bin/www_bget?C14833">
        <graphics name="C14833" fgcolor="#000000" bgcolor="#FFFFFF"
             type="circle" x="905" y="340" width="8" height="8"/>
    </entry>
    <entry id="26" name="cpd:C14835" type="compound"
        link="http://www.kegg.jp/dbget-bin/www_bget?C14835">
        <graphics name="C14835" fgcolor="#000000" bgcolor="#FFFFFF"
             type="circle" x="905" y="228" width="8" height="8"/>
    </entry>
    <entry id="27" name="cpd:C14832" type="compound"
        link="http://www.kegg.jp/dbget-bin/www_bget?C14832">
        <graphics name="C14832" fgcolor="#000000" bgcolor="#FFFFFF"
             type="circle" x="791" y="340" width="8" height="8"/>
    </entry>
    <entry id="28" name="cpd:C14834" type="compound"
        link="http://www.kegg.jp/dbget-bin/www_bget?C14834">
        <graphics name="C14834" fgcolor="#000000" bgcolor="#FFFFFF"
             type="circle" x="791" y="228" width="8" height="8"/>
    </entry>
    <entry id="29" name="cpd:C14828" type="compound"
        link="http://www.kegg.jp/dbget-bin/www_bget?C14828">
        <graphics name="C14828" fgcolor="#000000" bgcolor="#FFFFFF"
             type="circle" x="492" y="430" width="8" height="8"/>
    </entry>
    <entry id="30" name="cpd:C14825" type="compound"
        link="http://www.kegg.jp/dbget-bin/www_bget?C14825">
        <graphics name="C14825" fgcolor="#000000" bgcolor="#FFFFFF"
             type="circle" x="377" y="431" width="8" height="8"/>
    </entry>
    <entry id="31" name="path:ko00590" type="map"
        link="http://www.kegg.jp/dbget-bin/www_bget?ko00590">
        <graphics name="Arachidonic acid metabolism" fgcolor="#000000" bgcolor="#FFFFFF"
             type="roundrectangle" x="120" y="138" width="162" height="25"/>
    </entry>
    <entry id="32" name="ko:K07409" type="ortholog" reaction="rn:R07056"
        link="http://www.kegg.jp/dbget-bin/www_bget?K07409">
        <graphics name="K07409" fgcolor="#000000" bgcolor="#BFBFFF"
             type="rectangle" x="273" y="356" width="46" height="17"/>
    </entry>
    <entry id="34" name="cpd:C14827" type="compound"
        link="http://www.kegg.jp/dbget-bin/www_bget?C14827">
        <graphics name="C14827" fgcolor="#000000" bgcolor="#FFFFFF"
             type="circle" x="705" y="227" width="8" height="8"/>
    </entry>
    <entry id="35" name="ko:K00454" type="ortholog" reaction="rn:R03626"
        link="http://www.kegg.jp/dbget-bin/www_bget?K00454">
        <graphics name="K00454" fgcolor="#000000" bgcolor="#BFBFFF"
             type="rectangle" x="680" y="311" width="46" height="17"/>
    </entry>
    <entry id="36" name="path:ko00591" type="map"
        link="http://www.kegg.jp/dbget-bin/www_bget?ko00591">
        <graphics name="TITLE:Linoleic acid metabolism" fgcolor="#000000" bgcolor="#FFFFFF"
             type="roundrectangle" x="155" y="58" width="229" height="25"/>
    </entry>
    <entry id="37" name="ko:K00460" type="ortholog" reaction="rn:R03626"
        link="http://www.kegg.jp/dbget-bin/www_bget?K00460">
        <graphics name="K00460" fgcolor="#000000" bgcolor="#BFBFFF"
             type="rectangle" x="730" y="311" width="46" height="17"/>
    </entry>
    <entry id="39" name="ko:K01047 ko:K16342 ko:K16343 ko:K14621 ko:K14674 ko:K16817 ko:K01058" type="ortholog" reaction="rn:R07064"
        link="http://www.kegg.jp/dbget-bin/www_bget?K01047+K16342+K16343+K14621+K14674+K16817+K01058">
        <graphics name="K01047..." fgcolor="#000000" bgcolor="#BFBFFF"
             type="rectangle" x="378" y="204" width="46" height="17"/>
    </entry>
    <entry id="41" name="ko:K17863 ko:K17864" type="ortholog" reaction="rn:R07061"
        link="http://www.kegg.jp/dbget-bin/www_bget?K17863+K17864">
        <graphics name="K17863..." fgcolor="#000000" bgcolor="#BFBFFF"
             type="rectangle" x="459" y="259" width="46" height="17"/>
    </entry>
    <entry id="42" name="ko:K17864" type="ortholog" reaction="rn:R07062"
        link="http://www.kegg.jp/dbget-bin/www_bget?K17864">
        <graphics name="K17864" fgcolor="#000000" bgcolor="#BFBFFF"
             type="rectangle" x="514" y="204" width="46" height="17"/>
    </entry>
    <entry id="43" name="ko:K08262" type="ortholog" reaction="rn:R05740"
        link="http://www.kegg.jp/dbget-bin/www_bget?K08262">
        <graphics name="K08262" fgcolor="#000000" bgcolor="#BFBFFF"
             type="rectangle" x="288" y="275" width="46" height="17"/>
    </entry>
    <entry id="44" name="ko:K00508" type="ortholog" reaction="rn:R07063"
        link="http://www.kegg.jp/dbget-bin/www_bget?K00508">
        <graphics name="K00508" fgcolor="#000000" bgcolor="#BFBFFF"
             type="rectangle" x="288" y="227" width="46" height="17"/>
    </entry>
    <entry id="45" name="cpd:C00219" type="compound"
        link="http://www.kegg.jp/dbget-bin/www_bget?C00219">
        <graphics name="C00219" fgcolor="#000000" bgcolor="#FFFFFF"
             type="circle" x="115" y="227" width="8" height="8"/>
    </entry>
    <entry id="46" name="cpd:C00157" type="compound"
        link="http://www.kegg.jp/dbget-bin/www_bget?C00157">
        <graphics name="C00157" fgcolor="#000000" bgcolor="#FFFFFF"
             type="circle" x="379" y="170" width="8" height="8"/>
    </entry>
    <entry id="47" name="cpd:C14831" type="compound"
        link="http://www.kegg.jp/dbget-bin/www_bget?C14831">
        <graphics name="C14831" fgcolor="#000000" bgcolor="#FFFFFF"
             type="circle" x="459" y="227" width="8" height="8"/>
    </entry>
    <entry id="48" name="cpd:C07338" type="compound"
        link="http://www.kegg.jp/dbget-bin/www_bget?C07338">
        <graphics name="C07338" fgcolor="#000000" bgcolor="#FFFFFF"
             type="circle" x="634" y="227" width="8" height="8"/>
    </entry>
    <entry id="49" name="cpd:C14826" type="compound"
        link="http://www.kegg.jp/dbget-bin/www_bget?C14826">
        <graphics name="C14826" fgcolor="#000000" bgcolor="#FFFFFF"
             type="circle" x="273" y="431" width="8" height="8"/>
    </entry>
    <entry id="50" name="cpd:C01595" type="compound"
        link="http://www.kegg.jp/dbget-bin/www_bget?C01595">
        <graphics name="C01595" fgcolor="#000000" bgcolor="#FFFFFF"
             type="circle" x="379" y="283" width="8" height="8"/>
    </entry>
    <entry id="51" name="cpd:C06426" type="compound"
        link="http://www.kegg.jp/dbget-bin/www_bget?C06426">
        <graphics name="C06426" fgcolor="#000000" bgcolor="#FFFFFF"
             type="circle" x="228" y="227" width="8" height="8"/>
    </entry>
    <entry id="52" name="cpd:C07289" type="compound"
        link="http://www.kegg.jp/dbget-bin/www_bget?C07289">
        <graphics name="C07289" fgcolor="#000000" bgcolor="#FFFFFF"
             type="circle" x="228" y="279" width="8" height="8"/>
    </entry>
    <entry id="53" name="cpd:C14762" type="compound"
        link="http://www.kegg.jp/dbget-bin/www_bget?C14762">
        <graphics name="C14762" fgcolor="#000000" bgcolor="#FFFFFF"
             type="circle" x="705" y="430" width="8" height="8"/>
    </entry>
    <entry id="54" name="cpd:C04056" type="compound"
        link="http://www.kegg.jp/dbget-bin/www_bget?C04056">
        <graphics name="C04056" fgcolor="#000000" bgcolor="#FFFFFF"
             type="circle" x="492" y="340" width="8" height="8"/>
    </entry>
    <entry id="55" name="cpd:C07354" type="compound"
        link="http://www.kegg.jp/dbget-bin/www_bget?C07354">
        <graphics name="C07354" fgcolor="#000000" bgcolor="#FFFFFF"
             type="circle" x="514" y="170" width="8" height="8"/>
    </entry>
    <entry id="56" name="cpd:C14829" type="compound"
        link="http://www.kegg.jp/dbget-bin/www_bget?C14829">
        <graphics name="C14829" fgcolor="#000000" bgcolor="#FFFFFF"
             type="circle" x="172" y="431" width="8" height="8"/>
    </entry>
    <entry id="57" name="cpd:C03242" type="compound"
        link="http://www.kegg.jp/dbget-bin/www_bget?C03242">
        <graphics name="C03242" fgcolor="#000000" bgcolor="#FFFFFF"
             type="circle" x="172" y="227" width="8" height="8"/>
    </entry>
    <entry id="58" name="cpd:C14837" type="compound"
        link="http://www.kegg.jp/dbget-bin/www_bget?C14837">
        <graphics name="C14837" fgcolor="#000000" bgcolor="#FFFFFF"
             type="circle" x="325" y="544" width="8" height="8"/>
    </entry>
    <entry id="59" name="cpd:C14836" type="compound"
        link="http://www.kegg.jp/dbget-bin/www_bget?C14836">
        <graphics name="C14836" fgcolor="#000000" bgcolor="#FFFFFF"
             type="circle" x="325" y="487" width="8" height="8"/>
    </entry>
    <entry id="76" name="ko:K15718" type="ortholog" reaction="rn:R07057"
        link="http://www.kegg.jp/dbget-bin/www_bget?K15718">
        <graphics name="K15718" fgcolor="#000000" bgcolor="#BFBFFF"
             type="rectangle" x="705" y="259" width="46" height="17"/>
    </entry>
    <entry id="77" name="ko:K07413 ko:K17718 ko:K17719 ko:K17721" type="ortholog" reaction="rn:R07056"
        link="http://www.kegg.jp/dbget-bin/www_bget?K07413+K17718+K17719+K17721">
        <graphics name="K07413..." fgcolor="#000000" bgcolor="#BFBFFF"
             type="rectangle" x="248" y="375" width="46" height="17"/>
    </entry>
    <entry id="78" name="ko:K07418" type="ortholog" reaction="rn:R07056"
        link="http://www.kegg.jp/dbget-bin/www_bget?K07418">
        <graphics name="K07418" fgcolor="#000000" bgcolor="#BFBFFF"
             type="rectangle" x="298" y="375" width="46" height="17"/>
    </entry>
    <entry id="79" name="ko:K07415" type="ortholog" reaction="rn:R07056"
        link="http://www.kegg.jp/dbget-bin/www_bget?K07415">
        <graphics name="K07415" fgcolor="#000000" bgcolor="#BFBFFF"
             type="rectangle" x="248" y="394" width="46" height="17"/>
    </entry>
    <entry id="80" name="ko:K17689 ko:K07424" type="ortholog" reaction="rn:R07056"
        link="http://www.kegg.jp/dbget-bin/www_bget?K17689+K07424">
        <graphics name="K17689..." fgcolor="#000000" bgcolor="#BFBFFF"
             type="rectangle" x="298" y="394" width="46" height="17"/>
    </entry>
    <entry id="81" name="ko:K07413 ko:K17718 ko:K17719 ko:K17721" type="ortholog" reaction="rn:R07055"
        link="http://www.kegg.jp/dbget-bin/www_bget?K07413+K17718+K17719+K17721">
        <graphics name="K07413..." fgcolor="#000000" bgcolor="#BFBFFF"
             type="rectangle" x="352" y="375" width="46" height="17"/>
    </entry>
    <entry id="82" name="ko:K07418" type="ortholog" reaction="rn:R07055"
        link="http://www.kegg.jp/dbget-bin/www_bget?K07418">
        <graphics name="K07418" fgcolor="#000000" bgcolor="#BFBFFF"
             type="rectangle" x="402" y="375" width="46" height="17"/>
    </entry>
    <entry id="83" name="ko:K07415" type="ortholog" reaction="rn:R07055"
        link="http://www.kegg.jp/dbget-bin/www_bget?K07415">
        <graphics name="K07415" fgcolor="#000000" bgcolor="#BFBFFF"
             type="rectangle" x="352" y="394" width="46" height="17"/>
    </entry>
    <entry id="84" name="ko:K17689 ko:K07424" type="ortholog" reaction="rn:R07055"
        link="http://www.kegg.jp/dbget-bin/www_bget?K17689+K07424">
        <graphics name="K17689..." fgcolor="#000000" bgcolor="#BFBFFF"
             type="rectangle" x="402" y="394" width="46" height="17"/>
    </entry>
    <entry id="85" name="cpd:C20186" type="compound"
        link="http://www.kegg.jp/dbget-bin/www_bget?C20186">
        <graphics name="C20186" fgcolor="#000000" bgcolor="#FFFFFF"
             type="circle" x="459" y="170" width="8" height="8"/>
    </entry>
    <entry id="86" name="ko:K17863" type="ortholog" reaction="rn:R09905"
        link="http://www.kegg.jp/dbget-bin/www_bget?K17863">
        <graphics name="K17863" fgcolor="#000000" bgcolor="#BFBFFF"
             type="rectangle" x="459" y="204" width="46" height="17"/>
    </entry>
    <entry id="88" name="cpd:C19937" type="compound"
        link="http://www.kegg.jp/dbget-bin/www_bget?C19937">
        <graphics name="C19937" fgcolor="#000000" bgcolor="#FFFFFF"
             type="circle" x="566" y="224" width="8" height="8"/>
    </entry>
    <entry id="89" name="ko:K17862" type="ortholog" reaction="rn:R09811"
        link="http://www.kegg.jp/dbget-bin/www_bget?K17862">
        <graphics name="K17862" fgcolor="#000000" bgcolor="#BFBFFF"
             type="rectangle" x="566" y="258" width="46" height="17"/>
    </entry>
    <relation entry1="39" entry2="44" type="ECrel">
        <subtype name="compound" value="50"/>
    </relation>
    <relation entry1="39" entry2="43" type="ECrel">
        <subtype name="compound" value="50"/>
    </relation>
    <relation entry1="32" entry2="39" type="ECrel">
        <subtype name="compound" value="50"/>
    </relation>
    <relation entry1="18" entry2="39" type="ECrel">
        <subtype name="compound" value="50"/>
    </relation>
    <relation entry1="35" entry2="39" type="ECrel">
        <subtype name="compound" value="50"/>
    </relation>
    <relation entry1="37" entry2="39" type="ECrel">
        <subtype name="compound" value="50"/>
    </relation>
    <relation entry1="39" entry2="41" type="ECrel">
        <subtype name="compound" value="50"/>
    </relation>
    <relation entry1="43" entry2="44" type="ECrel">
        <subtype name="compound" value="50"/>
    </relation>
    <relation entry1="32" entry2="44" type="ECrel">
        <subtype name="compound" value="50"/>
    </relation>
    <relation entry1="18" entry2="44" type="ECrel">
        <subtype name="compound" value="50"/>
    </relation>
    <relation entry1="35" entry2="44" type="ECrel">
        <subtype name="compound" value="50"/>
    </relation>
    <relation entry1="37" entry2="44" type="ECrel">
        <subtype name="compound" value="50"/>
    </relation>
    <relation entry1="41" entry2="44" type="ECrel">
        <subtype name="compound" value="50"/>
    </relation>
    <relation entry1="32" entry2="43" type="ECrel">
        <subtype name="compound" value="50"/>
    </relation>
    <relation entry1="18" entry2="43" type="ECrel">
        <subtype name="compound" value="50"/>
    </relation>
    <relation entry1="35" entry2="43" type="ECrel">
        <subtype name="compound" value="50"/>
    </relation>
    <relation entry1="37" entry2="43" type="ECrel">
        <subtype name="compound" value="50"/>
    </relation>
    <relation entry1="41" entry2="43" type="ECrel">
        <subtype name="compound" value="50"/>
    </relation>
    <relation entry1="32" entry2="35" type="ECrel">
        <subtype name="compound" value="50"/>
    </relation>
    <relation entry1="32" entry2="37" type="ECrel">
        <subtype name="compound" value="50"/>
    </relation>
    <relation entry1="32" entry2="41" type="ECrel">
        <subtype name="compound" value="50"/>
    </relation>
    <relation entry1="18" entry2="35" type="ECrel">
        <subtype name="compound" value="50"/>
    </relation>
    <relation entry1="18" entry2="37" type="ECrel">
        <subtype name="compound" value="50"/>
    </relation>
    <relation entry1="18" entry2="41" type="ECrel">
        <subtype name="compound" value="50"/>
    </relation>
    <relation entry1="35" entry2="41" type="ECrel">
        <subtype name="compound" value="50"/>
    </relation>
    <relation entry1="37" entry2="41" type="ECrel">
        <subtype name="compound" value="50"/>
    </relation>
    <relation entry1="43" entry2="76" type="ECrel">
        <subtype name="compound" value="50"/>
    </relation>
    <relation entry1="32" entry2="76" type="ECrel">
        <subtype name="compound" value="50"/>
    </relation>
    <relation entry1="18" entry2="76" type="ECrel">
        <subtype name="compound" value="50"/>
    </relation>
    <relation entry1="35" entry2="76" type="ECrel">
        <subtype name="compound" value="50"/>
    </relation>
    <relation entry1="37" entry2="76" type="ECrel">
        <subtype name="compound" value="50"/>
    </relation>
    <relation entry1="76" entry2="41" type="ECrel">
        <subtype name="compound" value="50"/>
    </relation>
    <relation entry1="76" entry2="39" type="ECrel">
        <subtype name="compound" value="50"/>
    </relation>
    <relation entry1="76" entry2="44" type="ECrel">
        <subtype name="compound" value="50"/>
    </relation>
    <relation entry1="18" entry2="78" type="ECrel">
        <subtype name="compound" value="50"/>
    </relation>
    <relation entry1="18" entry2="80" type="ECrel">
        <subtype name="compound" value="50"/>
    </relation>
    <relation entry1="18" entry2="79" type="ECrel">
        <subtype name="compound" value="50"/>
    </relation>
    <relation entry1="18" entry2="77" type="ECrel">
        <subtype name="compound" value="50"/>
    </relation>
    <relation entry1="82" entry2="32" type="ECrel">
        <subtype name="compound" value="50"/>
    </relation>
    <relation entry1="82" entry2="80" type="ECrel">
        <subtype name="compound" value="50"/>
    </relation>
    <relation entry1="82" entry2="79" type="ECrel">
        <subtype name="compound" value="50"/>
    </relation>
    <relation entry1="82" entry2="77" type="ECrel">
        <subtype name="compound" value="50"/>
    </relation>
    <relation entry1="82" entry2="43" type="ECrel">
        <subtype name="compound" value="50"/>
    </relation>
    <relation entry1="82" entry2="44" type="ECrel">
        <subtype name="compound" value="50"/>
    </relation>
    <relation entry1="82" entry2="39" type="ECrel">
        <subtype name="compound" value="50"/>
    </relation>
    <relation entry1="82" entry2="41" type="ECrel">
        <subtype name="compound" value="50"/>
    </relation>
    <relation entry1="82" entry2="76" type="ECrel">
        <subtype name="compound" value="50"/>
    </relation>
    <relation entry1="82" entry2="35" type="ECrel">
        <subtype name="compound" value="50"/>
    </relation>
    <relation entry1="82" entry2="37" type="ECrel">
        <subtype name="compound" value="50"/>
    </relation>
    <relation entry1="84" entry2="32" type="ECrel">
        <subtype name="compound" value="50"/>
    </relation>
    <relation entry1="84" entry2="78" type="ECrel">
        <subtype name="compound" value="50"/>
    </relation>
    <relation entry1="84" entry2="79" type="ECrel">
        <subtype name="compound" value="50"/>
    </relation>
    <relation entry1="84" entry2="77" type="ECrel">
        <subtype name="compound" value="50"/>
    </relation>
    <relation entry1="84" entry2="43" type="ECrel">
        <subtype name="compound" value="50"/>
    </relation>
    <relation entry1="84" entry2="44" type="ECrel">
        <subtype name="compound" value="50"/>
    </relation>
    <relation entry1="84" entry2="39" type="ECrel">
        <subtype name="compound" value="50"/>
    </relation>
    <relation entry1="84" entry2="41" type="ECrel">
        <subtype name="compound" value="50"/>
    </relation>
    <relation entry1="84" entry2="76" type="ECrel">
        <subtype name="compound" value="50"/>
    </relation>
    <relation entry1="84" entry2="35" type="ECrel">
        <subtype name="compound" value="50"/>
    </relation>
    <relation entry1="84" entry2="37" type="ECrel">
        <subtype name="compound" value="50"/>
    </relation>
    <relation entry1="83" entry2="32" type="ECrel">
        <subtype name="compound" value="50"/>
    </relation>
    <relation entry1="83" entry2="78" type="ECrel">
        <subtype name="compound" value="50"/>
    </relation>
    <relation entry1="83" entry2="80" type="ECrel">
        <subtype name="compound" value="50"/>
    </relation>
    <relation entry1="81" entry2="32" type="ECrel">
        <subtype name="compound" value="50"/>
    </relation>
    <relation entry1="81" entry2="78" type="ECrel">
        <subtype name="compound" value="50"/>
    </relation>
    <relation entry1="81" entry2="80" type="ECrel">
        <subtype name="compound" value="50"/>
    </relation>
    <relation entry1="81" entry2="79" type="ECrel">
        <subtype name="compound" value="50"/>
    </relation>
    <relation entry1="81" entry2="43" type="ECrel">
        <subtype name="compound" value="50"/>
    </relation>
    <relation entry1="81" entry2="44" type="ECrel">
        <subtype name="compound" value="50"/>
    </relation>
    <relation entry1="81" entry2="39" type="ECrel">
        <subtype name="compound" value="50"/>
    </relation>
    <relation entry1="81" entry2="41" type="ECrel">
        <subtype name="compound" value="50"/>
    </relation>
    <relation entry1="81" entry2="76" type="ECrel">
        <subtype name="compound" value="50"/>
    </relation>
    <relation entry1="81" entry2="35" type="ECrel">
        <subtype name="compound" value="50"/>
    </relation>
    <relation entry1="81" entry2="37" type="ECrel">
        <subtype name="compound" value="50"/>
    </relation>
    <relation entry1="78" entry2="43" type="ECrel">
        <subtype name="compound" value="50"/>
    </relation>
    <relation entry1="78" entry2="44" type="ECrel">
        <subtype name="compound" value="50"/>
    </relation>
    <relation entry1="78" entry2="39" type="ECrel">
        <subtype name="compound" value="50"/>
    </relation>
    <relation entry1="78" entry2="41" type="ECrel">
        <subtype name="compound" value="50"/>
    </relation>
    <relation entry1="78" entry2="76" type="ECrel">
        <subtype name="compound" value="50"/>
    </relation>
    <relation entry1="78" entry2="35" type="ECrel">
        <subtype name="compound" value="50"/>
    </relation>
    <relation entry1="78" entry2="37" type="ECrel">
        <subtype name="compound" value="50"/>
    </relation>
    <relation entry1="80" entry2="43" type="ECrel">
        <subtype name="compound" value="50"/>
    </relation>
    <relation entry1="80" entry2="44" type="ECrel">
        <subtype name="compound" value="50"/>
    </relation>
    <relation entry1="80" entry2="39" type="ECrel">
        <subtype name="compound" value="50"/>
    </relation>
    <relation entry1="80" entry2="41" type="ECrel">
        <subtype name="compound" value="50"/>
    </relation>
    <relation entry1="80" entry2="76" type="ECrel">
        <subtype name="compound" value="50"/>
    </relation>
    <relation entry1="80" entry2="35" type="ECrel">
        <subtype name="compound" value="50"/>
    </relation>
    <relation entry1="80" entry2="37" type="ECrel">
        <subtype name="compound" value="50"/>
    </relation>
    <relation entry1="79" entry2="43" type="ECrel">
        <subtype name="compound" value="50"/>
    </relation>
    <relation entry1="79" entry2="44" type="ECrel">
        <subtype name="compound" value="50"/>
    </relation>
    <relation entry1="79" entry2="39" type="ECrel">
        <subtype name="compound" value="50"/>
    </relation>
    <relation entry1="79" entry2="41" type="ECrel">
        <subtype name="compound" value="50"/>
    </relation>
    <relation entry1="79" entry2="76" type="ECrel">
        <subtype name="compound" value="50"/>
    </relation>
    <relation entry1="79" entry2="35" type="ECrel">
        <subtype name="compound" value="50"/>
    </relation>
    <relation entry1="79" entry2="37" type="ECrel">
        <subtype name="compound" value="50"/>
    </relation>
    <relation entry1="77" entry2="43" type="ECrel">
        <subtype name="compound" value="50"/>
    </relation>
    <relation entry1="77" entry2="44" type="ECrel">
        <subtype name="compound" value="50"/>
    </relation>
    <relation entry1="77" entry2="39" type="ECrel">
        <subtype name="compound" value="50"/>
    </relation>
    <relation entry1="77" entry2="41" type="ECrel">
        <subtype name="compound" value="50"/>
    </relation>
    <relation entry1="77" entry2="76" type="ECrel">
        <subtype name="compound" value="50"/>
    </relation>
    <relation entry1="77" entry2="35" type="ECrel">
        <subtype name="compound" value="50"/>
    </relation>
    <relation entry1="77" entry2="37" type="ECrel">
        <subtype name="compound" value="50"/>
    </relation>
    <relation entry1="86" entry2="41" type="ECrel">
        <subtype name="compound" value="47"/>
    </relation>
    <relation entry1="86" entry2="42" type="ECrel">
        <subtype name="compound" value="47"/>
    </relation>
    <relation entry1="41" entry2="42" type="ECrel">
        <subtype name="compound" value="47"/>
    </relation>
    <relation entry1="43" entry2="89" type="ECrel">
        <subtype name="compound" value="50"/>
    </relation>
    <relation entry1="43" entry2="83" type="ECrel">
        <subtype name="compound" value="50"/>
    </relation>
    <relation entry1="44" entry2="89" type="ECrel">
        <subtype name="compound" value="50"/>
    </relation>
    <relation entry1="44" entry2="83" type="ECrel">
        <subtype name="compound" value="50"/>
    </relation>
    <relation entry1="39" entry2="89" type="ECrel">
        <subtype name="compound" value="50"/>
    </relation>
    <relation entry1="39" entry2="83" type="ECrel">
        <subtype name="compound" value="50"/>
    </relation>
    <relation entry1="41" entry2="89" type="ECrel">
        <subtype name="compound" value="50"/>
    </relation>
    <relation entry1="41" entry2="83" type="ECrel">
        <subtype name="compound" value="50"/>
    </relation>
    <relation entry1="89" entry2="76" type="ECrel">
        <subtype name="compound" value="50"/>
    </relation>
    <relation entry1="89" entry2="35" type="ECrel">
        <subtype name="compound" value="50"/>
    </relation>
    <relation entry1="89" entry2="37" type="ECrel">
        <subtype name="compound" value="50"/>
    </relation>
    <relation entry1="89" entry2="18" type="ECrel">
        <subtype name="compound" value="50"/>
    </relation>
    <relation entry1="89" entry2="81" type="ECrel">
        <subtype name="compound" value="50"/>
    </relation>
    <relation entry1="89" entry2="83" type="ECrel">
        <subtype name="compound" value="50"/>
    </relation>
    <relation entry1="89" entry2="84" type="ECrel">
        <subtype name="compound" value="50"/>
    </relation>
    <relation entry1="89" entry2="82" type="ECrel">
        <subtype name="compound" value="50"/>
    </relation>
    <relation entry1="89" entry2="32" type="ECrel">
        <subtype name="compound" value="50"/>
    </relation>
    <relation entry1="89" entry2="77" type="ECrel">
        <subtype name="compound" value="50"/>
    </relation>
    <relation entry1="89" entry2="79" type="ECrel">
        <subtype name="compound" value="50"/>
    </relation>
    <relation entry1="89" entry2="80" type="ECrel">
        <subtype name="compound" value="50"/>
    </relation>
    <relation entry1="89" entry2="78" type="ECrel">
        <subtype name="compound" value="50"/>
    </relation>
    <relation entry1="76" entry2="83" type="ECrel">
        <subtype name="compound" value="50"/>
    </relation>
    <relation entry1="35" entry2="83" type="ECrel">
        <subtype name="compound" value="50"/>
    </relation>
    <relation entry1="37" entry2="83" type="ECrel">
        <subtype name="compound" value="50"/>
    </relation>
    <relation entry1="83" entry2="77" type="ECrel">
        <subtype name="compound" value="50"/>
    </relation>
    <reaction id="18" name="rn:R07055" type="irreversible">
        <substrate id="50" name="cpd:C01595"/>
        <product id="30" name="cpd:C14825"/>
    </reaction>
    <reaction id="32" name="rn:R07056" type="irreversible">
        <substrate id="50" name="cpd:C01595"/>
        <product id="49" name="cpd:C14826"/>
    </reaction>
    <reaction id="35" name="rn:R03626" type="irreversible">
        <substrate id="50" name="cpd:C01595"/>
        <product id="19" name="cpd:C04717"/>
    </reaction>
    <reaction id="37" name="rn:R03626" type="irreversible">
        <substrate id="50" name="cpd:C01595"/>
        <product id="19" name="cpd:C04717"/>
    </reaction>
    <reaction id="39" name="rn:R07064" type="irreversible">
        <substrate id="46" name="cpd:C00157"/>
        <product id="50" name="cpd:C01595"/>
    </reaction>
    <reaction id="41" name="rn:R07061" type="irreversible">
        <substrate id="50" name="cpd:C01595"/>
        <product id="47" name="cpd:C14831"/>
    </reaction>
    <reaction id="42" name="rn:R07062" type="irreversible">
        <substrate id="47" name="cpd:C14831"/>
        <product id="55" name="cpd:C07354"/>
    </reaction>
    <reaction id="43" name="rn:R05740" type="irreversible">
        <substrate id="50" name="cpd:C01595"/>
        <product id="52" name="cpd:C07289"/>
    </reaction>
    <reaction id="44" name="rn:R07063" type="irreversible">
        <substrate id="50" name="cpd:C01595"/>
        <product id="51" name="cpd:C06426"/>
    </reaction>
    <reaction id="76" name="rn:R07057" type="irreversible">
        <substrate id="50" name="cpd:C01595"/>
        <product id="34" name="cpd:C14827"/>
    </reaction>
    <reaction id="77" name="rn:R07056" type="irreversible">
        <substrate id="50" name="cpd:C01595"/>
        <product id="49" name="cpd:C14826"/>
    </reaction>
    <reaction id="78" name="rn:R07056" type="irreversible">
        <substrate id="50" name="cpd:C01595"/>
        <product id="49" name="cpd:C14826"/>
    </reaction>
    <reaction id="79" name="rn:R07056" type="irreversible">
        <substrate id="50" name="cpd:C01595"/>
        <product id="49" name="cpd:C14826"/>
    </reaction>
    <reaction id="80" name="rn:R07056" type="irreversible">
        <substrate id="50" name="cpd:C01595"/>
        <product id="49" name="cpd:C14826"/>
    </reaction>
    <reaction id="81" name="rn:R07055" type="irreversible">
        <substrate id="50" name="cpd:C01595"/>
        <product id="30" name="cpd:C14825"/>
    </reaction>
    <reaction id="82" name="rn:R07055" type="reversible">
        <substrate id="50" name="cpd:C01595"/>
        <product id="30" name="cpd:C14825"/>
    </reaction>
    <reaction id="83" name="rn:R07055" type="irreversible">
        <substrate id="50" name="cpd:C01595"/>
        <product id="30" name="cpd:C14825"/>
    </reaction>
    <reaction id="84" name="rn:R07055" type="irreversible">
        <substrate id="50" name="cpd:C01595"/>
        <product id="30" name="cpd:C14825"/>
    </reaction>
    <reaction id="86" name="rn:R09905" type="irreversible">
        <substrate id="47" name="cpd:C14831"/>
        <product id="85" name="cpd:C20186"/>
    </reaction>
    <reaction id="89" name="rn:R09811" type="irreversible">
        <substrate id="50" name="cpd:C01595"/>
        <product id="88" name="cpd:C19937"/>
    </reaction>
</pathway>
