<?xml version="1.0"?>
<!DOCTYPE pathway SYSTEM "http://www.kegg.jp/kegg/xml/KGML_v0.7.2_.dtd">
<!-- Creation date: Jun 26, 2014 15:27:42 +0900 (GMT+09:00) -->
<pathway name="path:ko00730" org="ko" number="00730"
         title="Thiamine metabolism"
         image="http://www.kegg.jp/kegg/pathway/ko/ko00730.png"
         link="http://www.kegg.jp/kegg-bin/show_pathway?ko00730">
    <entry id="16" name="cpd:C00082" type="compound"
        link="http://www.kegg.jp/dbget-bin/www_bget?C00082">
        <graphics name="C00082" fgcolor="#000000" bgcolor="#FFFFFF"
             type="circle" x="411" y="315" width="8" height="8"/>
    </entry>
    <entry id="17" name="cpd:C15809" type="compound"
        link="http://www.kegg.jp/dbget-bin/www_bget?C15809">
        <graphics name="C15809" fgcolor="#000000" bgcolor="#FFFFFF"
             type="circle" x="411" y="395" width="8" height="8"/>
    </entry>
    <entry id="18" name="cpd:C11437" type="compound"
        link="http://www.kegg.jp/dbget-bin/www_bget?C11437">
        <graphics name="C11437" fgcolor="#000000" bgcolor="#FFFFFF"
             type="circle" x="312" y="405" width="8" height="8"/>
    </entry>
    <entry id="19" name="cpd:C15814" type="compound"
        link="http://www.kegg.jp/dbget-bin/www_bget?C15814">
        <graphics name="C15814" fgcolor="#000000" bgcolor="#FFFFFF"
             type="circle" x="371" y="322" width="8" height="8"/>
    </entry>
    <entry id="20" name="cpd:C15813" type="compound"
        link="http://www.kegg.jp/dbget-bin/www_bget?C15813">
        <graphics name="C15813" fgcolor="#000000" bgcolor="#FFFFFF"
             type="circle" x="261" y="322" width="8" height="8"/>
    </entry>
    <entry id="21" name="cpd:C15812" type="compound"
        link="http://www.kegg.jp/dbget-bin/www_bget?C15812">
        <graphics name="C15812" fgcolor="#000000" bgcolor="#FFFFFF"
             type="circle" x="276" y="284" width="8" height="8"/>
    </entry>
    <entry id="22" name="cpd:C15811" type="compound"
        link="http://www.kegg.jp/dbget-bin/www_bget?C15811">
        <graphics name="C15811" fgcolor="#000000" bgcolor="#FFFFFF"
             type="circle" x="166" y="284" width="8" height="8"/>
    </entry>
    <entry id="23" name="cpd:C00097" type="compound"
        link="http://www.kegg.jp/dbget-bin/www_bget?C00097">
        <graphics name="C00097" fgcolor="#000000" bgcolor="#FFFFFF"
             type="circle" x="186" y="255" width="8" height="8"/>
    </entry>
    <entry id="24" name="cpd:C15810" type="compound"
        link="http://www.kegg.jp/dbget-bin/www_bget?C15810">
        <graphics name="C15810" fgcolor="#000000" bgcolor="#FFFFFF"
             type="circle" x="151" y="321" width="8" height="8"/>
    </entry>
    <entry id="25" name="path:ko00260" type="map"
        link="http://www.kegg.jp/dbget-bin/www_bget?ko00260">
        <graphics name="Glycine, serine and threonine metabolism" fgcolor="#000000" bgcolor="#FFFFFF"
             type="roundrectangle" x="493" y="246" width="73" height="34"/>
    </entry>
    <entry id="26" name="path:ko00400" type="map"
        link="http://www.kegg.jp/dbget-bin/www_bget?ko00400">
        <graphics name="Phenylalanine, tyrosine and tryptophan biosynthesis" fgcolor="#000000" bgcolor="#FFFFFF"
             type="roundrectangle" x="412" y="246" width="75" height="34"/>
    </entry>
    <entry id="27" name="path:ko00730" type="map"
        link="http://www.kegg.jp/dbget-bin/www_bget?ko00730">
        <graphics name="TITLE:Thiamine metabolism" fgcolor="#000000" bgcolor="#FFFFFF"
             type="roundrectangle" x="134" y="58" width="188" height="25"/>
    </entry>
    <entry id="28" name="path:ko00010" type="map"
        link="http://www.kegg.jp/dbget-bin/www_bget?ko00010">
        <graphics name="Glycolysis / Gluconeogenesis" fgcolor="#000000" bgcolor="#FFFFFF"
             type="roundrectangle" x="116" y="406" width="71" height="25"/>
    </entry>
    <entry id="29" name="path:ko00230" type="map"
        link="http://www.kegg.jp/dbget-bin/www_bget?ko00230">
        <graphics name="Purine metabolism" fgcolor="#000000" bgcolor="#FFFFFF"
             type="roundrectangle" x="85" y="158" width="108" height="25"/>
    </entry>
    <entry id="30" name="cpd:C03373" type="compound"
        link="http://www.kegg.jp/dbget-bin/www_bget?C03373">
        <graphics name="C03373" fgcolor="#000000" bgcolor="#FFFFFF"
             type="circle" x="200" y="158" width="8" height="8"/>
    </entry>
    <entry id="31" name="cpd:C01279" type="compound"
        link="http://www.kegg.jp/dbget-bin/www_bget?C01279">
        <graphics name="C01279" fgcolor="#000000" bgcolor="#FFFFFF"
             type="circle" x="57" y="194" width="8" height="8"/>
    </entry>
    <entry id="32" name="cpd:C04556" type="compound"
        link="http://www.kegg.jp/dbget-bin/www_bget?C04556">
        <graphics name="C04556" fgcolor="#000000" bgcolor="#FFFFFF"
             type="circle" x="317" y="194" width="8" height="8"/>
    </entry>
    <entry id="33" name="cpd:C04752" type="compound"
        link="http://www.kegg.jp/dbget-bin/www_bget?C04752">
        <graphics name="C04752" fgcolor="#000000" bgcolor="#FFFFFF"
             type="circle" x="542" y="194" width="8" height="8"/>
    </entry>
    <entry id="34" name="cpd:C00118" type="compound"
        link="http://www.kegg.jp/dbget-bin/www_bget?C00118">
        <graphics name="C00118" fgcolor="#000000" bgcolor="#FFFFFF"
             type="circle" x="202" y="405" width="8" height="8"/>
    </entry>
    <entry id="35" name="cpd:C04327" type="compound"
        link="http://www.kegg.jp/dbget-bin/www_bget?C04327">
        <graphics name="C04327" fgcolor="#000000" bgcolor="#FFFFFF"
             type="circle" x="371" y="601" width="8" height="8"/>
    </entry>
    <entry id="36" name="cpd:C01081" type="compound"
        link="http://www.kegg.jp/dbget-bin/www_bget?C01081">
        <graphics name="C01081" fgcolor="#000000" bgcolor="#FFFFFF"
             type="circle" x="621" y="601" width="8" height="8"/>
    </entry>
    <entry id="37" name="cpd:C02691" type="compound"
        link="http://www.kegg.jp/dbget-bin/www_bget?C02691">
        <graphics name="C02691" fgcolor="#000000" bgcolor="#FFFFFF"
             type="circle" x="458" y="668" width="8" height="8"/>
    </entry>
    <entry id="38" name="cpd:C02892" type="compound"
        link="http://www.kegg.jp/dbget-bin/www_bget?C02892">
        <graphics name="C02892" fgcolor="#000000" bgcolor="#FFFFFF"
             type="circle" x="840" y="696" width="8" height="8"/>
    </entry>
    <entry id="39" name="cpd:C00068" type="compound"
        link="http://www.kegg.jp/dbget-bin/www_bget?C00068">
        <graphics name="C00068" fgcolor="#000000" bgcolor="#FFFFFF"
             type="circle" x="769" y="601" width="8" height="8"/>
    </entry>
    <entry id="40" name="cpd:C03028" type="compound"
        link="http://www.kegg.jp/dbget-bin/www_bget?C03028">
        <graphics name="C03028" fgcolor="#000000" bgcolor="#FFFFFF"
             type="circle" x="892" y="601" width="8" height="8"/>
    </entry>
    <entry id="41" name="cpd:C00378" type="compound"
        link="http://www.kegg.jp/dbget-bin/www_bget?C00378">
        <graphics name="C00378" fgcolor="#000000" bgcolor="#FFFFFF"
             type="circle" x="621" y="696" width="8" height="8"/>
    </entry>
    <entry id="42" name="cpd:C05856" type="compound"
        link="http://www.kegg.jp/dbget-bin/www_bget?C05856">
        <graphics name="C05856" fgcolor="#000000" bgcolor="#FFFFFF"
             type="circle" x="730" y="696" width="8" height="8"/>
    </entry>
    <entry id="60" name="ko:K05307" type="ortholog" reaction="rn:R00618"
        link="http://www.kegg.jp/dbget-bin/www_bget?K05307">
        <graphics name="K05307" fgcolor="#000000" bgcolor="#BFBFFF"
             type="rectangle" x="835" y="602" width="46" height="17"/>
    </entry>
    <entry id="61" name="ko:K00949" type="ortholog" reaction="rn:R00616"
        link="http://www.kegg.jp/dbget-bin/www_bget?K00949">
        <graphics name="K00949" fgcolor="#000000" bgcolor="#BFBFFF"
             type="rectangle" x="835" y="564" width="46" height="17"/>
    </entry>
    <entry id="64" name="ko:K06928" type="ortholog" reaction="rn:R00615"
        link="http://www.kegg.jp/dbget-bin/www_bget?K06928">
        <graphics name="K06928" fgcolor="#000000" bgcolor="#BFBFFF"
             type="rectangle" x="703" y="605" width="46" height="17"/>
    </entry>
    <entry id="65" name="ko:K00946" type="ortholog" reaction="rn:R00617"
        link="http://www.kegg.jp/dbget-bin/www_bget?K00946">
        <graphics name="K00946" fgcolor="#000000" bgcolor="#BFBFFF"
             type="rectangle" x="703" y="557" width="46" height="17"/>
    </entry>
    <entry id="66" name="ko:K00949" type="ortholog" reaction="rn:R00619"
        link="http://www.kegg.jp/dbget-bin/www_bget?K00949">
        <graphics name="K00949" fgcolor="#000000" bgcolor="#BFBFFF"
             type="rectangle" x="703" y="669" width="46" height="17"/>
    </entry>
    <entry id="67" name="ko:K07251" type="ortholog" reaction="rn:R02134"
        link="http://www.kegg.jp/dbget-bin/www_bget?K07251">
        <graphics name="K07251" fgcolor="#000000" bgcolor="#BFBFFF"
             type="rectangle" x="644" y="652" width="46" height="17"/>
    </entry>
    <entry id="69" name="ko:K10811" type="ortholog" reaction="rn:R02863"
        link="http://www.kegg.jp/dbget-bin/www_bget?K10811">
        <graphics name="K10811" fgcolor="#000000" bgcolor="#BFBFFF"
             type="rectangle" x="552" y="670" width="46" height="17"/>
    </entry>
    <entry id="70" name="ko:K03707" type="ortholog" reaction="rn:R02133"
        link="http://www.kegg.jp/dbget-bin/www_bget?K03707">
        <graphics name="K03707" fgcolor="#000000" bgcolor="#BFBFFF"
             type="rectangle" x="374" y="696" width="46" height="17"/>
    </entry>
    <entry id="71" name="ko:K03149" type="ortholog" reaction="rn:R10247"
        link="http://www.kegg.jp/dbget-bin/www_bget?K03149">
        <graphics name="K03149" fgcolor="#000000" bgcolor="#BFBFFF"
             type="rectangle" x="371" y="432" width="46" height="17"/>
    </entry>
    <entry id="72" name="ko:K03153" type="ortholog" reaction="rn:R07463"
        link="http://www.kegg.jp/dbget-bin/www_bget?K03153">
        <graphics name="K03153" fgcolor="#000000" bgcolor="#BFBFFF"
             type="rectangle" x="492" y="353" width="46" height="17"/>
    </entry>
    <entry id="73" name="ko:K03151" type="ortholog" reaction="rn:R07461"
        link="http://www.kegg.jp/dbget-bin/www_bget?K03151">
        <graphics name="K03151" fgcolor="#000000" bgcolor="#BFBFFF"
             type="rectangle" x="316" y="323" width="46" height="17"/>
    </entry>
    <entry id="74" name="ko:K04487" type="ortholog" reaction="rn:R07460"
        link="http://www.kegg.jp/dbget-bin/www_bget?K04487">
        <graphics name="K04487" fgcolor="#000000" bgcolor="#BFBFFF"
             type="rectangle" x="223" y="285" width="46" height="17"/>
    </entry>
    <entry id="75" name="ko:K03148" type="ortholog" reaction="rn:R07459"
        link="http://www.kegg.jp/dbget-bin/www_bget?K03148">
        <graphics name="K03148" fgcolor="#000000" bgcolor="#BFBFFF"
             type="rectangle" x="204" y="323" width="46" height="17"/>
    </entry>
    <entry id="76" name="ko:K00878 ko:K14154" type="ortholog" reaction="rn:R04448"
        link="http://www.kegg.jp/dbget-bin/www_bget?K00878+K14154">
        <graphics name="K00878..." fgcolor="#000000" bgcolor="#BFBFFF"
             type="rectangle" x="293" y="602" width="46" height="17"/>
    </entry>
    <entry id="77" name="ko:K00877 ko:K00941 ko:K14153" type="ortholog" reaction="rn:R04509"
        link="http://www.kegg.jp/dbget-bin/www_bget?K00877+K00941+K14153">
        <graphics name="K00877..." fgcolor="#000000" bgcolor="#BFBFFF"
             type="rectangle" x="432" y="195" width="46" height="17"/>
    </entry>
    <entry id="78" name="ko:K00877 ko:K00941 ko:K14153" type="ortholog" reaction="rn:R03471"
        link="http://www.kegg.jp/dbget-bin/www_bget?K00877+K00941+K14153">
        <graphics name="K00877..." fgcolor="#000000" bgcolor="#BFBFFF"
             type="rectangle" x="185" y="195" width="46" height="17"/>
    </entry>
    <entry id="80" name="ko:K01662" type="ortholog" reaction="rn:R05636"
        link="http://www.kegg.jp/dbget-bin/www_bget?K01662">
        <graphics name="K01662" fgcolor="#000000" bgcolor="#BFBFFF"
             type="rectangle" x="262" y="407" width="46" height="17"/>
    </entry>
    <entry id="81" name="cpd:C04294" type="compound"
        link="http://www.kegg.jp/dbget-bin/www_bget?C04294">
        <graphics name="C04294" fgcolor="#000000" bgcolor="#FFFFFF"
             type="circle" x="223" y="601" width="8" height="8"/>
    </entry>
    <entry id="82" name="cpd:C00037" type="compound"
        link="http://www.kegg.jp/dbget-bin/www_bget?C00037">
        <graphics name="C00037" fgcolor="#000000" bgcolor="#FFFFFF"
             type="circle" x="198" y="510" width="8" height="8"/>
    </entry>
    <entry id="84" name="ko:K03146" type="ortholog" reaction="rn:R10685"
        link="http://www.kegg.jp/dbget-bin/www_bget?K03146">
        <graphics name="K03146" fgcolor="#000000" bgcolor="#BFBFFF"
             type="rectangle" x="241" y="537" width="46" height="17"/>
    </entry>
    <entry id="85" name="cpd:C00003" type="compound"
        link="http://www.kegg.jp/dbget-bin/www_bget?C00003">
        <graphics name="C00003" fgcolor="#000000" bgcolor="#FFFFFF"
             type="circle" x="169" y="536" width="8" height="8"/>
    </entry>
    <entry id="87" name="cpd:C00018" type="compound"
        link="http://www.kegg.jp/dbget-bin/www_bget?C00018">
        <graphics name="C00018" fgcolor="#000000" bgcolor="#FFFFFF"
             type="circle" x="317" y="101" width="8" height="8"/>
    </entry>
    <entry id="88" name="ko:K18278" type="ortholog" reaction="rn:R10686"
        link="http://www.kegg.jp/dbget-bin/www_bget?K18278">
        <graphics name="K18278" fgcolor="#000000" bgcolor="#BFBFFF"
             type="rectangle" x="317" y="141" width="46" height="17"/>
    </entry>
    <entry id="89" name="path:ko00750" type="map"
        link="http://www.kegg.jp/dbget-bin/www_bget?ko00750">
        <graphics name="Vitamin B6 metabolism" fgcolor="#000000" bgcolor="#FFFFFF"
             type="roundrectangle" x="185" y="102" width="140" height="25"/>
    </entry>
    <entry id="91" name="ko:K10810" type="ortholog" reaction="rn:R09977"
        link="http://www.kegg.jp/dbget-bin/www_bget?K10810">
        <graphics name="K10810" fgcolor="#000000" bgcolor="#BFBFFF"
             type="rectangle" x="371" y="503" width="46" height="17"/>
    </entry>
    <entry id="92" name="cpd:C20246" type="compound"
        link="http://www.kegg.jp/dbget-bin/www_bget?C20246">
        <graphics name="C20246" fgcolor="#000000" bgcolor="#FFFFFF"
             type="circle" x="371" y="475" width="8" height="8"/>
    </entry>
    <entry id="93" name="ko:K03150" type="ortholog" reaction="rn:R10246"
        link="http://www.kegg.jp/dbget-bin/www_bget?K03150">
        <graphics name="K03150" fgcolor="#000000" bgcolor="#BFBFFF"
             type="rectangle" x="411" y="353" width="46" height="17"/>
    </entry>
    <entry id="94" name="cpd:C00037" type="compound"
        link="http://www.kegg.jp/dbget-bin/www_bget?C00037">
        <graphics name="C00037" fgcolor="#000000" bgcolor="#FFFFFF"
             type="circle" x="492" y="315" width="8" height="8"/>
    </entry>
    <entry id="95" name="ko:K00788 ko:K14153 ko:K14154" type="ortholog" reaction="rn:R03223"
        link="http://www.kegg.jp/dbget-bin/www_bget?K00788+K14153+K14154">
        <graphics name="K00788..." fgcolor="#000000" bgcolor="#BFBFFF"
             type="rectangle" x="578" y="602" width="46" height="17"/>
    </entry>
    <entry id="96" name="ko:K03147" type="ortholog" reaction="rn:R03472"
        link="http://www.kegg.jp/dbget-bin/www_bget?K03147">
        <graphics name="K03147" fgcolor="#000000" bgcolor="#BFBFFF"
             type="rectangle" x="260" y="159" width="46" height="17"/>
    </entry>
    <entry id="97" name="cpd:C20247" type="compound"
        link="http://www.kegg.jp/dbget-bin/www_bget?C20247">
        <graphics name="C20247" fgcolor="#000000" bgcolor="#FFFFFF"
             type="circle" x="371" y="536" width="8" height="8"/>
    </entry>
    <entry id="99" name="ko:K00788 ko:K14153 ko:K14154" type="ortholog" reaction="rn:R10712"
        link="http://www.kegg.jp/dbget-bin/www_bget?K00788+K14153+K14154">
        <graphics name="K00788..." fgcolor="#000000" bgcolor="#BFBFFF"
             type="rectangle" x="578" y="537" width="46" height="17"/>
    </entry>
    <entry id="101" name="path:ko00270" type="map"
        link="http://www.kegg.jp/dbget-bin/www_bget?ko00270">
        <graphics name="Cysteine and methionine metabolism" fgcolor="#000000" bgcolor="#FFFFFF"
             type="roundrectangle" x="111" y="255" width="71" height="34"/>
    </entry>
    <entry id="102" name="cpd:C00022" type="compound"
        link="http://www.kegg.jp/dbget-bin/www_bget?C00022">
        <graphics name="C00022" fgcolor="#000000" bgcolor="#FFFFFF"
             type="circle" x="202" y="373" width="8" height="8"/>
    </entry>
    <entry id="103" name="cpd:C20784" type="compound"
        link="http://www.kegg.jp/dbget-bin/www_bget?C20784">
        <graphics name="C20784" fgcolor="#000000" bgcolor="#FFFFFF"
             type="circle" x="305" y="536" width="8" height="8"/>
    </entry>
    <relation entry1="70" entry2="78" type="ECrel">
        <subtype name="compound" value="31"/>
    </relation>
    <relation entry1="77" entry2="78" type="ECrel">
        <subtype name="compound" value="32"/>
    </relation>
    <relation entry1="67" entry2="64" type="ECrel">
        <subtype name="compound" value="36"/>
    </relation>
    <relation entry1="67" entry2="65" type="ECrel">
        <subtype name="compound" value="36"/>
    </relation>
    <relation entry1="60" entry2="65" type="ECrel">
        <subtype name="compound" value="39"/>
    </relation>
    <relation entry1="61" entry2="65" type="ECrel">
        <subtype name="compound" value="39"/>
    </relation>
    <relation entry1="66" entry2="65" type="ECrel">
        <subtype name="compound" value="39"/>
    </relation>
    <relation entry1="60" entry2="64" type="ECrel">
        <subtype name="compound" value="39"/>
    </relation>
    <relation entry1="61" entry2="64" type="ECrel">
        <subtype name="compound" value="39"/>
    </relation>
    <relation entry1="66" entry2="64" type="ECrel">
        <subtype name="compound" value="39"/>
    </relation>
    <relation entry1="66" entry2="60" type="ECrel">
        <subtype name="compound" value="39"/>
    </relation>
    <relation entry1="69" entry2="67" type="ECrel">
        <subtype name="compound" value="41"/>
    </relation>
    <relation entry1="67" entry2="70" type="ECrel">
        <subtype name="compound" value="41"/>
    </relation>
    <relation entry1="69" entry2="66" type="ECrel">
        <subtype name="compound" value="41"/>
    </relation>
    <relation entry1="66" entry2="67" type="ECrel">
        <subtype name="compound" value="41"/>
    </relation>
    <relation entry1="66" entry2="70" type="ECrel">
        <subtype name="compound" value="41"/>
    </relation>
    <relation entry1="73" entry2="75" type="ECrel">
        <subtype name="compound" value="20"/>
    </relation>
    <relation entry1="73" entry2="74" type="ECrel">
        <subtype name="compound" value="21"/>
    </relation>
    <relation entry1="70" entry2="76" type="ECrel">
        <subtype name="compound" value="81"/>
    </relation>
    <relation entry1="69" entry2="76" type="ECrel">
        <subtype name="compound" value="81"/>
    </relation>
    <relation entry1="72" entry2="25" type="maplink">
        <subtype name="compound" value="94"/>
    </relation>
    <relation entry1="74" entry2="101" type="maplink">
        <subtype name="compound" value="23"/>
    </relation>
    <relation entry1="28" entry2="80" type="maplink">
        <subtype name="compound" value="34"/>
    </relation>
    <relation entry1="28" entry2="80" type="maplink">
        <subtype name="compound" value="102"/>
    </relation>
    <relation entry1="88" entry2="78" type="ECrel">
        <subtype name="compound" value="32"/>
    </relation>
    <relation entry1="88" entry2="77" type="ECrel">
        <subtype name="compound" value="32"/>
    </relation>
    <relation entry1="89" entry2="88" type="maplink">
        <subtype name="compound" value="87"/>
    </relation>
    <relation entry1="72" entry2="71" type="ECrel">
        <subtype name="compound" value="17"/>
    </relation>
    <relation entry1="91" entry2="99" type="ECrel">
        <subtype name="compound" value="97"/>
    </relation>
    <relation entry1="71" entry2="91" type="ECrel">
        <subtype name="compound" value="92"/>
    </relation>
    <relation entry1="93" entry2="72" type="ECrel">
        <subtype name="compound" value="17"/>
    </relation>
    <relation entry1="93" entry2="71" type="ECrel">
        <subtype name="compound" value="17"/>
    </relation>
    <relation entry1="26" entry2="93" type="maplink">
        <subtype name="compound" value="16"/>
    </relation>
    <relation entry1="73" entry2="71" type="ECrel">
        <subtype name="compound" value="19"/>
    </relation>
    <relation entry1="80" entry2="71" type="ECrel">
        <subtype name="compound" value="18"/>
    </relation>
    <relation entry1="96" entry2="88" type="ECrel">
        <subtype name="compound" value="32"/>
    </relation>
    <relation entry1="96" entry2="78" type="ECrel">
        <subtype name="compound" value="32"/>
    </relation>
    <relation entry1="96" entry2="77" type="ECrel">
        <subtype name="compound" value="32"/>
    </relation>
    <relation entry1="76" entry2="95" type="ECrel">
        <subtype name="compound" value="35"/>
    </relation>
    <relation entry1="67" entry2="99" type="ECrel">
        <subtype name="compound" value="36"/>
    </relation>
    <relation entry1="67" entry2="95" type="ECrel">
        <subtype name="compound" value="36"/>
    </relation>
    <relation entry1="64" entry2="99" type="ECrel">
        <subtype name="compound" value="36"/>
    </relation>
    <relation entry1="64" entry2="95" type="ECrel">
        <subtype name="compound" value="36"/>
    </relation>
    <relation entry1="65" entry2="99" type="ECrel">
        <subtype name="compound" value="36"/>
    </relation>
    <relation entry1="65" entry2="95" type="ECrel">
        <subtype name="compound" value="36"/>
    </relation>
    <relation entry1="77" entry2="99" type="ECrel">
        <subtype name="compound" value="33"/>
    </relation>
    <relation entry1="77" entry2="95" type="ECrel">
        <subtype name="compound" value="33"/>
    </relation>
    <relation entry1="29" entry2="96" type="maplink">
        <subtype name="compound" value="30"/>
    </relation>
    <reaction id="71" name="rn:R10247" type="irreversible">
        <substrate id="17" name="cpd:C15809"/>
        <substrate id="18" name="cpd:C11437"/>
        <substrate id="19" name="cpd:C15814"/>
        <product id="92" name="cpd:C20246"/>
    </reaction>
    <reaction id="72" name="rn:R07463" type="irreversible">
        <substrate id="94" name="cpd:C00037"/>
        <product id="17" name="cpd:C15809"/>
    </reaction>
    <reaction id="73" name="rn:R07461" type="irreversible">
        <substrate id="21" name="cpd:C15812"/>
        <substrate id="20" name="cpd:C15813"/>
        <product id="19" name="cpd:C15814"/>
    </reaction>
    <reaction id="74" name="rn:R07460" type="irreversible">
        <substrate id="23" name="cpd:C00097"/>
        <substrate id="22" name="cpd:C15811"/>
        <product id="21" name="cpd:C15812"/>
    </reaction>
    <reaction id="75" name="rn:R07459" type="irreversible">
        <substrate id="24" name="cpd:C15810"/>
        <product id="20" name="cpd:C15813"/>
    </reaction>
    <reaction id="69" name="rn:R02863" type="irreversible">
        <substrate id="41" name="cpd:C00378"/>
        <product id="81" name="cpd:C04294"/>
        <product id="37" name="cpd:C02691"/>
    </reaction>
    <reaction id="66" name="rn:R00619" type="irreversible">
        <substrate id="41" name="cpd:C00378"/>
        <product id="39" name="cpd:C00068"/>
    </reaction>
    <reaction id="67" name="rn:R02134" type="irreversible">
        <substrate id="41" name="cpd:C00378"/>
        <product id="36" name="cpd:C01081"/>
    </reaction>
    <reaction id="60" name="rn:R00618" type="irreversible">
        <substrate id="40" name="cpd:C03028"/>
        <product id="39" name="cpd:C00068"/>
    </reaction>
    <reaction id="61" name="rn:R00616" type="irreversible">
        <substrate id="39" name="cpd:C00068"/>
        <product id="40" name="cpd:C03028"/>
    </reaction>
    <reaction id="64" name="rn:R00615" type="irreversible">
        <substrate id="39" name="cpd:C00068"/>
        <product id="36" name="cpd:C01081"/>
    </reaction>
    <reaction id="65" name="rn:R00617" type="irreversible">
        <substrate id="36" name="cpd:C01081"/>
        <product id="39" name="cpd:C00068"/>
    </reaction>
    <reaction id="70" name="rn:R02133" type="irreversible">
        <substrate id="41" name="cpd:C00378"/>
        <product id="81" name="cpd:C04294"/>
        <product id="31" name="cpd:C01279"/>
    </reaction>
    <reaction id="76" name="rn:R04448" type="irreversible">
        <substrate id="81" name="cpd:C04294"/>
        <product id="35" name="cpd:C04327"/>
    </reaction>
    <reaction id="77" name="rn:R04509" type="irreversible">
        <substrate id="32" name="cpd:C04556"/>
        <product id="33" name="cpd:C04752"/>
    </reaction>
    <reaction id="78" name="rn:R03471" type="irreversible">
        <substrate id="31" name="cpd:C01279"/>
        <product id="32" name="cpd:C04556"/>
    </reaction>
    <reaction id="80" name="rn:R05636" type="irreversible">
        <substrate id="102" name="cpd:C00022"/>
        <substrate id="34" name="cpd:C00118"/>
        <product id="18" name="cpd:C11437"/>
    </reaction>
    <reaction id="84" name="rn:R10685" type="irreversible">
        <substrate id="82" name="cpd:C00037"/>
        <substrate id="85" name="cpd:C00003"/>
        <product id="103" name="cpd:C20784"/>
    </reaction>
    <reaction id="88" name="rn:R10686" type="irreversible">
        <substrate id="87" name="cpd:C00018"/>
        <product id="32" name="cpd:C04556"/>
    </reaction>
    <reaction id="91" name="rn:R09977" type="irreversible">
        <substrate id="92" name="cpd:C20246"/>
        <product id="97" name="cpd:C20247"/>
    </reaction>
    <reaction id="93" name="rn:R10246" type="irreversible">
        <substrate id="16" name="cpd:C00082"/>
        <product id="17" name="cpd:C15809"/>
    </reaction>
    <reaction id="95" name="rn:R03223" type="irreversible">
        <substrate id="33" name="cpd:C04752"/>
        <substrate id="35" name="cpd:C04327"/>
        <product id="36" name="cpd:C01081"/>
    </reaction>
    <reaction id="96" name="rn:R03472" type="irreversible">
        <substrate id="30" name="cpd:C03373"/>
        <product id="32" name="cpd:C04556"/>
    </reaction>
    <reaction id="99" name="rn:R10712" type="irreversible">
        <substrate id="33" name="cpd:C04752"/>
        <substrate id="97" name="cpd:C20247"/>
        <product id="36" name="cpd:C01081"/>
    </reaction>
</pathway>
