<?xml version="1.0"?>
<!DOCTYPE pathway SYSTEM "http://www.kegg.jp/kegg/xml/KGML_v0.7.2_.dtd">
<!-- Creation date: Aug 4, 2015 17:42:10 +0900 (GMT+9) -->
<pathway name="path:ko00362" org="ko" number="00362"
         title="Benzoate degradation"
         image="http://www.kegg.jp/kegg/pathway/ko/ko00362.png"
         link="http://www.kegg.jp/kegg-bin/show_pathway?ko00362">
    <entry id="1" name="cpd:C06714" type="compound"
        link="http://www.kegg.jp/dbget-bin/www_bget?C06714">
        <graphics name="C06714" fgcolor="#000000" bgcolor="#FFFFFF"
             type="circle" x="636" y="863" width="8" height="8"/>
    </entry>
    <entry id="6" name="path:ko00362" type="map"
        link="http://www.kegg.jp/dbget-bin/www_bget?ko00362">
        <graphics name="TITLE:Benzoate degradation" fgcolor="#000000" bgcolor="#FFFFFF"
             type="roundrectangle" x="141" y="58" width="202" height="25"/>
    </entry>
    <entry id="34" name="cpd:C04553" type="compound"
        link="http://www.kegg.jp/dbget-bin/www_bget?C04553">
        <graphics name="C04553" fgcolor="#000000" bgcolor="#FFFFFF"
             type="circle" x="612" y="325" width="8" height="8"/>
    </entry>
    <entry id="36" name="ko:K00481" type="ortholog" reaction="rn:R01298"
        link="http://www.kegg.jp/dbget-bin/www_bget?K00481">
        <graphics name="K00481" fgcolor="#000000" bgcolor="#BFBFFF"
             type="rectangle" x="314" y="206" width="46" height="17"/>
    </entry>
    <entry id="37" name="cpd:C04434" type="compound"
        link="http://www.kegg.jp/dbget-bin/www_bget?C04434">
        <graphics name="C04434" fgcolor="#000000" bgcolor="#FFFFFF"
             type="circle" x="798" y="205" width="8" height="8"/>
    </entry>
    <entry id="38" name="cpd:C00587" type="compound"
        link="http://www.kegg.jp/dbget-bin/www_bget?C00587">
        <graphics name="C00587" fgcolor="#000000" bgcolor="#FFFFFF"
             type="circle" x="224" y="293" width="8" height="8"/>
    </entry>
    <entry id="39" name="cpd:C00628" type="compound"
        link="http://www.kegg.jp/dbget-bin/www_bget?C00628">
        <graphics name="C00628" fgcolor="#000000" bgcolor="#FFFFFF"
             type="circle" x="224" y="351" width="8" height="8"/>
    </entry>
    <entry id="40" name="cpd:C00156" type="compound"
        link="http://www.kegg.jp/dbget-bin/www_bget?C00156">
        <graphics name="C00156" fgcolor="#000000" bgcolor="#FFFFFF"
             type="circle" x="224" y="216" width="8" height="8"/>
    </entry>
    <entry id="41" name="cpd:C00230" type="compound"
        link="http://www.kegg.jp/dbget-bin/www_bget?C00230">
        <graphics name="C00230" fgcolor="#000000" bgcolor="#FFFFFF"
             type="circle" x="364" y="293" width="8" height="8"/>
    </entry>
    <entry id="42" name="ko:K19065" type="ortholog" reaction="rn:R01628"
        link="http://www.kegg.jp/dbget-bin/www_bget?K19065">
        <graphics name="K19065" fgcolor="#000000" bgcolor="#BFBFFF"
             type="rectangle" x="314" y="294" width="46" height="17"/>
    </entry>
    <entry id="44" name="cpd:C04484" type="compound"
        link="http://www.kegg.jp/dbget-bin/www_bget?C04484">
        <graphics name="C04484" fgcolor="#000000" bgcolor="#FFFFFF"
             type="circle" x="496" y="205" width="8" height="8"/>
    </entry>
    <entry id="45" name="cpd:C05375" type="compound"
        link="http://www.kegg.jp/dbget-bin/www_bget?C05375">
        <graphics name="C05375" fgcolor="#000000" bgcolor="#FFFFFF"
             type="circle" x="573" y="205" width="8" height="8"/>
    </entry>
    <entry id="46" name="cpd:C03671" type="compound"
        link="http://www.kegg.jp/dbget-bin/www_bget?C03671">
        <graphics name="C03671" fgcolor="#000000" bgcolor="#FFFFFF"
             type="circle" x="686" y="205" width="8" height="8"/>
    </entry>
    <entry id="48" name="ko:K00448 ko:K00449" type="ortholog" reaction="rn:R01631"
        link="http://www.kegg.jp/dbget-bin/www_bget?K00448+K00449">
        <graphics name="K00448..." fgcolor="#000000" bgcolor="#BFBFFF"
             type="rectangle" x="420" y="361" width="46" height="17"/>
    </entry>
    <entry id="49" name="ko:K04100 ko:K04101" type="ortholog" reaction="rn:R01632"
        link="http://www.kegg.jp/dbget-bin/www_bget?K04100+K04101">
        <graphics name="K04100..." fgcolor="#000000" bgcolor="#BFBFFF"
             type="rectangle" x="420" y="207" width="46" height="17"/>
    </entry>
    <entry id="50" name="ko:K10220 ko:K16515" type="ortholog" reaction="rn:R04478"
        link="http://www.kegg.jp/dbget-bin/www_bget?K10220+K16515">
        <graphics name="K10220..." fgcolor="#000000" bgcolor="#BFBFFF"
             type="rectangle" x="949" y="206" width="46" height="17"/>
    </entry>
    <entry id="51" name="ko:K16514" type="ortholog" reaction="rn:R07839"
        link="http://www.kegg.jp/dbget-bin/www_bget?K16514">
        <graphics name="K16514" fgcolor="#000000" bgcolor="#BFBFFF"
             type="rectangle" x="854" y="206" width="46" height="17"/>
    </entry>
    <entry id="52" name="ko:K10221" type="ortholog" reaction="rn:R04277"
        link="http://www.kegg.jp/dbget-bin/www_bget?K10221">
        <graphics name="K10221" fgcolor="#000000" bgcolor="#BFBFFF"
             type="rectangle" x="740" y="206" width="46" height="17"/>
    </entry>
    <entry id="53" name="ko:K10219" type="ortholog" reaction="rn:R04278 rn:R04279"
        link="http://www.kegg.jp/dbget-bin/www_bget?K10219">
        <graphics name="K10219" fgcolor="#000000" bgcolor="#BFBFFF"
             type="rectangle" x="623" y="206" width="46" height="17"/>
    </entry>
    <entry id="54" name="ko:K10218" type="ortholog" reaction="rn:R00350"
        link="http://www.kegg.jp/dbget-bin/www_bget?K10218">
        <graphics name="K10218" fgcolor="#000000" bgcolor="#BFBFFF"
             type="rectangle" x="1043" y="206" width="46" height="17"/>
    </entry>
    <entry id="55" name="ko:K10218" type="ortholog" reaction="rn:R00008"
        link="http://www.kegg.jp/dbget-bin/www_bget?K10218">
        <graphics name="K10218" fgcolor="#000000" bgcolor="#BFBFFF"
             type="rectangle" x="1043" y="147" width="46" height="17"/>
    </entry>
    <entry id="57" name="ko:K00217" type="ortholog" reaction="rn:R02988 rn:R02989"
        link="http://www.kegg.jp/dbget-bin/www_bget?K00217">
        <graphics name="K00217" fgcolor="#000000" bgcolor="#BFBFFF"
             type="rectangle" x="773" y="294" width="46" height="17"/>
    </entry>
    <entry id="59" name="ko:K04098" type="ortholog" reaction="rn:R04061"
        link="http://www.kegg.jp/dbget-bin/www_bget?K04098">
        <graphics name="K04098" fgcolor="#000000" bgcolor="#BFBFFF"
             type="rectangle" x="549" y="294" width="46" height="17"/>
    </entry>
    <entry id="60" name="ko:K01857" type="ortholog" reaction="rn:R03307"
        link="http://www.kegg.jp/dbget-bin/www_bget?K01857">
        <graphics name="K01857" fgcolor="#000000" bgcolor="#BFBFFF"
             type="rectangle" x="556" y="361" width="46" height="17"/>
    </entry>
    <entry id="61" name="ko:K01607 ko:K14727" type="ortholog" reaction="rn:R03470"
        link="http://www.kegg.jp/dbget-bin/www_bget?K01607+K14727">
        <graphics name="K01607..." fgcolor="#000000" bgcolor="#BFBFFF"
             type="rectangle" x="675" y="361" width="46" height="17"/>
    </entry>
    <entry id="63" name="ko:K14334" type="ortholog" reaction="rn:R03308"
        link="http://www.kegg.jp/dbget-bin/www_bget?K14334">
        <graphics name="K14334" fgcolor="#000000" bgcolor="#BFBFFF"
             type="rectangle" x="556" y="326" width="46" height="17"/>
    </entry>
    <entry id="64" name="cpd:C01163" type="compound"
        link="http://www.kegg.jp/dbget-bin/www_bget?C01163">
        <graphics name="C01163" fgcolor="#000000" bgcolor="#FFFFFF"
             type="circle" x="496" y="360" width="8" height="8"/>
    </entry>
    <entry id="65" name="cpd:C04324" type="compound"
        link="http://www.kegg.jp/dbget-bin/www_bget?C04324">
        <graphics name="C04324" fgcolor="#000000" bgcolor="#FFFFFF"
             type="circle" x="908" y="205" width="8" height="8"/>
    </entry>
    <entry id="66" name="cpd:C01278" type="compound"
        link="http://www.kegg.jp/dbget-bin/www_bget?C01278">
        <graphics name="C01278" fgcolor="#000000" bgcolor="#FFFFFF"
             type="circle" x="612" y="360" width="8" height="8"/>
    </entry>
    <entry id="67" name="cpd:C00022" type="compound"
        link="http://www.kegg.jp/dbget-bin/www_bget?C00022">
        <graphics name="C00022" fgcolor="#000000" bgcolor="#FFFFFF"
             type="circle" x="1090" y="146" width="8" height="8"/>
    </entry>
    <entry id="68" name="cpd:C02222" type="compound"
        link="http://www.kegg.jp/dbget-bin/www_bget?C02222">
        <graphics name="C02222" fgcolor="#000000" bgcolor="#FFFFFF"
             type="circle" x="692" y="293" width="8" height="8"/>
    </entry>
    <entry id="69" name="cpd:C06033" type="compound"
        link="http://www.kegg.jp/dbget-bin/www_bget?C06033">
        <graphics name="C06033" fgcolor="#000000" bgcolor="#FFFFFF"
             type="circle" x="1001" y="146" width="8" height="8"/>
    </entry>
    <entry id="70" name="cpd:C06035" type="compound"
        link="http://www.kegg.jp/dbget-bin/www_bget?C06035">
        <graphics name="C06035" fgcolor="#000000" bgcolor="#FFFFFF"
             type="circle" x="908" y="146" width="8" height="8"/>
    </entry>
    <entry id="71" name="cpd:C02814" type="compound"
        link="http://www.kegg.jp/dbget-bin/www_bget?C02814">
        <graphics name="C02814" fgcolor="#000000" bgcolor="#FFFFFF"
             type="circle" x="496" y="293" width="8" height="8"/>
    </entry>
    <entry id="72" name="cpd:C04115" type="compound"
        link="http://www.kegg.jp/dbget-bin/www_bget?C04115">
        <graphics name="C04115" fgcolor="#000000" bgcolor="#FFFFFF"
             type="circle" x="1001" y="205" width="8" height="8"/>
    </entry>
    <entry id="73" name="cpd:C03676" type="compound"
        link="http://www.kegg.jp/dbget-bin/www_bget?C03676">
        <graphics name="C03676" fgcolor="#000000" bgcolor="#FFFFFF"
             type="circle" x="609" y="293" width="8" height="8"/>
    </entry>
    <entry id="74" name="cpd:C00036" type="compound"
        link="http://www.kegg.jp/dbget-bin/www_bget?C00036">
        <graphics name="C00036" fgcolor="#000000" bgcolor="#FFFFFF"
             type="circle" x="1113" y="205" width="8" height="8"/>
    </entry>
    <entry id="75" name="cpd:C00512" type="compound"
        link="http://www.kegg.jp/dbget-bin/www_bget?C00512">
        <graphics name="C00512" fgcolor="#000000" bgcolor="#FFFFFF"
             type="circle" x="113" y="863" width="8" height="8"/>
    </entry>
    <entry id="76" name="ko:K04110 ko:K04105" type="ortholog" reaction="rn:R01422"
        link="http://www.kegg.jp/dbget-bin/www_bget?K04110+K04105">
        <graphics name="K04110..." fgcolor="#000000" bgcolor="#BFBFFF"
             type="rectangle" x="112" y="667" width="46" height="17"/>
    </entry>
    <entry id="78" name="ko:K04112 ko:K04113 ko:K04114 ko:K04115" type="ortholog" reaction="rn:R02451"
        link="http://www.kegg.jp/dbget-bin/www_bget?K04112+K04113+K04114+K04115">
        <graphics name="K04112..." fgcolor="#000000" bgcolor="#BFBFFF"
             type="rectangle" x="164" y="853" width="46" height="17"/>
    </entry>
    <entry id="79" name="cpd:C06322" type="compound"
        link="http://www.kegg.jp/dbget-bin/www_bget?C06322">
        <graphics name="C06322" fgcolor="#000000" bgcolor="#FFFFFF"
             type="circle" x="223" y="863" width="8" height="8"/>
    </entry>
    <entry id="81" name="ko:K07537" type="ortholog" reaction="rn:R05597"
        link="http://www.kegg.jp/dbget-bin/www_bget?K07537">
        <graphics name="K07537" fgcolor="#000000" bgcolor="#BFBFFF"
             type="rectangle" x="279" y="864" width="46" height="17"/>
    </entry>
    <entry id="82" name="cpd:C06749" type="compound"
        link="http://www.kegg.jp/dbget-bin/www_bget?C06749">
        <graphics name="C06749" fgcolor="#000000" bgcolor="#FFFFFF"
             type="circle" x="333" y="863" width="8" height="8"/>
    </entry>
    <entry id="84" name="ko:K07538" type="ortholog" reaction="rn:R05581"
        link="http://www.kegg.jp/dbget-bin/www_bget?K07538">
        <graphics name="K07538" fgcolor="#000000" bgcolor="#BFBFFF"
             type="rectangle" x="403" y="864" width="46" height="17"/>
    </entry>
    <entry id="85" name="ko:K07539" type="ortholog" reaction="rn:R05594"
        link="http://www.kegg.jp/dbget-bin/www_bget?K07539">
        <graphics name="K07539" fgcolor="#000000" bgcolor="#BFBFFF"
             type="rectangle" x="550" y="864" width="46" height="17"/>
    </entry>
    <entry id="88" name="cpd:C06715" type="compound"
        link="http://www.kegg.jp/dbget-bin/www_bget?C06715">
        <graphics name="C06715" fgcolor="#000000" bgcolor="#FFFFFF"
             type="circle" x="731" y="863" width="8" height="8"/>
    </entry>
    <entry id="90" name="ko:K00632" type="ortholog" reaction="rn:R05586"
        link="http://www.kegg.jp/dbget-bin/www_bget?K00632">
        <graphics name="K00632" fgcolor="#000000" bgcolor="#BFBFFF"
             type="rectangle" x="775" y="864" width="46" height="17"/>
    </entry>
    <entry id="92" name="ko:K16173" type="ortholog" reaction="rn:R05579"
        link="http://www.kegg.jp/dbget-bin/www_bget?K16173">
        <graphics name="K16173" fgcolor="#000000" bgcolor="#BFBFFF"
             type="rectangle" x="870" y="864" width="46" height="17"/>
    </entry>
    <entry id="93" name="cpd:C02411" type="compound"
        link="http://www.kegg.jp/dbget-bin/www_bget?C02411">
        <graphics name="C02411" fgcolor="#000000" bgcolor="#FFFFFF"
             type="circle" x="920" y="863" width="8" height="8"/>
    </entry>
    <entry id="95" name="cpd:C09811" type="compound"
        link="http://www.kegg.jp/dbget-bin/www_bget?C09811">
        <graphics name="C09811" fgcolor="#000000" bgcolor="#FFFFFF"
             type="circle" x="333" y="757" width="8" height="8"/>
    </entry>
    <entry id="97" name="ko:K07534" type="ortholog" reaction="rn:R05600"
        link="http://www.kegg.jp/dbget-bin/www_bget?K07534">
        <graphics name="K07534" fgcolor="#000000" bgcolor="#BFBFFF"
             type="rectangle" x="420" y="758" width="46" height="17"/>
    </entry>
    <entry id="98" name="cpd:C09812" type="compound"
        link="http://www.kegg.jp/dbget-bin/www_bget?C09812">
        <graphics name="C09812" fgcolor="#000000" bgcolor="#FFFFFF"
             type="circle" x="466" y="757" width="8" height="8"/>
    </entry>
    <entry id="100" name="ko:K07535" type="ortholog" reaction="rn:R05582"
        link="http://www.kegg.jp/dbget-bin/www_bget?K07535">
        <graphics name="K07535" fgcolor="#000000" bgcolor="#BFBFFF"
             type="rectangle" x="506" y="758" width="46" height="17"/>
    </entry>
    <entry id="102" name="ko:K07536" type="ortholog" reaction="rn:R05592"
        link="http://www.kegg.jp/dbget-bin/www_bget?K07536">
        <graphics name="K07536" fgcolor="#000000" bgcolor="#BFBFFF"
             type="rectangle" x="593" y="757" width="46" height="17"/>
    </entry>
    <entry id="103" name="cpd:C01063" type="compound"
        link="http://www.kegg.jp/dbget-bin/www_bget?C01063">
        <graphics name="C01063" fgcolor="#000000" bgcolor="#FFFFFF"
             type="circle" x="636" y="757" width="8" height="8"/>
    </entry>
    <entry id="104" name="ko:K04118" type="ortholog" reaction="rn:R05311"
        link="http://www.kegg.jp/dbget-bin/www_bget?K04118">
        <graphics name="K04118" fgcolor="#000000" bgcolor="#BFBFFF"
             type="rectangle" x="636" y="778" width="46" height="17"/>
    </entry>
    <entry id="105" name="cpd:C06723" type="compound"
        link="http://www.kegg.jp/dbget-bin/www_bget?C06723">
        <graphics name="C06723" fgcolor="#000000" bgcolor="#FFFFFF"
             type="circle" x="636" y="811" width="8" height="8"/>
    </entry>
    <entry id="108" name="cpd:C09823" type="compound"
        link="http://www.kegg.jp/dbget-bin/www_bget?C09823">
        <graphics name="C09823" fgcolor="#000000" bgcolor="#FFFFFF"
             type="circle" x="333" y="694" width="8" height="8"/>
    </entry>
    <entry id="109" name="ko:K04117" type="ortholog" reaction="rn:R05619"
        link="http://www.kegg.jp/dbget-bin/www_bget?K04117">
        <graphics name="K04117" fgcolor="#000000" bgcolor="#BFBFFF"
             type="rectangle" x="334" y="723" width="46" height="17"/>
    </entry>
    <entry id="111" name="ko:K04116" type="ortholog" reaction="rn:R05620"
        link="http://www.kegg.jp/dbget-bin/www_bget?K04116">
        <graphics name="K04116" fgcolor="#000000" bgcolor="#BFBFFF"
             type="rectangle" x="279" y="695" width="46" height="17"/>
    </entry>
    <entry id="114" name="cpd:C09809" type="compound"
        link="http://www.kegg.jp/dbget-bin/www_bget?C09809">
        <graphics name="C09809" fgcolor="#000000" bgcolor="#FFFFFF"
             type="circle" x="223" y="777" width="8" height="8"/>
    </entry>
    <entry id="115" name="cpd:C09810" type="compound"
        link="http://www.kegg.jp/dbget-bin/www_bget?C09810">
        <graphics name="C09810" fgcolor="#000000" bgcolor="#FFFFFF"
             type="circle" x="223" y="940" width="8" height="8"/>
    </entry>
    <entry id="117" name="cpd:C00877" type="compound"
        link="http://www.kegg.jp/dbget-bin/www_bget?C00877">
        <graphics name="C00877" fgcolor="#000000" bgcolor="#FFFFFF"
             type="circle" x="1015" y="863" width="8" height="8"/>
    </entry>
    <entry id="118" name="ko:K01615" type="ortholog" reaction="rn:R03028"
        link="http://www.kegg.jp/dbget-bin/www_bget?K01615">
        <graphics name="K01615" fgcolor="#000000" bgcolor="#BFBFFF"
             type="rectangle" x="962" y="864" width="46" height="17"/>
    </entry>
    <entry id="120" name="cpd:C01144" type="compound"
        link="http://www.kegg.jp/dbget-bin/www_bget?C01144">
        <graphics name="C01144" fgcolor="#000000" bgcolor="#FFFFFF"
             type="circle" x="1110" y="863" width="8" height="8"/>
    </entry>
    <entry id="121" name="ko:K01692 ko:K01782 ko:K01825 ko:K13767" type="ortholog" reaction="rn:R03026"
        link="http://www.kegg.jp/dbget-bin/www_bget?K01692+K01782+K01825+K13767">
        <graphics name="K01692..." fgcolor="#000000" bgcolor="#BFBFFF"
             type="rectangle" x="1057" y="864" width="46" height="17"/>
    </entry>
    <entry id="123" name="cpd:C00332" type="compound"
        link="http://www.kegg.jp/dbget-bin/www_bget?C00332">
        <graphics name="C00332" fgcolor="#000000" bgcolor="#FFFFFF"
             type="circle" x="1205" y="863" width="8" height="8"/>
    </entry>
    <entry id="124" name="ko:K00074" type="ortholog" reaction="rn:R01976"
        link="http://www.kegg.jp/dbget-bin/www_bget?K00074">
        <graphics name="K00074" fgcolor="#000000" bgcolor="#BFBFFF"
             type="rectangle" x="1154" y="864" width="46" height="17"/>
    </entry>
    <entry id="126" name="cpd:C00024" type="compound"
        link="http://www.kegg.jp/dbget-bin/www_bget?C00024">
        <graphics name="C00024" fgcolor="#000000" bgcolor="#FFFFFF"
             type="circle" x="1300" y="863" width="8" height="8"/>
    </entry>
    <entry id="127" name="ko:K00626" type="ortholog" reaction="rn:R00238"
        link="http://www.kegg.jp/dbget-bin/www_bget?K00626">
        <graphics name="K00626" fgcolor="#000000" bgcolor="#BFBFFF"
             type="rectangle" x="1248" y="863" width="46" height="17"/>
    </entry>
    <entry id="128" name="ko:K07824" type="ortholog" reaction="rn:R01295"
        link="http://www.kegg.jp/dbget-bin/www_bget?K07824">
        <graphics name="K07824" fgcolor="#000000" bgcolor="#BFBFFF"
             type="rectangle" x="173" y="216" width="46" height="17"/>
    </entry>
    <entry id="129" name="ko:K04105 ko:K20458" type="ortholog" reaction="rn:R01300"
        link="http://www.kegg.jp/dbget-bin/www_bget?K04105+K20458">
        <graphics name="K04105..." fgcolor="#000000" bgcolor="#BFBFFF"
             type="rectangle" x="138" y="175" width="46" height="17"/>
    </entry>
    <entry id="130" name="cpd:C02949" type="compound"
        link="http://www.kegg.jp/dbget-bin/www_bget?C02949">
        <graphics name="C02949" fgcolor="#000000" bgcolor="#FFFFFF"
             type="circle" x="57" y="174" width="8" height="8"/>
    </entry>
    <entry id="131" name="ko:K04107 ko:K04108 ko:K04109" type="ortholog" reaction="rn:R05316"
        link="http://www.kegg.jp/dbget-bin/www_bget?K04107+K04108+K04109">
        <graphics name="K04107..." fgcolor="#000000" bgcolor="#BFBFFF"
             type="rectangle" x="57" y="411" width="46" height="17"/>
    </entry>
    <entry id="139" name="ko:K07823" type="ortholog" reaction="rn:R00829"
        link="http://www.kegg.jp/dbget-bin/www_bget?K07823">
        <graphics name="K07823" fgcolor="#000000" bgcolor="#BFBFFF"
             type="rectangle" x="1009" y="487" width="46" height="17"/>
    </entry>
    <entry id="140" name="cpd:C06321" type="compound"
        link="http://www.kegg.jp/dbget-bin/www_bget?C06321">
        <graphics name="C06321" fgcolor="#000000" bgcolor="#FFFFFF"
             type="circle" x="240" y="476" width="8" height="8"/>
    </entry>
    <entry id="141" name="ko:K05783" type="ortholog" reaction="rn:R00813"
        link="http://www.kegg.jp/dbget-bin/www_bget?K05783">
        <graphics name="K05783" fgcolor="#000000" bgcolor="#BFBFFF"
             type="rectangle" x="295" y="477" width="46" height="17"/>
    </entry>
    <entry id="142" name="cpd:C03586" type="compound"
        link="http://www.kegg.jp/dbget-bin/www_bget?C03586">
        <graphics name="C03586" fgcolor="#000000" bgcolor="#FFFFFF"
             type="circle" x="728" y="476" width="8" height="8"/>
    </entry>
    <entry id="143" name="cpd:C00091" type="compound"
        link="http://www.kegg.jp/dbget-bin/www_bget?C00091">
        <graphics name="C00091" fgcolor="#000000" bgcolor="#FFFFFF"
             type="circle" x="1055" y="518" width="8" height="8"/>
    </entry>
    <entry id="144" name="ko:K00632" type="ortholog" reaction="rn:R00829"
        link="http://www.kegg.jp/dbget-bin/www_bget?K00632">
        <graphics name="K00632" fgcolor="#000000" bgcolor="#BFBFFF"
             type="rectangle" x="1009" y="466" width="46" height="17"/>
    </entry>
    <entry id="145" name="ko:K01055 ko:K14727" type="ortholog" reaction="rn:R02991"
        link="http://www.kegg.jp/dbget-bin/www_bget?K01055+K14727">
        <graphics name="K01055..." fgcolor="#000000" bgcolor="#BFBFFF"
             type="rectangle" x="782" y="476" width="46" height="17"/>
    </entry>
    <entry id="146" name="ko:K03464" type="ortholog" reaction="rn:R06990"
        link="http://www.kegg.jp/dbget-bin/www_bget?K03464">
        <graphics name="K03464" fgcolor="#000000" bgcolor="#BFBFFF"
             type="rectangle" x="672" y="477" width="46" height="17"/>
    </entry>
    <entry id="147" name="ko:K01856" type="ortholog" reaction="rn:R06989"
        link="http://www.kegg.jp/dbget-bin/www_bget?K01856">
        <graphics name="K01856" fgcolor="#000000" bgcolor="#BFBFFF"
             type="rectangle" x="556" y="476" width="46" height="17"/>
    </entry>
    <entry id="148" name="ko:K03381" type="ortholog" reaction="rn:R00817"
        link="http://www.kegg.jp/dbget-bin/www_bget?K03381">
        <graphics name="K03381" fgcolor="#000000" bgcolor="#BFBFFF"
             type="rectangle" x="420" y="477" width="46" height="17"/>
    </entry>
    <entry id="149" name="ko:K05549 ko:K05550 ko:K05784" type="ortholog" reaction="rn:R05621 rn:R05622"
        link="http://www.kegg.jp/dbget-bin/www_bget?K05549+K05550+K05784">
        <graphics name="K05549..." fgcolor="#000000" bgcolor="#BFBFFF"
             type="rectangle" x="184" y="477" width="46" height="17"/>
    </entry>
    <entry id="150" name="ko:K01031 ko:K01032" type="ortholog" reaction="rn:R02990"
        link="http://www.kegg.jp/dbget-bin/www_bget?K01031+K01032">
        <graphics name="K01031..." fgcolor="#000000" bgcolor="#BFBFFF"
             type="rectangle" x="890" y="476" width="46" height="17"/>
    </entry>
    <entry id="151" name="cpd:C00180" type="compound"
        link="http://www.kegg.jp/dbget-bin/www_bget?C00180">
        <graphics name="C00180" fgcolor="#000000" bgcolor="#FFFFFF"
             type="circle" x="113" y="476" width="8" height="8"/>
    </entry>
    <entry id="152" name="cpd:C02480" type="compound"
        link="http://www.kegg.jp/dbget-bin/www_bget?C02480">
        <graphics name="C02480" fgcolor="#000000" bgcolor="#FFFFFF"
             type="circle" x="496" y="476" width="8" height="8"/>
    </entry>
    <entry id="153" name="cpd:C14610" type="compound"
        link="http://www.kegg.jp/dbget-bin/www_bget?C14610">
        <graphics name="C14610" fgcolor="#000000" bgcolor="#FFFFFF"
             type="circle" x="612" y="476" width="8" height="8"/>
    </entry>
    <entry id="154" name="cpd:C00090" type="compound"
        link="http://www.kegg.jp/dbget-bin/www_bget?C00090">
        <graphics name="C00090" fgcolor="#000000" bgcolor="#FFFFFF"
             type="circle" x="364" y="476" width="8" height="8"/>
    </entry>
    <entry id="155" name="cpd:C00846" type="compound"
        link="http://www.kegg.jp/dbget-bin/www_bget?C00846">
        <graphics name="C00846" fgcolor="#000000" bgcolor="#FFFFFF"
             type="circle" x="839" y="476" width="8" height="8"/>
    </entry>
    <entry id="158" name="path:ko00020" type="map"
        link="http://www.kegg.jp/dbget-bin/www_bget?ko00020">
        <graphics name="Citrate cycle (TCA cycle)" fgcolor="#000000" bgcolor="#FFFFFF"
             type="roundrectangle" x="1160" y="519" width="85" height="25"/>
    </entry>
    <entry id="159" name="path:ko00350" type="map"
        link="http://www.kegg.jp/dbget-bin/www_bget?ko00350">
        <graphics name="Tyrosine metabolism" fgcolor="#000000" bgcolor="#FFFFFF"
             type="roundrectangle" x="298" y="351" width="71" height="34"/>
    </entry>
    <entry id="161" name="path:ko00020" type="map"
        link="http://www.kegg.jp/dbget-bin/www_bget?ko00020">
        <graphics name="Citrate cycle (TCA cycle)" fgcolor="#000000" bgcolor="#FFFFFF"
             type="roundrectangle" x="1196" y="205" width="77" height="25"/>
    </entry>
    <entry id="164" name="path:ko00350" type="map"
        link="http://www.kegg.jp/dbget-bin/www_bget?ko00350">
        <graphics name="Tyrosine metabolism" fgcolor="#000000" bgcolor="#FFFFFF"
             type="roundrectangle" x="439" y="156" width="70" height="34"/>
    </entry>
    <entry id="174" name="path:ko00010" type="map"
        link="http://www.kegg.jp/dbget-bin/www_bget?ko00010">
        <graphics name="Glycolysis / Gluconeogenesis" fgcolor="#000000" bgcolor="#FFFFFF"
             type="roundrectangle" x="909" y="608" width="71" height="25"/>
    </entry>
    <entry id="175" name="cpd:C00596" type="compound"
        link="http://www.kegg.jp/dbget-bin/www_bget?C00596">
        <graphics name="C00596" fgcolor="#000000" bgcolor="#FFFFFF"
             type="circle" x="647" y="559" width="8" height="8"/>
    </entry>
    <entry id="176" name="cpd:C00022" type="compound"
        link="http://www.kegg.jp/dbget-bin/www_bget?C00022">
        <graphics name="C00022" fgcolor="#000000" bgcolor="#FFFFFF"
             type="circle" x="827" y="607" width="8" height="8"/>
    </entry>
    <entry id="177" name="cpd:C00084" type="compound"
        link="http://www.kegg.jp/dbget-bin/www_bget?C00084">
        <graphics name="C00084" fgcolor="#000000" bgcolor="#FFFFFF"
             type="circle" x="853" y="559" width="8" height="8"/>
    </entry>
    <entry id="178" name="ko:K00446 ko:K07104" type="ortholog" reaction="rn:R00816"
        link="http://www.kegg.jp/dbget-bin/www_bget?K00446+K07104">
        <graphics name="K00446..." fgcolor="#000000" bgcolor="#BFBFFF"
             type="rectangle" x="420" y="509" width="46" height="17"/>
    </entry>
    <entry id="179" name="ko:K01666 ko:K18365" type="ortholog" reaction="rn:R00750"
        link="http://www.kegg.jp/dbget-bin/www_bget?K01666+K18365">
        <graphics name="K01666..." fgcolor="#000000" bgcolor="#BFBFFF"
             type="rectangle" x="789" y="560" width="46" height="17"/>
    </entry>
    <entry id="180" name="ko:K02554 ko:K18364" type="ortholog" reaction="rn:R02601"
        link="http://www.kegg.jp/dbget-bin/www_bget?K02554+K18364">
        <graphics name="K02554..." fgcolor="#000000" bgcolor="#BFBFFF"
             type="rectangle" x="693" y="560" width="46" height="17"/>
    </entry>
    <entry id="181" name="ko:K10216" type="ortholog" reaction="rn:R02604"
        link="http://www.kegg.jp/dbget-bin/www_bget?K10216">
        <graphics name="K10216" fgcolor="#000000" bgcolor="#BFBFFF"
             type="rectangle" x="599" y="559" width="46" height="17"/>
    </entry>
    <entry id="182" name="ko:K10621" type="ortholog" reaction="rn:R01507"
        link="http://www.kegg.jp/dbget-bin/www_bget?K10621">
        <graphics name="K10621" fgcolor="#000000" bgcolor="#BFBFFF"
             type="rectangle" x="420" y="560" width="46" height="17"/>
    </entry>
    <entry id="183" name="cpd:C03589" type="compound"
        link="http://www.kegg.jp/dbget-bin/www_bget?C03589">
        <graphics name="C03589" fgcolor="#000000" bgcolor="#FFFFFF"
             type="circle" x="745" y="559" width="8" height="8"/>
    </entry>
    <entry id="189" name="ko:K01821" type="ortholog" reaction="rn:R03966"
        link="http://www.kegg.jp/dbget-bin/www_bget?K01821">
        <graphics name="K01821" fgcolor="#000000" bgcolor="#BFBFFF"
             type="rectangle" x="601" y="649" width="46" height="17"/>
    </entry>
    <entry id="191" name="ko:K10217" type="ortholog" reaction="rn:R02762"
        link="http://www.kegg.jp/dbget-bin/www_bget?K10217">
        <graphics name="K10217" fgcolor="#000000" bgcolor="#BFBFFF"
             type="rectangle" x="559" y="610" width="46" height="17"/>
    </entry>
    <entry id="192" name="ko:K01617" type="ortholog" reaction="rn:R02602"
        link="http://www.kegg.jp/dbget-bin/www_bget?K01617">
        <graphics name="K01617" fgcolor="#000000" bgcolor="#BFBFFF"
             type="rectangle" x="647" y="611" width="46" height="17"/>
    </entry>
    <entry id="193" name="cpd:C02501" type="compound"
        link="http://www.kegg.jp/dbget-bin/www_bget?C02501">
        <graphics name="C02501" fgcolor="#000000" bgcolor="#FFFFFF"
             type="circle" x="559" y="647" width="8" height="8"/>
    </entry>
    <entry id="194" name="cpd:C03453" type="compound"
        link="http://www.kegg.jp/dbget-bin/www_bget?C03453">
        <graphics name="C03453" fgcolor="#000000" bgcolor="#FFFFFF"
             type="circle" x="647" y="647" width="8" height="8"/>
    </entry>
    <entry id="197" name="cpd:C06333" type="compound"
        link="http://www.kegg.jp/dbget-bin/www_bget?C06333">
        <graphics name="C06333" fgcolor="#000000" bgcolor="#FFFFFF"
             type="circle" x="257" y="647" width="8" height="8"/>
    </entry>
    <entry id="198" name="cpd:C06336" type="compound"
        link="http://www.kegg.jp/dbget-bin/www_bget?C06336">
        <graphics name="C06336" fgcolor="#000000" bgcolor="#FFFFFF"
             type="circle" x="366" y="647" width="8" height="8"/>
    </entry>
    <entry id="199" name="ko:K00446 ko:K07104" type="ortholog" reaction="rn:R07795"
        link="http://www.kegg.jp/dbget-bin/www_bget?K00446+K07104">
        <graphics name="K00446..." fgcolor="#000000" bgcolor="#BFBFFF"
             type="rectangle" x="420" y="648" width="46" height="17"/>
    </entry>
    <entry id="201" name="ko:K01075" type="ortholog" reaction="rn:R01301"
        link="http://www.kegg.jp/dbget-bin/www_bget?K01075">
        <graphics name="K01075" fgcolor="#000000" bgcolor="#BFBFFF"
             type="rectangle" x="137" y="129" width="46" height="17"/>
    </entry>
    <entry id="203" name="ko:K14333" type="ortholog" reaction="rn:R00821"
        link="http://www.kegg.jp/dbget-bin/www_bget?K14333">
        <graphics name="K14333" fgcolor="#000000" bgcolor="#BFBFFF"
             type="rectangle" x="364" y="527" width="46" height="17"/>
    </entry>
    <entry id="206" name="cpd:C02519" type="compound"
        link="http://www.kegg.jp/dbget-bin/www_bget?C02519">
        <graphics name="C02519" fgcolor="#000000" bgcolor="#FFFFFF"
             type="circle" x="125" y="260" width="8" height="8"/>
    </entry>
    <entry id="208" name="ko:K04073 ko:K18366" type="ortholog" reaction="rn:R00228"
        link="http://www.kegg.jp/dbget-bin/www_bget?K04073+K18366">
        <graphics name="K04073..." fgcolor="#000000" bgcolor="#BFBFFF"
             type="rectangle" x="959" y="560" width="46" height="17"/>
    </entry>
    <entry id="209" name="path:ko00020" type="map"
        link="http://www.kegg.jp/dbget-bin/www_bget?ko00020">
        <graphics name="Citrate cycle (TCA cycle)" fgcolor="#000000" bgcolor="#FFFFFF"
             type="roundrectangle" x="1405" y="863" width="85" height="25"/>
    </entry>
    <entry id="210" name="path:ko00361" type="map"
        link="http://www.kegg.jp/dbget-bin/www_bget?ko00361">
        <graphics name="Chlorocyclohexane and chlorobenzene degradation" fgcolor="#000000" bgcolor="#FFFFFF"
             type="roundrectangle" x="365" y="85" width="142" height="34"/>
    </entry>
    <entry id="211" name="cpd:C09822" type="compound"
        link="http://www.kegg.jp/dbget-bin/www_bget?C09822">
        <graphics name="C09822" fgcolor="#000000" bgcolor="#FFFFFF"
             type="circle" x="231" y="694" width="8" height="8"/>
    </entry>
    <entry id="212" name="cpd:C00682" type="compound"
        link="http://www.kegg.jp/dbget-bin/www_bget?C00682">
        <graphics name="C00682" fgcolor="#000000" bgcolor="#FFFFFF"
             type="circle" x="559" y="559" width="8" height="8"/>
    </entry>
    <entry id="213" name="cpd:C00196" type="compound"
        link="http://www.kegg.jp/dbget-bin/www_bget?C00196">
        <graphics name="C00196" fgcolor="#000000" bgcolor="#FFFFFF"
             type="circle" x="364" y="559" width="8" height="8"/>
    </entry>
    <entry id="214" name="cpd:C02232" type="compound"
        link="http://www.kegg.jp/dbget-bin/www_bget?C02232">
        <graphics name="C02232" fgcolor="#000000" bgcolor="#FFFFFF"
             type="circle" x="950" y="476" width="8" height="8"/>
    </entry>
    <entry id="215" name="cpd:C00530" type="compound"
        link="http://www.kegg.jp/dbget-bin/www_bget?C00530">
        <graphics name="C00530" fgcolor="#000000" bgcolor="#FFFFFF"
             type="circle" x="364" y="157" width="8" height="8"/>
    </entry>
    <entry id="216" name="cpd:C00527" type="compound"
        link="http://www.kegg.jp/dbget-bin/www_bget?C00527">
        <graphics name="C00527" fgcolor="#000000" bgcolor="#FFFFFF"
             type="circle" x="826" y="863" width="8" height="8"/>
    </entry>
    <entry id="217" name="cpd:C09821" type="compound"
        link="http://www.kegg.jp/dbget-bin/www_bget?C09821">
        <graphics name="C09821" fgcolor="#000000" bgcolor="#FFFFFF"
             type="circle" x="482" y="863" width="8" height="8"/>
    </entry>
    <entry id="219" name="cpd:C01407" type="compound"
        link="http://www.kegg.jp/dbget-bin/www_bget?C01407">
        <graphics name="C01407" fgcolor="#000000" bgcolor="#FFFFFF"
             type="circle" x="141" y="426" width="8" height="8"/>
    </entry>
    <entry id="220" name="cpd:C04091" type="compound"
        link="http://www.kegg.jp/dbget-bin/www_bget?C04091">
        <graphics name="C04091" fgcolor="#000000" bgcolor="#FFFFFF"
             type="circle" x="240" y="426" width="8" height="8"/>
    </entry>
    <entry id="222" name="ko:K03268 ko:K16268 ko:K18089 ko:K18090" type="ortholog" reaction="rn:R03543"
        link="http://www.kegg.jp/dbget-bin/www_bget?K03268+K16268+K18089+K18090">
        <graphics name="K03268..." fgcolor="#000000" bgcolor="#BFBFFF"
             type="rectangle" x="184" y="427" width="46" height="17"/>
    </entry>
    <entry id="223" name="ko:K16269" type="ortholog" reaction="rn:R00812"
        link="http://www.kegg.jp/dbget-bin/www_bget?K16269">
        <graphics name="K16269" fgcolor="#000000" bgcolor="#BFBFFF"
             type="rectangle" x="296" y="427" width="46" height="17"/>
    </entry>
    <entry id="224" name="cpd:C00146" type="compound"
        link="http://www.kegg.jp/dbget-bin/www_bget?C00146">
        <graphics name="C00146" fgcolor="#000000" bgcolor="#FFFFFF"
             type="circle" x="240" y="397" width="8" height="8"/>
    </entry>
    <entry id="226" name="ko:K16249 ko:K16243 ko:K16244 ko:K16242 ko:K16245 ko:K16246" type="ortholog" reaction="rn:R10042"
        link="http://www.kegg.jp/dbget-bin/www_bget?K16249+K16243+K16244+K16242+K16245+K16246">
        <graphics name="K16249..." fgcolor="#000000" bgcolor="#BFBFFF"
             type="rectangle" x="184" y="398" width="46" height="17"/>
    </entry>
    <entry id="227" name="ko:K16249 ko:K16243 ko:K16244 ko:K16242 ko:K16245 ko:K16246" type="ortholog" reaction="rn:R10043"
        link="http://www.kegg.jp/dbget-bin/www_bget?K16249+K16243+K16244+K16242+K16245+K16246">
        <graphics name="K16249..." fgcolor="#000000" bgcolor="#BFBFFF"
             type="rectangle" x="296" y="397" width="46" height="17"/>
    </entry>
    <entry id="228" name="cpd:C04480" type="compound"
        link="http://www.kegg.jp/dbget-bin/www_bget?C04480">
        <graphics name="C04480" fgcolor="#000000" bgcolor="#FFFFFF"
             type="circle" x="470" y="559" width="8" height="8"/>
    </entry>
    <entry id="229" name="ko:K10622" type="ortholog" reaction="rn:R02763"
        link="http://www.kegg.jp/dbget-bin/www_bget?K10622">
        <graphics name="K10622" fgcolor="#000000" bgcolor="#BFBFFF"
             type="rectangle" x="512" y="559" width="46" height="17"/>
    </entry>
    <entry id="230" name="path:ko00627" type="map"
        link="http://www.kegg.jp/dbget-bin/www_bget?ko00627">
        <graphics name="Aminobenzoate degradation" fgcolor="#000000" bgcolor="#FFFFFF"
             type="roundrectangle" x="799" y="262" width="91" height="34"/>
    </entry>
    <entry id="231" name="ko:K19066" type="ortholog" reaction="rn:R09252"
        link="http://www.kegg.jp/dbget-bin/www_bget?K19066">
        <graphics name="K19066" fgcolor="#000000" bgcolor="#BFBFFF"
             type="rectangle" x="279" y="758" width="46" height="17"/>
    </entry>
    <entry id="233" name="ko:K19067" type="ortholog" reaction="rn:R10601"
        link="http://www.kegg.jp/dbget-bin/www_bget?K19067">
        <graphics name="K19067" fgcolor="#000000" bgcolor="#BFBFFF"
             type="rectangle" x="392" y="723" width="46" height="17"/>
    </entry>
    <entry id="234" name="cpd:C09813" type="compound"
        link="http://www.kegg.jp/dbget-bin/www_bget?C09813">
        <graphics name="C09813" fgcolor="#000000" bgcolor="#FFFFFF"
             type="circle" x="556" y="757" width="8" height="8"/>
    </entry>
    <entry id="235" name="ko:K19515 ko:K19516" type="ortholog" reaction="rn:R10961"
        link="http://www.kegg.jp/dbget-bin/www_bget?K19515+K19516">
        <graphics name="K19515..." fgcolor="#000000" bgcolor="#BFBFFF"
             type="rectangle" x="164" y="874" width="46" height="17"/>
    </entry>
    <entry id="237" name="ko:K00252" type="ortholog" reaction="rn:R02488"
        link="http://www.kegg.jp/dbget-bin/www_bget?K00252">
        <graphics name="K00252" fgcolor="#000000" bgcolor="#BFBFFF"
             type="rectangle" x="916" y="826" width="46" height="17"/>
    </entry>
    <entry id="238" name="ko:K01782 ko:K01825 ko:K07516" type="ortholog" reaction="rn:R05305"
        link="http://www.kegg.jp/dbget-bin/www_bget?K01782+K01825+K07516">
        <graphics name="K01782..." fgcolor="#000000" bgcolor="#BFBFFF"
             type="rectangle" x="677" y="874" width="46" height="17"/>
    </entry>
    <relation entry1="42" entry2="48" type="ECrel">
        <subtype name="compound" value="41"/>
    </relation>
    <relation entry1="42" entry2="49" type="ECrel">
        <subtype name="compound" value="41"/>
    </relation>
    <relation entry1="36" entry2="42" type="ECrel">
        <subtype name="compound" value="41"/>
    </relation>
    <relation entry1="48" entry2="49" type="ECrel">
        <subtype name="compound" value="41"/>
    </relation>
    <relation entry1="36" entry2="48" type="ECrel">
        <subtype name="compound" value="41"/>
    </relation>
    <relation entry1="36" entry2="49" type="ECrel">
        <subtype name="compound" value="41"/>
    </relation>
    <relation entry1="52" entry2="53" type="ECrel">
        <subtype name="compound" value="46"/>
    </relation>
    <relation entry1="144" entry2="150" type="ECrel">
        <subtype name="compound" value="214"/>
    </relation>
    <relation entry1="145" entry2="150" type="ECrel">
        <subtype name="compound" value="155"/>
    </relation>
    <relation entry1="145" entry2="57" type="ECrel">
        <subtype name="compound" value="155"/>
    </relation>
    <relation entry1="57" entry2="150" type="ECrel">
        <subtype name="compound" value="155"/>
    </relation>
    <relation entry1="61" entry2="146" type="ECrel">
        <subtype name="compound" value="142"/>
    </relation>
    <relation entry1="145" entry2="146" type="ECrel">
        <subtype name="compound" value="142"/>
    </relation>
    <relation entry1="145" entry2="61" type="ECrel">
        <subtype name="compound" value="142"/>
    </relation>
    <relation entry1="60" entry2="61" type="ECrel">
        <subtype name="compound" value="66"/>
    </relation>
    <relation entry1="146" entry2="147" type="ECrel">
        <subtype name="compound" value="153"/>
    </relation>
    <relation entry1="147" entry2="148" type="ECrel">
        <subtype name="compound" value="152"/>
    </relation>
    <relation entry1="48" entry2="63" type="ECrel">
        <subtype name="compound" value="64"/>
    </relation>
    <relation entry1="60" entry2="63" type="ECrel">
        <subtype name="compound" value="64"/>
    </relation>
    <relation entry1="48" entry2="60" type="ECrel">
        <subtype name="compound" value="64"/>
    </relation>
    <relation entry1="179" entry2="180" type="ECrel">
        <subtype name="compound" value="183"/>
    </relation>
    <relation entry1="180" entry2="192" type="ECrel">
        <subtype name="compound" value="175"/>
    </relation>
    <relation entry1="181" entry2="192" type="ECrel">
        <subtype name="compound" value="175"/>
    </relation>
    <relation entry1="180" entry2="181" type="ECrel">
        <subtype name="compound" value="175"/>
    </relation>
    <relation entry1="189" entry2="191" type="ECrel">
        <subtype name="compound" value="193"/>
    </relation>
    <relation entry1="191" entry2="181" type="ECrel">
        <subtype name="compound" value="212"/>
    </relation>
    <relation entry1="178" entry2="191" type="ECrel">
        <subtype name="compound" value="212"/>
    </relation>
    <relation entry1="178" entry2="181" type="ECrel">
        <subtype name="compound" value="212"/>
    </relation>
    <relation entry1="149" entry2="141" type="ECrel">
        <subtype name="compound" value="140"/>
    </relation>
    <relation entry1="178" entry2="141" type="ECrel">
        <subtype name="compound" value="154"/>
    </relation>
    <relation entry1="148" entry2="141" type="ECrel">
        <subtype name="compound" value="154"/>
    </relation>
    <relation entry1="178" entry2="148" type="ECrel">
        <subtype name="compound" value="154"/>
    </relation>
    <relation entry1="150" entry2="139" type="ECrel">
        <subtype name="compound" value="214"/>
    </relation>
    <relation entry1="179" entry2="174" type="maplink">
        <subtype name="compound" value="176"/>
    </relation>
    <relation entry1="189" entry2="192" type="ECrel">
        <subtype name="compound" value="194"/>
    </relation>
    <relation entry1="111" entry2="109" type="ECrel">
        <subtype name="compound" value="108"/>
    </relation>
    <relation entry1="109" entry2="97" type="ECrel">
        <subtype name="compound" value="95"/>
    </relation>
    <relation entry1="97" entry2="100" type="ECrel">
        <subtype name="compound" value="98"/>
    </relation>
    <relation entry1="100" entry2="102" type="ECrel">
        <subtype name="compound" value="234"/>
    </relation>
    <relation entry1="102" entry2="104" type="ECrel">
        <subtype name="compound" value="103"/>
    </relation>
    <relation entry1="78" entry2="81" type="ECrel">
        <subtype name="compound" value="79"/>
    </relation>
    <relation entry1="81" entry2="84" type="ECrel">
        <subtype name="compound" value="82"/>
    </relation>
    <relation entry1="84" entry2="85" type="ECrel">
        <subtype name="compound" value="217"/>
    </relation>
    <relation entry1="90" entry2="92" type="ECrel">
        <subtype name="compound" value="216"/>
    </relation>
    <relation entry1="92" entry2="118" type="ECrel">
        <subtype name="compound" value="93"/>
    </relation>
    <relation entry1="118" entry2="121" type="ECrel">
        <subtype name="compound" value="117"/>
    </relation>
    <relation entry1="124" entry2="121" type="ECrel">
        <subtype name="compound" value="120"/>
    </relation>
    <relation entry1="124" entry2="127" type="ECrel">
        <subtype name="compound" value="123"/>
    </relation>
    <relation entry1="76" entry2="131" type="ECrel">
        <subtype name="compound" value="75"/>
    </relation>
    <relation entry1="76" entry2="78" type="ECrel">
        <subtype name="compound" value="75"/>
    </relation>
    <relation entry1="131" entry2="78" type="ECrel">
        <subtype name="compound" value="75"/>
    </relation>
    <relation entry1="128" entry2="149" type="ECrel">
        <subtype name="compound" value="151"/>
    </relation>
    <relation entry1="128" entry2="76" type="ECrel">
        <subtype name="compound" value="151"/>
    </relation>
    <relation entry1="149" entry2="76" type="ECrel">
        <subtype name="compound" value="151"/>
    </relation>
    <relation entry1="201" entry2="131" type="ECrel">
        <subtype name="compound" value="130"/>
    </relation>
    <relation entry1="129" entry2="131" type="ECrel">
        <subtype name="compound" value="130"/>
    </relation>
    <relation entry1="129" entry2="128" type="ECrel">
        <subtype name="compound" value="40"/>
    </relation>
    <relation entry1="129" entry2="36" type="ECrel">
        <subtype name="compound" value="40"/>
    </relation>
    <relation entry1="128" entry2="36" type="ECrel">
        <subtype name="compound" value="40"/>
    </relation>
    <relation entry1="141" entry2="203" type="ECrel">
        <subtype name="compound" value="154"/>
    </relation>
    <relation entry1="148" entry2="203" type="ECrel">
        <subtype name="compound" value="154"/>
    </relation>
    <relation entry1="178" entry2="203" type="ECrel">
        <subtype name="compound" value="154"/>
    </relation>
    <relation entry1="203" entry2="182" type="ECrel">
        <subtype name="compound" value="213"/>
    </relation>
    <relation entry1="199" entry2="191" type="ECrel">
        <subtype name="compound" value="193"/>
    </relation>
    <relation entry1="199" entry2="189" type="ECrel">
        <subtype name="compound" value="193"/>
    </relation>
    <relation entry1="54" entry2="161" type="maplink">
        <subtype name="compound" value="74"/>
    </relation>
    <relation entry1="55" entry2="161" type="maplink">
        <subtype name="compound" value="67"/>
    </relation>
    <relation entry1="144" entry2="158" type="maplink">
        <subtype name="compound" value="143"/>
    </relation>
    <relation entry1="139" entry2="158" type="maplink">
        <subtype name="compound" value="143"/>
    </relation>
    <relation entry1="179" entry2="208" type="ECrel">
        <subtype name="compound" value="177"/>
    </relation>
    <relation entry1="127" entry2="208" type="ECrel">
        <subtype name="compound" value="126"/>
    </relation>
    <relation entry1="127" entry2="139" type="ECrel">
        <subtype name="compound" value="126"/>
    </relation>
    <relation entry1="127" entry2="144" type="ECrel">
        <subtype name="compound" value="126"/>
    </relation>
    <relation entry1="208" entry2="139" type="ECrel">
        <subtype name="compound" value="126"/>
    </relation>
    <relation entry1="208" entry2="144" type="ECrel">
        <subtype name="compound" value="126"/>
    </relation>
    <relation entry1="209" entry2="127" type="maplink">
        <subtype name="compound" value="126"/>
    </relation>
    <relation entry1="209" entry2="208" type="maplink">
        <subtype name="compound" value="126"/>
    </relation>
    <relation entry1="209" entry2="139" type="maplink">
        <subtype name="compound" value="126"/>
    </relation>
    <relation entry1="209" entry2="144" type="maplink">
        <subtype name="compound" value="126"/>
    </relation>
    <relation entry1="164" entry2="210" type="maplink">
        <subtype name="compound" value="215"/>
    </relation>
    <relation entry1="54" entry2="161" type="maplink">
        <subtype name="compound" value="67"/>
    </relation>
    <relation entry1="226" entry2="222" type="ECrel">
        <subtype name="compound" value="219"/>
    </relation>
    <relation entry1="222" entry2="223" type="ECrel">
        <subtype name="compound" value="220"/>
    </relation>
    <relation entry1="141" entry2="223" type="ECrel">
        <subtype name="compound" value="154"/>
    </relation>
    <relation entry1="141" entry2="227" type="ECrel">
        <subtype name="compound" value="154"/>
    </relation>
    <relation entry1="178" entry2="223" type="ECrel">
        <subtype name="compound" value="154"/>
    </relation>
    <relation entry1="178" entry2="227" type="ECrel">
        <subtype name="compound" value="154"/>
    </relation>
    <relation entry1="148" entry2="223" type="ECrel">
        <subtype name="compound" value="154"/>
    </relation>
    <relation entry1="148" entry2="227" type="ECrel">
        <subtype name="compound" value="154"/>
    </relation>
    <relation entry1="223" entry2="227" type="ECrel">
        <subtype name="compound" value="154"/>
    </relation>
    <relation entry1="182" entry2="229" type="ECrel">
        <subtype name="compound" value="228"/>
    </relation>
    <relation entry1="229" entry2="181" type="ECrel">
        <subtype name="compound" value="212"/>
    </relation>
    <relation entry1="229" entry2="191" type="ECrel">
        <subtype name="compound" value="212"/>
    </relation>
    <relation entry1="229" entry2="178" type="ECrel">
        <subtype name="compound" value="212"/>
    </relation>
    <relation entry1="50" entry2="54" type="ECrel">
        <subtype name="compound" value="72"/>
    </relation>
    <relation entry1="52" entry2="230" type="maplink">
        <subtype name="compound" value="37"/>
    </relation>
    <relation entry1="52" entry2="51" type="ECrel">
        <subtype name="compound" value="37"/>
    </relation>
    <relation entry1="230" entry2="51" type="maplink">
        <subtype name="compound" value="37"/>
    </relation>
    <relation entry1="51" entry2="50" type="ECrel">
        <subtype name="compound" value="65"/>
    </relation>
    <relation entry1="231" entry2="109" type="ECrel">
        <subtype name="compound" value="95"/>
    </relation>
    <relation entry1="231" entry2="233" type="ECrel">
        <subtype name="compound" value="95"/>
    </relation>
    <relation entry1="231" entry2="97" type="ECrel">
        <subtype name="compound" value="95"/>
    </relation>
    <relation entry1="233" entry2="97" type="ECrel">
        <subtype name="compound" value="95"/>
    </relation>
    <relation entry1="78" entry2="231" type="ECrel">
        <subtype name="compound" value="79"/>
    </relation>
    <relation entry1="81" entry2="231" type="ECrel">
        <subtype name="compound" value="79"/>
    </relation>
    <relation entry1="111" entry2="233" type="ECrel">
        <subtype name="compound" value="108"/>
    </relation>
    <relation entry1="90" entry2="237" type="ECrel">
        <subtype name="compound" value="216"/>
    </relation>
    <relation entry1="92" entry2="237" type="ECrel">
        <subtype name="compound" value="216"/>
    </relation>
    <relation entry1="237" entry2="118" type="ECrel">
        <subtype name="compound" value="117"/>
    </relation>
    <relation entry1="237" entry2="121" type="ECrel">
        <subtype name="compound" value="117"/>
    </relation>
    <relation entry1="85" entry2="238" type="ECrel">
        <subtype name="compound" value="1"/>
    </relation>
    <relation entry1="235" entry2="81" type="ECrel">
        <subtype name="compound" value="79"/>
    </relation>
    <relation entry1="235" entry2="231" type="ECrel">
        <subtype name="compound" value="79"/>
    </relation>
    <relation entry1="235" entry2="76" type="ECrel">
        <subtype name="compound" value="75"/>
    </relation>
    <relation entry1="235" entry2="131" type="ECrel">
        <subtype name="compound" value="75"/>
    </relation>
    <reaction id="139" name="rn:R00829" type="irreversible">
        <substrate id="214" name="cpd:C02232"/>
        <product id="143" name="cpd:C00091"/>
        <product id="126" name="cpd:C00024"/>
    </reaction>
    <reaction id="141" name="rn:R00813" type="irreversible">
        <substrate id="140" name="cpd:C06321"/>
        <product id="154" name="cpd:C00090"/>
    </reaction>
    <reaction id="36" name="rn:R01298" type="reversible">
        <substrate id="40" name="cpd:C00156"/>
        <product id="41" name="cpd:C00230"/>
    </reaction>
    <reaction id="42" name="rn:R01628" type="irreversible">
        <substrate id="38" name="cpd:C00587"/>
        <product id="41" name="cpd:C00230"/>
    </reaction>
    <reaction id="178" name="rn:R00816" type="irreversible">
        <substrate id="154" name="cpd:C00090"/>
        <product id="212" name="cpd:C00682"/>
    </reaction>
    <reaction id="48" name="rn:R01631" type="irreversible">
        <substrate id="41" name="cpd:C00230"/>
        <product id="64" name="cpd:C01163"/>
    </reaction>
    <reaction id="49" name="rn:R01632" type="irreversible">
        <substrate id="41" name="cpd:C00230"/>
        <product id="44" name="cpd:C04484"/>
    </reaction>
    <reaction id="50" name="rn:R04478" type="irreversible">
        <substrate id="37" name="cpd:C04434"/>
        <product id="72" name="cpd:C04115"/>
    </reaction>
    <reaction id="51" name="rn:R07839" type="reversible">
        <substrate id="37" name="cpd:C04434"/>
        <product id="65" name="cpd:C04324"/>
    </reaction>
    <reaction id="52" name="rn:R04277" type="irreversible">
        <substrate id="46" name="cpd:C03671"/>
        <product id="37" name="cpd:C04434"/>
    </reaction>
    <reaction id="53" name="rn:R04278 rn:R04279" type="irreversible">
        <substrate id="45" name="cpd:C05375"/>
        <product id="46" name="cpd:C03671"/>
    </reaction>
    <reaction id="54" name="rn:R00350" type="irreversible">
        <substrate id="72" name="cpd:C04115"/>
        <product id="74" name="cpd:C00036"/>
        <product id="67" name="cpd:C00022"/>
    </reaction>
    <reaction id="55" name="rn:R00008" type="irreversible">
        <substrate id="69" name="cpd:C06033"/>
        <product id="67" name="cpd:C00022"/>
    </reaction>
    <reaction id="189" name="rn:R03966" type="irreversible">
        <substrate id="193" name="cpd:C02501"/>
        <product id="194" name="cpd:C03453"/>
    </reaction>
    <reaction id="144" name="rn:R00829" type="irreversible">
        <substrate id="214" name="cpd:C02232"/>
        <product id="143" name="cpd:C00091"/>
        <product id="126" name="cpd:C00024"/>
    </reaction>
    <reaction id="145" name="rn:R02991" type="irreversible">
        <substrate id="142" name="cpd:C03586"/>
        <product id="155" name="cpd:C00846"/>
    </reaction>
    <reaction id="57" name="rn:R02988 rn:R02989" type="irreversible">
        <substrate id="68" name="cpd:C02222"/>
        <product id="155" name="cpd:C00846"/>
    </reaction>
    <reaction id="191" name="rn:R02762" type="irreversible">
        <substrate id="212" name="cpd:C00682"/>
        <product id="193" name="cpd:C02501"/>
    </reaction>
    <reaction id="179" name="rn:R00750" type="irreversible">
        <substrate id="183" name="cpd:C03589"/>
        <product id="176" name="cpd:C00022"/>
        <product id="177" name="cpd:C00084"/>
    </reaction>
    <reaction id="180" name="rn:R02601" type="irreversible">
        <substrate id="175" name="cpd:C00596"/>
        <product id="183" name="cpd:C03589"/>
    </reaction>
    <reaction id="59" name="rn:R04061" type="irreversible">
        <substrate id="71" name="cpd:C02814"/>
        <product id="73" name="cpd:C03676"/>
    </reaction>
    <reaction id="60" name="rn:R03307" type="irreversible">
        <substrate id="64" name="cpd:C01163"/>
        <product id="66" name="cpd:C01278"/>
    </reaction>
    <reaction id="61" name="rn:R03470" type="reversible">
        <substrate id="66" name="cpd:C01278"/>
        <product id="142" name="cpd:C03586"/>
    </reaction>
    <reaction id="181" name="rn:R02604" type="irreversible">
        <substrate id="212" name="cpd:C00682"/>
        <product id="175" name="cpd:C00596"/>
    </reaction>
    <reaction id="146" name="rn:R06990" type="reversible">
        <substrate id="153" name="cpd:C14610"/>
        <product id="142" name="cpd:C03586"/>
    </reaction>
    <reaction id="147" name="rn:R06989" type="reversible">
        <substrate id="152" name="cpd:C02480"/>
        <product id="153" name="cpd:C14610"/>
    </reaction>
    <reaction id="182" name="rn:R01507" type="irreversible">
        <substrate id="213" name="cpd:C00196"/>
        <product id="228" name="cpd:C04480"/>
    </reaction>
    <reaction id="192" name="rn:R02602" type="irreversible">
        <substrate id="194" name="cpd:C03453"/>
        <product id="175" name="cpd:C00596"/>
    </reaction>
    <reaction id="63" name="rn:R03308" type="reversible">
        <substrate id="34" name="cpd:C04553"/>
        <product id="64" name="cpd:C01163"/>
    </reaction>
    <reaction id="148" name="rn:R00817" type="irreversible">
        <substrate id="154" name="cpd:C00090"/>
        <product id="152" name="cpd:C02480"/>
    </reaction>
    <reaction id="149" name="rn:R05621 rn:R05622" type="irreversible">
        <substrate id="151" name="cpd:C00180"/>
        <product id="140" name="cpd:C06321"/>
    </reaction>
    <reaction id="150" name="rn:R02990" type="irreversible">
        <substrate id="155" name="cpd:C00846"/>
        <product id="214" name="cpd:C02232"/>
    </reaction>
    <reaction id="76" name="rn:R01422" type="irreversible">
        <substrate id="151" name="cpd:C00180"/>
        <product id="75" name="cpd:C00512"/>
    </reaction>
    <reaction id="78" name="rn:R02451" type="irreversible">
        <substrate id="75" name="cpd:C00512"/>
        <product id="79" name="cpd:C06322"/>
    </reaction>
    <reaction id="81" name="rn:R05597" type="reversible">
        <substrate id="79" name="cpd:C06322"/>
        <product id="82" name="cpd:C06749"/>
    </reaction>
    <reaction id="84" name="rn:R05581" type="irreversible">
        <substrate id="82" name="cpd:C06749"/>
        <product id="217" name="cpd:C09821"/>
    </reaction>
    <reaction id="85" name="rn:R05594" type="irreversible">
        <substrate id="217" name="cpd:C09821"/>
        <product id="1" name="cpd:C06714"/>
    </reaction>
    <reaction id="90" name="rn:R05586" type="irreversible">
        <substrate id="88" name="cpd:C06715"/>
        <product id="216" name="cpd:C00527"/>
    </reaction>
    <reaction id="92" name="rn:R05579" type="irreversible">
        <substrate id="216" name="cpd:C00527"/>
        <product id="93" name="cpd:C02411"/>
    </reaction>
    <reaction id="97" name="rn:R05600" type="irreversible">
        <substrate id="95" name="cpd:C09811"/>
        <product id="98" name="cpd:C09812"/>
    </reaction>
    <reaction id="100" name="rn:R05582" type="irreversible">
        <substrate id="98" name="cpd:C09812"/>
        <product id="234" name="cpd:C09813"/>
    </reaction>
    <reaction id="102" name="rn:R05592" type="irreversible">
        <substrate id="234" name="cpd:C09813"/>
        <product id="103" name="cpd:C01063"/>
    </reaction>
    <reaction id="104" name="rn:R05311" type="irreversible">
        <substrate id="103" name="cpd:C01063"/>
        <product id="105" name="cpd:C06723"/>
    </reaction>
    <reaction id="109" name="rn:R05619" type="irreversible">
        <substrate id="108" name="cpd:C09823"/>
        <product id="95" name="cpd:C09811"/>
    </reaction>
    <reaction id="111" name="rn:R05620" type="irreversible">
        <substrate id="211" name="cpd:C09822"/>
        <product id="108" name="cpd:C09823"/>
    </reaction>
    <reaction id="118" name="rn:R03028" type="irreversible">
        <substrate id="93" name="cpd:C02411"/>
        <product id="117" name="cpd:C00877"/>
    </reaction>
    <reaction id="121" name="rn:R03026" type="irreversible">
        <substrate id="117" name="cpd:C00877"/>
        <product id="120" name="cpd:C01144"/>
    </reaction>
    <reaction id="124" name="rn:R01976" type="irreversible">
        <substrate id="120" name="cpd:C01144"/>
        <product id="123" name="cpd:C00332"/>
    </reaction>
    <reaction id="127" name="rn:R00238" type="irreversible">
        <substrate id="123" name="cpd:C00332"/>
        <product id="126" name="cpd:C00024"/>
    </reaction>
    <reaction id="128" name="rn:R01295" type="irreversible">
        <substrate id="151" name="cpd:C00180"/>
        <product id="40" name="cpd:C00156"/>
    </reaction>
    <reaction id="129" name="rn:R01300" type="irreversible">
        <substrate id="40" name="cpd:C00156"/>
        <product id="130" name="cpd:C02949"/>
    </reaction>
    <reaction id="131" name="rn:R05316" type="irreversible">
        <substrate id="130" name="cpd:C02949"/>
        <product id="75" name="cpd:C00512"/>
    </reaction>
    <reaction id="199" name="rn:R07795" type="irreversible">
        <substrate id="198" name="cpd:C06336"/>
        <product id="193" name="cpd:C02501"/>
    </reaction>
    <reaction id="201" name="rn:R01301" type="irreversible">
        <substrate id="130" name="cpd:C02949"/>
        <product id="40" name="cpd:C00156"/>
    </reaction>
    <reaction id="203" name="rn:R00821" type="irreversible">
        <substrate id="213" name="cpd:C00196"/>
        <product id="154" name="cpd:C00090"/>
    </reaction>
    <reaction id="208" name="rn:R00228" type="reversible">
        <substrate id="177" name="cpd:C00084"/>
        <product id="126" name="cpd:C00024"/>
    </reaction>
    <reaction id="227" name="rn:R10043" type="irreversible">
        <substrate id="224" name="cpd:C00146"/>
        <product id="154" name="cpd:C00090"/>
    </reaction>
    <reaction id="226" name="rn:R10042" type="irreversible">
        <substrate id="219" name="cpd:C01407"/>
        <product id="224" name="cpd:C00146"/>
    </reaction>
    <reaction id="223" name="rn:R00812" type="irreversible">
        <substrate id="220" name="cpd:C04091"/>
        <product id="154" name="cpd:C00090"/>
    </reaction>
    <reaction id="222" name="rn:R03543" type="irreversible">
        <substrate id="219" name="cpd:C01407"/>
        <product id="220" name="cpd:C04091"/>
    </reaction>
    <reaction id="229" name="rn:R02763" type="irreversible">
        <substrate id="228" name="cpd:C04480"/>
        <product id="212" name="cpd:C00682"/>
    </reaction>
    <reaction id="231" name="rn:R09252" type="reversible">
        <substrate id="95" name="cpd:C09811"/>
        <product id="79" name="cpd:C06322"/>
    </reaction>
    <reaction id="233" name="rn:R10601" type="reversible">
        <substrate id="108" name="cpd:C09823"/>
        <product id="95" name="cpd:C09811"/>
    </reaction>
    <reaction id="237" name="rn:R02488" type="irreversible">
        <substrate id="216" name="cpd:C00527"/>
        <product id="117" name="cpd:C00877"/>
    </reaction>
    <reaction id="238" name="rn:R05305" type="irreversible">
        <substrate id="1" name="cpd:C06714"/>
        <product id="88" name="cpd:C06715"/>
    </reaction>
</pathway>
