<?xml version="1.0"?>
<!DOCTYPE pathway SYSTEM "http://www.kegg.jp/kegg/xml/KGML_v0.7.2_.dtd">
<!-- Creation date: Sep 23, 2016 15:25:06 +0900 (GMT+9) -->
<pathway name="path:ko00603" org="ko" number="00603"
         title="Glycosphingolipid biosynthesis - globo and isoglobo series"
         image="http://www.kegg.jp/kegg/pathway/ko/ko00603.png"
         link="http://www.kegg.jp/kegg-bin/show_pathway?ko00603">
    <entry id="3" name="ko:K00780 ko:K03368" type="ortholog" reaction="rn:R05967"
        link="http://www.kegg.jp/dbget-bin/www_bget?K00780+K03368">
        <graphics name="K00780..." fgcolor="#000000" bgcolor="#BFBFFF"
             type="rectangle" x="333" y="384" width="46" height="17"/>
    </entry>
    <entry id="22" name="gl:G00181" type="compound"
        link="http://www.kegg.jp/dbget-bin/www_bget?G00181">
        <graphics name="G00181" fgcolor="#000000" bgcolor="#FFFFFF"
             type="circle" x="220" y="430" width="8" height="8"/>
    </entry>
    <entry id="23" name="gl:G00096" type="compound"
        link="http://www.kegg.jp/dbget-bin/www_bget?G00096">
        <graphics name="G00096" fgcolor="#000000" bgcolor="#FFFFFF"
             type="circle" x="444" y="292" width="8" height="8"/>
    </entry>
    <entry id="24" name="gl:G00099" type="compound"
        link="http://www.kegg.jp/dbget-bin/www_bget?G00099">
        <graphics name="G00099" fgcolor="#000000" bgcolor="#FFFFFF"
             type="circle" x="220" y="340" width="8" height="8"/>
    </entry>
    <entry id="25" name="gl:G00100" type="compound"
        link="http://www.kegg.jp/dbget-bin/www_bget?G00100">
        <graphics name="G00100" fgcolor="#000000" bgcolor="#FFFFFF"
             type="circle" x="333" y="521" width="8" height="8"/>
    </entry>
    <entry id="26" name="gl:G00101" type="compound"
        link="http://www.kegg.jp/dbget-bin/www_bget?G00101">
        <graphics name="G00101" fgcolor="#000000" bgcolor="#FFFFFF"
             type="circle" x="445" y="430" width="8" height="8"/>
    </entry>
    <entry id="27" name="gl:G00098" type="compound"
        link="http://www.kegg.jp/dbget-bin/www_bget?G00098">
        <graphics name="G00098" fgcolor="#000000" bgcolor="#FFFFFF"
             type="circle" x="333" y="430" width="8" height="8"/>
    </entry>
    <entry id="28" name="gl:G00097" type="compound"
        link="http://www.kegg.jp/dbget-bin/www_bget?G00097">
        <graphics name="G00097" fgcolor="#000000" bgcolor="#FFFFFF"
             type="circle" x="333" y="340" width="8" height="8"/>
    </entry>
    <entry id="29" name="gl:G00104" type="compound"
        link="http://www.kegg.jp/dbget-bin/www_bget?G00104">
        <graphics name="G00104" fgcolor="#000000" bgcolor="#FFFFFF"
             type="circle" x="668" y="340" width="8" height="8"/>
    </entry>
    <entry id="30" name="gl:G00103" type="compound"
        link="http://www.kegg.jp/dbget-bin/www_bget?G00103">
        <graphics name="G00103" fgcolor="#000000" bgcolor="#FFFFFF"
             type="circle" x="557" y="340" width="8" height="8"/>
    </entry>
    <entry id="31" name="gl:G00102" type="compound"
        link="http://www.kegg.jp/dbget-bin/www_bget?G00102">
        <graphics name="G00102" fgcolor="#000000" bgcolor="#FFFFFF"
             type="circle" x="445" y="340" width="8" height="8"/>
    </entry>
    <entry id="32" name="gl:G00106" type="compound"
        link="http://www.kegg.jp/dbget-bin/www_bget?G00106">
        <graphics name="G00106" fgcolor="#000000" bgcolor="#FFFFFF"
             type="circle" x="108" y="344" width="8" height="8"/>
    </entry>
    <entry id="33" name="gl:G00105" type="compound"
        link="http://www.kegg.jp/dbget-bin/www_bget?G00105">
        <graphics name="G00105" fgcolor="#000000" bgcolor="#FFFFFF"
             type="circle" x="108" y="292" width="8" height="8"/>
    </entry>
    <entry id="34" name="ko:K03877" type="ortholog" reaction="rn:R05964"
        link="http://www.kegg.jp/dbget-bin/www_bget?K03877">
        <graphics name="K03877" fgcolor="#000000" bgcolor="#BFBFFF"
             type="rectangle" x="306" y="292" width="46" height="17"/>
    </entry>
    <entry id="37" name="ko:K01204" type="ortholog" reaction="rn:R05966"
        link="http://www.kegg.jp/dbget-bin/www_bget?K01204">
        <graphics name="K01204" fgcolor="#000000" bgcolor="#BFBFFF"
             type="rectangle" x="387" y="264" width="46" height="17"/>
    </entry>
    <entry id="38" name="ko:K01988" type="ortholog" reaction="rn:R05960"
        link="http://www.kegg.jp/dbget-bin/www_bget?K01988">
        <graphics name="K01988" fgcolor="#000000" bgcolor="#BFBFFF"
             type="rectangle" x="162" y="250" width="46" height="17"/>
    </entry>
    <entry id="39" name="gl:G00094" type="compound"
        link="http://www.kegg.jp/dbget-bin/www_bget?G00094">
        <graphics name="G00094" fgcolor="#000000" bgcolor="#FFFFFF"
             type="circle" x="333" y="250" width="8" height="8"/>
    </entry>
    <entry id="41" name="ko:K12373" type="ortholog" reaction="rn:R05963"
        link="http://www.kegg.jp/dbget-bin/www_bget?K12373">
        <graphics name="K12373" fgcolor="#000000" bgcolor="#BFBFFF"
             type="rectangle" x="274" y="265" width="46" height="17"/>
    </entry>
    <entry id="45" name="ko:K03371" type="ortholog"
        link="http://www.kegg.jp/dbget-bin/www_bget?K03371">
        <graphics name="K03371" fgcolor="#000000" bgcolor="#BFBFFF"
             type="rectangle" x="334" y="477" width="46" height="17"/>
    </entry>
    <entry id="47" name="ko:K03663" type="ortholog" reaction="rn:R05904"
        link="http://www.kegg.jp/dbget-bin/www_bget?K03663">
        <graphics name="K03663" fgcolor="#000000" bgcolor="#BFBFFF"
             type="rectangle" x="608" y="339" width="46" height="17"/>
    </entry>
    <entry id="48" name="ko:K00718" type="ortholog" reaction="rn:R05968"
        link="http://www.kegg.jp/dbget-bin/www_bget?K00718">
        <graphics name="K00718" fgcolor="#000000" bgcolor="#BFBFFF"
             type="rectangle" x="274" y="339" width="46" height="17"/>
    </entry>
    <entry id="49" name="ko:K01189 ko:K07406 ko:K07407" type="ortholog" reaction="rn:R05961"
        link="http://www.kegg.jp/dbget-bin/www_bget?K01189+K07406+K07407">
        <graphics name="K01189..." fgcolor="#000000" bgcolor="#BFBFFF"
             type="rectangle" x="162" y="218" width="46" height="17"/>
    </entry>
    <entry id="50" name="ko:K00719" type="ortholog" reaction="rn:R05962"
        link="http://www.kegg.jp/dbget-bin/www_bget?K00719">
        <graphics name="K00719" fgcolor="#000000" bgcolor="#BFBFFF"
             type="rectangle" x="274" y="237" width="46" height="17"/>
    </entry>
    <entry id="51" name="ko:K00722" type="ortholog" reaction="rn:R05965"
        link="http://www.kegg.jp/dbget-bin/www_bget?K00722">
        <graphics name="K00722" fgcolor="#000000" bgcolor="#BFBFFF"
             type="rectangle" x="386" y="237" width="46" height="17"/>
    </entry>
    <entry id="52" name="path:ko00600" type="map"
        link="http://www.kegg.jp/dbget-bin/www_bget?ko00600">
        <graphics name="Sphingolipid metabolism" fgcolor="#000000" bgcolor="#FFFFFF"
             type="roundrectangle" x="107" y="117" width="77" height="34"/>
    </entry>
    <entry id="53" name="gl:G00095" type="compound"
        link="http://www.kegg.jp/dbget-bin/www_bget?G00095">
        <graphics name="G00095" fgcolor="#000000" bgcolor="#FFFFFF"
             type="circle" x="445" y="250" width="8" height="8"/>
    </entry>
    <entry id="54" name="gl:G00093" type="compound"
        link="http://www.kegg.jp/dbget-bin/www_bget?G00093">
        <graphics name="G00093" fgcolor="#000000" bgcolor="#FFFFFF"
             type="circle" x="221" y="250" width="8" height="8"/>
    </entry>
    <entry id="55" name="gl:G00092" type="compound"
        link="http://www.kegg.jp/dbget-bin/www_bget?G00092">
        <graphics name="G00092" fgcolor="#000000" bgcolor="#FFFFFF"
             type="circle" x="108" y="250" width="8" height="8"/>
    </entry>
    <entry id="56" name="ko:K03371" type="ortholog"
        link="http://www.kegg.jp/dbget-bin/www_bget?K03371">
        <graphics name="K03371" fgcolor="#6666CC" bgcolor="#FFFFFF"
             type="line" coords="78,735,108,735"/>
    </entry>
    <entry id="57" name="ko:K00718" type="ortholog" reaction="rn:R05968"
        link="http://www.kegg.jp/dbget-bin/www_bget?K00718">
        <graphics name="K00718" fgcolor="#6666CC" bgcolor="#FFFFFF"
             type="line" coords="190,763,205,748"/>
    </entry>
    <entry id="59" name="ko:K00722" type="ortholog" reaction="rn:R05965"
        link="http://www.kegg.jp/dbget-bin/www_bget?K00722">
        <graphics name="K00722" fgcolor="#6666CC" bgcolor="#FFFFFF"
             type="line" coords="235,685,265,685"/>
    </entry>
    <entry id="61" name="ko:K03877" type="ortholog" reaction="rn:R05964"
        link="http://www.kegg.jp/dbget-bin/www_bget?K03877">
        <graphics name="K03877" fgcolor="#6666CC" bgcolor="#FFFFFF"
             type="line" coords="236,727,266,697"/>
    </entry>
    <entry id="62" name="ko:K01988" type="ortholog" reaction="rn:R05960"
        link="http://www.kegg.jp/dbget-bin/www_bget?K01988">
        <graphics name="K01988" fgcolor="#6666CC" bgcolor="#FFFFFF"
             type="line" coords="393,685,423,685"/>
    </entry>
    <entry id="63" name="ko:K00780 ko:K03368" type="ortholog" reaction="rn:R05967"
        link="http://www.kegg.jp/dbget-bin/www_bget?K00780+K03368">
        <graphics name="K00780..." fgcolor="#6666CC" bgcolor="#FFFFFF"
             type="line" coords="173,735,203,735"/>
    </entry>
    <entry id="64" name="ko:K00719" type="ortholog" reaction="rn:R05962"
        link="http://www.kegg.jp/dbget-bin/www_bget?K00719">
        <graphics name="K00719" fgcolor="#6666CC" bgcolor="#FFFFFF"
             type="line" coords="322,685,352,685"/>
    </entry>
    <entry id="70" name="ko:K03663" type="ortholog" reaction="rn:R05904"
        link="http://www.kegg.jp/dbget-bin/www_bget?K03663">
        <graphics name="K03663" fgcolor="#6666CC" bgcolor="#FFFFFF"
             type="line" coords="168,656,183,641"/>
    </entry>
    <entry id="72" name="gl:G00403" type="compound"
        link="http://www.kegg.jp/dbget-bin/www_bget?G00403">
        <graphics name="G00403" fgcolor="#000000" bgcolor="#FFFFFF"
             type="circle" x="221" y="162" width="8" height="8"/>
    </entry>
    <entry id="73" name="ko:K20736" type="ortholog" reaction="rn:R11320"
        link="http://www.kegg.jp/dbget-bin/www_bget?K20736">
        <graphics name="K20736" fgcolor="#000000" bgcolor="#BFBFFF"
             type="rectangle" x="162" y="163" width="46" height="17"/>
    </entry>
    <entry id="74" name="gl:G00392" type="compound"
        link="http://www.kegg.jp/dbget-bin/www_bget?G00392">
        <graphics name="G00392" fgcolor="#000000" bgcolor="#FFFFFF"
             type="circle" x="333" y="162" width="8" height="8"/>
    </entry>
    <entry id="75" name="gl:G02977" type="compound"
        link="http://www.kegg.jp/dbget-bin/www_bget?G02977">
        <graphics name="G02977" fgcolor="#000000" bgcolor="#FFFFFF"
             type="circle" x="445" y="162" width="8" height="8"/>
    </entry>
    <entry id="76" name="ko:K00719" type="ortholog" reaction="rn:R11321"
        link="http://www.kegg.jp/dbget-bin/www_bget?K00719">
        <graphics name="K00719" fgcolor="#000000" bgcolor="#BFBFFF"
             type="rectangle" x="274" y="163" width="46" height="17"/>
    </entry>
    <entry id="77" name="ko:K00722" type="ortholog" reaction="rn:R11322"
        link="http://www.kegg.jp/dbget-bin/www_bget?K00722">
        <graphics name="K00722" fgcolor="#000000" bgcolor="#BFBFFF"
             type="rectangle" x="386" y="162" width="46" height="17"/>
    </entry>
    <entry id="78" name="gl:G00107" type="compound"
        link="http://www.kegg.jp/dbget-bin/www_bget?G00107">
        <graphics name="G00107" fgcolor="#000000" bgcolor="#FFFFFF"
             type="circle" x="108" y="434" width="8" height="8"/>
    </entry>
    <entry id="81" name="ko:K00719" type="ortholog" reaction="rn:R11321"
        link="http://www.kegg.jp/dbget-bin/www_bget?K00719">
        <graphics name="K00719" fgcolor="#6666CC" bgcolor="#FFFFFF"
             type="line" coords="322,900,352,900"/>
    </entry>
    <entry id="82" name="ko:K00722" type="ortholog" reaction="rn:R11322"
        link="http://www.kegg.jp/dbget-bin/www_bget?K00722">
        <graphics name="K00722" fgcolor="#6666CC" bgcolor="#FFFFFF"
             type="line" coords="235,900,265,900"/>
    </entry>
    <entry id="83" name="ko:K20736" type="ortholog" reaction="rn:R11320"
        link="http://www.kegg.jp/dbget-bin/www_bget?K20736">
        <graphics name="K20736" fgcolor="#6666CC" bgcolor="#FFFFFF"
             type="line" coords="393,901,423,901"/>
    </entry>
    <relation entry1="38" entry2="50" type="ECrel">
        <subtype name="compound" value="54"/>
    </relation>
    <relation entry1="38" entry2="41" type="ECrel">
        <subtype name="compound" value="54"/>
    </relation>
    <relation entry1="49" entry2="50" type="ECrel">
        <subtype name="compound" value="54"/>
    </relation>
    <relation entry1="41" entry2="49" type="ECrel">
        <subtype name="compound" value="54"/>
    </relation>
    <relation entry1="34" entry2="50" type="ECrel">
        <subtype name="compound" value="39"/>
    </relation>
    <relation entry1="50" entry2="51" type="ECrel">
        <subtype name="compound" value="39"/>
    </relation>
    <relation entry1="37" entry2="50" type="ECrel">
        <subtype name="compound" value="39"/>
    </relation>
    <relation entry1="34" entry2="41" type="ECrel">
        <subtype name="compound" value="39"/>
    </relation>
    <relation entry1="41" entry2="51" type="ECrel">
        <subtype name="compound" value="39"/>
    </relation>
    <relation entry1="37" entry2="41" type="ECrel">
        <subtype name="compound" value="39"/>
    </relation>
    <relation entry1="34" entry2="51" type="ECrel">
        <subtype name="compound" value="39"/>
    </relation>
    <relation entry1="34" entry2="37" type="ECrel">
        <subtype name="compound" value="39"/>
    </relation>
    <relation entry1="34" entry2="48" type="ECrel">
        <subtype name="compound" value="28"/>
    </relation>
    <relation entry1="34" entry2="3" type="ECrel">
        <subtype name="compound" value="28"/>
    </relation>
    <relation entry1="3" entry2="48" type="ECrel">
        <subtype name="compound" value="28"/>
    </relation>
    <relation entry1="3" entry2="45" type="ECrel">
        <subtype name="compound" value="27"/>
    </relation>
    <relation entry1="38" entry2="52" type="maplink">
        <subtype name="compound" value="55"/>
    </relation>
    <relation entry1="49" entry2="52" type="maplink">
        <subtype name="compound" value="55"/>
    </relation>
    <relation entry1="73" entry2="76" type="ECrel">
        <subtype name="compound" value="72"/>
    </relation>
    <relation entry1="76" entry2="77" type="ECrel">
        <subtype name="compound" value="74"/>
    </relation>
    <relation entry1="52" entry2="73" type="maplink">
        <subtype name="compound" value="55"/>
    </relation>
    <reaction id="34" name="rn:R05964" type="reversible">
        <substrate id="39" name="gl:G00094"/>
        <product id="28" name="gl:G00097"/>
    </reaction>
    <reaction id="37" name="rn:R05966" type="reversible">
        <substrate id="53" name="gl:G00095"/>
        <product id="39" name="gl:G00094"/>
    </reaction>
    <reaction id="38" name="rn:R05960" type="reversible">
        <substrate id="55" name="gl:G00092"/>
        <product id="54" name="gl:G00093"/>
    </reaction>
    <reaction id="41" name="rn:R05963" type="reversible">
        <substrate id="39" name="gl:G00094"/>
        <product id="54" name="gl:G00093"/>
    </reaction>
    <reaction id="3" name="rn:R05967" type="reversible">
        <substrate id="28" name="gl:G00097"/>
        <product id="27" name="gl:G00098"/>
    </reaction>
    <reaction id="47" name="rn:R05904" type="reversible">
        <substrate id="30" name="gl:G00103"/>
        <product id="29" name="gl:G00104"/>
    </reaction>
    <reaction id="48" name="rn:R05968" type="reversible">
        <substrate id="28" name="gl:G00097"/>
        <product id="24" name="gl:G00099"/>
    </reaction>
    <reaction id="49" name="rn:R05961" type="reversible">
        <substrate id="54" name="gl:G00093"/>
        <product id="55" name="gl:G00092"/>
    </reaction>
    <reaction id="50" name="rn:R05962" type="reversible">
        <substrate id="54" name="gl:G00093"/>
        <product id="39" name="gl:G00094"/>
    </reaction>
    <reaction id="51" name="rn:R05965" type="reversible">
        <substrate id="39" name="gl:G00094"/>
        <product id="53" name="gl:G00095"/>
    </reaction>
    <reaction id="57" name="rn:R05968" type="reversible">
        <substrate id="28" name="gl:G00097"/>
        <product id="24" name="gl:G00099"/>
    </reaction>
    <reaction id="59" name="rn:R05965" type="reversible">
        <substrate id="39" name="gl:G00094"/>
        <product id="53" name="gl:G00095"/>
    </reaction>
    <reaction id="61" name="rn:R05964" type="reversible">
        <substrate id="39" name="gl:G00094"/>
        <product id="28" name="gl:G00097"/>
    </reaction>
    <reaction id="62" name="rn:R05960" type="reversible">
        <substrate id="55" name="gl:G00092"/>
        <product id="54" name="gl:G00093"/>
    </reaction>
    <reaction id="63" name="rn:R05967" type="reversible">
        <substrate id="28" name="gl:G00097"/>
        <product id="27" name="gl:G00098"/>
    </reaction>
    <reaction id="64" name="rn:R05962" type="reversible">
        <substrate id="54" name="gl:G00093"/>
        <product id="39" name="gl:G00094"/>
    </reaction>
    <reaction id="70" name="rn:R05904" type="reversible">
        <substrate id="30" name="gl:G00103"/>
        <product id="29" name="gl:G00104"/>
    </reaction>
    <reaction id="73" name="rn:R11320" type="reversible">
        <substrate id="55" name="gl:G00092"/>
        <product id="72" name="gl:G00403"/>
    </reaction>
    <reaction id="76" name="rn:R11321" type="reversible">
        <substrate id="72" name="gl:G00403"/>
        <product id="74" name="gl:G00392"/>
    </reaction>
    <reaction id="77" name="rn:R11322" type="reversible">
        <substrate id="74" name="gl:G00392"/>
        <product id="75" name="gl:G02977"/>
    </reaction>
    <reaction id="81" name="rn:R11321" type="reversible">
        <substrate id="72" name="gl:G00403"/>
        <product id="74" name="gl:G00392"/>
    </reaction>
    <reaction id="82" name="rn:R11322" type="reversible">
        <substrate id="74" name="gl:G00392"/>
        <product id="75" name="gl:G02977"/>
    </reaction>
    <reaction id="83" name="rn:R11320" type="reversible">
        <substrate id="55" name="gl:G00092"/>
        <product id="72" name="gl:G00403"/>
    </reaction>
</pathway>
