<?xml version="1.0"?>
<!DOCTYPE pathway SYSTEM "http://www.kegg.jp/kegg/xml/KGML_v0.7.2_.dtd">
<!-- Creation date: Sep 27, 2016 17:20:42 +0900 (GMT+9) -->
<pathway name="path:ko00364" org="ko" number="00364"
         title="Fluorobenzoate degradation"
         image="http://www.kegg.jp/kegg/pathway/ko/ko00364.png"
         link="http://www.kegg.jp/kegg-bin/show_pathway?ko00364">
    <entry id="29" name="cpd:C02364" type="compound"
        link="http://www.kegg.jp/dbget-bin/www_bget?C02364">
        <graphics name="C02364" fgcolor="#000000" bgcolor="#FFFFFF"
             type="circle" x="165" y="273" width="8" height="8"/>
    </entry>
    <entry id="32" name="ko:K01061" type="ortholog" reaction="rn:R08121"
        link="http://www.kegg.jp/dbget-bin/www_bget?K01061">
        <graphics name="K01061" fgcolor="#000000" bgcolor="#BFBFFF"
             type="rectangle" x="774" y="335" width="46" height="17"/>
    </entry>
    <entry id="33" name="ko:K01061" type="ortholog" reaction="rn:R08120"
        link="http://www.kegg.jp/dbget-bin/www_bget?K01061">
        <graphics name="K01061" fgcolor="#000000" bgcolor="#BFBFFF"
             type="rectangle" x="774" y="274" width="46" height="17"/>
    </entry>
    <entry id="34" name="cpd:C16474" type="compound"
        link="http://www.kegg.jp/dbget-bin/www_bget?C16474">
        <graphics name="C16474" fgcolor="#000000" bgcolor="#FFFFFF"
             type="circle" x="535" y="334" width="8" height="8"/>
    </entry>
    <entry id="35" name="cpd:C00090" type="compound"
        link="http://www.kegg.jp/dbget-bin/www_bget?C00090">
        <graphics name="C00090" fgcolor="#000000" bgcolor="#FFFFFF"
             type="circle" x="928" y="409" width="8" height="8"/>
    </entry>
    <entry id="36" name="cpd:C16484" type="compound"
        link="http://www.kegg.jp/dbget-bin/www_bget?C16484">
        <graphics name="C16484" fgcolor="#000000" bgcolor="#FFFFFF"
             type="circle" x="282" y="505" width="8" height="8"/>
    </entry>
    <entry id="38" name="ko:K03381" type="ortholog" reaction="rn:R08114"
        link="http://www.kegg.jp/dbget-bin/www_bget?K03381">
        <graphics name="K03381" fgcolor="#000000" bgcolor="#BFBFFF"
             type="rectangle" x="467" y="274" width="46" height="17"/>
    </entry>
    <entry id="39" name="ko:K05549 ko:K05550 ko:K05784" type="ortholog" reaction="rn:R08109"
        link="http://www.kegg.jp/dbget-bin/www_bget?K05549+K05550+K05784">
        <graphics name="K05549..." fgcolor="#000000" bgcolor="#BFBFFF"
             type="rectangle" x="220" y="335" width="46" height="17"/>
    </entry>
    <entry id="40" name="cpd:C02949" type="compound"
        link="http://www.kegg.jp/dbget-bin/www_bget?C02949">
        <graphics name="C02949" fgcolor="#000000" bgcolor="#FFFFFF"
             type="circle" x="165" y="648" width="8" height="8"/>
    </entry>
    <entry id="41" name="ko:K05549 ko:K05550 ko:K05784" type="ortholog" reaction="rn:R08110"
        link="http://www.kegg.jp/dbget-bin/www_bget?K05549+K05550+K05784">
        <graphics name="K05549..." fgcolor="#000000" bgcolor="#BFBFFF"
             type="rectangle" x="220" y="397" width="46" height="17"/>
    </entry>
    <entry id="42" name="ko:K05783" type="ortholog" reaction="rn:R08113"
        link="http://www.kegg.jp/dbget-bin/www_bget?K05783">
        <graphics name="K05783" fgcolor="#000000" bgcolor="#BFBFFF"
             type="rectangle" x="339" y="397" width="46" height="17"/>
    </entry>
    <entry id="43" name="ko:K05549 ko:K05550 ko:K05784" type="ortholog" reaction="rn:R08100"
        link="http://www.kegg.jp/dbget-bin/www_bget?K05549+K05550+K05784">
        <graphics name="K05549..." fgcolor="#000000" bgcolor="#BFBFFF"
             type="rectangle" x="220" y="128" width="46" height="17"/>
    </entry>
    <entry id="44" name="ko:K14417" type="ortholog" reaction="rn:R08117"
        link="http://www.kegg.jp/dbget-bin/www_bget?K14417">
        <graphics name="K14417" fgcolor="#000000" bgcolor="#BFBFFF"
             type="rectangle" x="92" y="545" width="46" height="17"/>
    </entry>
    <entry id="45" name="ko:K05549 ko:K05550 ko:K05784" type="ortholog" reaction="rn:R08101"
        link="http://www.kegg.jp/dbget-bin/www_bget?K05549+K05550+K05784">
        <graphics name="K05549..." fgcolor="#000000" bgcolor="#BFBFFF"
             type="rectangle" x="220" y="206" width="46" height="17"/>
    </entry>
    <entry id="47" name="cpd:C16476" type="compound"
        link="http://www.kegg.jp/dbget-bin/www_bget?C16476">
        <graphics name="C16476" fgcolor="#000000" bgcolor="#FFFFFF"
             type="circle" x="688" y="334" width="8" height="8"/>
    </entry>
    <entry id="48" name="cpd:C16473" type="compound"
        link="http://www.kegg.jp/dbget-bin/www_bget?C16473">
        <graphics name="C16473" fgcolor="#000000" bgcolor="#FFFFFF"
             type="circle" x="407" y="334" width="8" height="8"/>
    </entry>
    <entry id="49" name="cpd:C16475" type="compound"
        link="http://www.kegg.jp/dbget-bin/www_bget?C16475">
        <graphics name="C16475" fgcolor="#000000" bgcolor="#FFFFFF"
             type="circle" x="535" y="273" width="8" height="8"/>
    </entry>
    <entry id="50" name="cpd:C16472" type="compound"
        link="http://www.kegg.jp/dbget-bin/www_bget?C16472">
        <graphics name="C16472" fgcolor="#000000" bgcolor="#FFFFFF"
             type="circle" x="407" y="273" width="8" height="8"/>
    </entry>
    <entry id="51" name="cpd:C02222" type="compound"
        link="http://www.kegg.jp/dbget-bin/www_bget?C02222">
        <graphics name="C02222" fgcolor="#000000" bgcolor="#FFFFFF"
             type="circle" x="843" y="334" width="8" height="8"/>
    </entry>
    <entry id="52" name="ko:K01856" type="ortholog" reaction="rn:R08116"
        link="http://www.kegg.jp/dbget-bin/www_bget?K01856">
        <graphics name="K01856" fgcolor="#000000" bgcolor="#BFBFFF"
             type="rectangle" x="608" y="335" width="46" height="17"/>
    </entry>
    <entry id="53" name="ko:K05783" type="ortholog" reaction="rn:R08111"
        link="http://www.kegg.jp/dbget-bin/www_bget?K05783">
        <graphics name="K05783" fgcolor="#000000" bgcolor="#BFBFFF"
             type="rectangle" x="339" y="274" width="46" height="17"/>
    </entry>
    <entry id="54" name="ko:K01860" type="ortholog" reaction="rn:R08119"
        link="http://www.kegg.jp/dbget-bin/www_bget?K01860">
        <graphics name="K01860" fgcolor="#000000" bgcolor="#BFBFFF"
             type="rectangle" x="608" y="274" width="46" height="17"/>
    </entry>
    <entry id="55" name="ko:K05783" type="ortholog" reaction="rn:R08112"
        link="http://www.kegg.jp/dbget-bin/www_bget?K05783">
        <graphics name="K05783" fgcolor="#000000" bgcolor="#BFBFFF"
             type="rectangle" x="339" y="335" width="46" height="17"/>
    </entry>
    <entry id="56" name="ko:K03381" type="ortholog" reaction="rn:R08115"
        link="http://www.kegg.jp/dbget-bin/www_bget?K03381">
        <graphics name="K03381" fgcolor="#000000" bgcolor="#BFBFFF"
             type="rectangle" x="467" y="335" width="46" height="17"/>
    </entry>
    <entry id="57" name="ko:K05549 ko:K05550 ko:K05784" type="ortholog" reaction="rn:R08108"
        link="http://www.kegg.jp/dbget-bin/www_bget?K05549+K05550+K05784">
        <graphics name="K05549..." fgcolor="#000000" bgcolor="#BFBFFF"
             type="rectangle" x="220" y="274" width="46" height="17"/>
    </entry>
    <entry id="58" name="ko:K14418" type="ortholog" reaction="rn:R04101"
        link="http://www.kegg.jp/dbget-bin/www_bget?K14418">
        <graphics name="K14418" fgcolor="#000000" bgcolor="#BFBFFF"
             type="rectangle" x="165" y="615" width="46" height="17"/>
    </entry>
    <entry id="60" name="path:ko00364" type="map"
        link="http://www.kegg.jp/dbget-bin/www_bget?ko00364">
        <graphics name="TITLE:Fluorobenzoate degradation" fgcolor="#000000" bgcolor="#FFFFFF"
             type="roundrectangle" x="166" y="58" width="252" height="25"/>
    </entry>
    <entry id="61" name="cpd:C11272" type="compound"
        link="http://www.kegg.jp/dbget-bin/www_bget?C11272">
        <graphics name="C11272" fgcolor="#000000" bgcolor="#FFFFFF"
             type="circle" x="165" y="447" width="8" height="8"/>
    </entry>
    <entry id="62" name="cpd:C02371" type="compound"
        link="http://www.kegg.jp/dbget-bin/www_bget?C02371">
        <graphics name="C02371" fgcolor="#000000" bgcolor="#FFFFFF"
             type="circle" x="165" y="395" width="8" height="8"/>
    </entry>
    <entry id="63" name="cpd:C16480" type="compound"
        link="http://www.kegg.jp/dbget-bin/www_bget?C16480">
        <graphics name="C16480" fgcolor="#000000" bgcolor="#FFFFFF"
             type="circle" x="282" y="395" width="8" height="8"/>
    </entry>
    <entry id="64" name="cpd:C16479" type="compound"
        link="http://www.kegg.jp/dbget-bin/www_bget?C16479">
        <graphics name="C16479" fgcolor="#000000" bgcolor="#FFFFFF"
             type="circle" x="282" y="334" width="8" height="8"/>
    </entry>
    <entry id="65" name="cpd:C16478" type="compound"
        link="http://www.kegg.jp/dbget-bin/www_bget?C16478">
        <graphics name="C16478" fgcolor="#000000" bgcolor="#FFFFFF"
             type="circle" x="282" y="273" width="8" height="8"/>
    </entry>
    <entry id="66" name="cpd:C16482" type="compound"
        link="http://www.kegg.jp/dbget-bin/www_bget?C16482">
        <graphics name="C16482" fgcolor="#000000" bgcolor="#FFFFFF"
             type="circle" x="282" y="127" width="8" height="8"/>
    </entry>
    <entry id="67" name="cpd:C02359" type="compound"
        link="http://www.kegg.jp/dbget-bin/www_bget?C02359">
        <graphics name="C02359" fgcolor="#000000" bgcolor="#FFFFFF"
             type="circle" x="165" y="127" width="8" height="8"/>
    </entry>
    <entry id="68" name="cpd:C16483" type="compound"
        link="http://www.kegg.jp/dbget-bin/www_bget?C16483">
        <graphics name="C16483" fgcolor="#000000" bgcolor="#FFFFFF"
             type="circle" x="282" y="447" width="8" height="8"/>
    </entry>
    <entry id="69" name="cpd:C16481" type="compound"
        link="http://www.kegg.jp/dbget-bin/www_bget?C16481">
        <graphics name="C16481" fgcolor="#000000" bgcolor="#FFFFFF"
             type="circle" x="282" y="205" width="8" height="8"/>
    </entry>
    <entry id="70" name="cpd:C16477" type="compound"
        link="http://www.kegg.jp/dbget-bin/www_bget?C16477">
        <graphics name="C16477" fgcolor="#000000" bgcolor="#FFFFFF"
             type="circle" x="688" y="273" width="8" height="8"/>
    </entry>
    <entry id="71" name="cpd:C02802" type="compound"
        link="http://www.kegg.jp/dbget-bin/www_bget?C02802">
        <graphics name="C02802" fgcolor="#000000" bgcolor="#FFFFFF"
             type="circle" x="92" y="587" width="8" height="8"/>
    </entry>
    <entry id="72" name="ko:K14418" type="ortholog" reaction="rn:R08118"
        link="http://www.kegg.jp/dbget-bin/www_bget?K14418">
        <graphics name="K14418" fgcolor="#000000" bgcolor="#BFBFFF"
             type="rectangle" x="91" y="615" width="46" height="17"/>
    </entry>
    <entry id="73" name="cpd:C06387" type="compound"
        link="http://www.kegg.jp/dbget-bin/www_bget?C06387">
        <graphics name="C06387" fgcolor="#000000" bgcolor="#FFFFFF"
             type="circle" x="165" y="585" width="8" height="8"/>
    </entry>
    <entry id="75" name="ko:K14417" type="ortholog" reaction="rn:R03932"
        link="http://www.kegg.jp/dbget-bin/www_bget?K14417">
        <graphics name="K14417" fgcolor="#000000" bgcolor="#BFBFFF"
             type="rectangle" x="166" y="546" width="46" height="17"/>
    </entry>
    <entry id="76" name="cpd:C02370" type="compound"
        link="http://www.kegg.jp/dbget-bin/www_bget?C02370">
        <graphics name="C02370" fgcolor="#000000" bgcolor="#FFFFFF"
             type="circle" x="165" y="521" width="8" height="8"/>
    </entry>
    <entry id="77" name="cpd:C06670" type="compound"
        link="http://www.kegg.jp/dbget-bin/www_bget?C06670">
        <graphics name="C06670" fgcolor="#000000" bgcolor="#FFFFFF"
             type="circle" x="399" y="585" width="8" height="8"/>
    </entry>
    <entry id="80" name="cpd:C06671" type="compound"
        link="http://www.kegg.jp/dbget-bin/www_bget?C06671">
        <graphics name="C06671" fgcolor="#000000" bgcolor="#FFFFFF"
             type="circle" x="282" y="585" width="8" height="8"/>
    </entry>
    <entry id="82" name="cpd:C16248" type="compound"
        link="http://www.kegg.jp/dbget-bin/www_bget?C16248">
        <graphics name="C16248" fgcolor="#000000" bgcolor="#FFFFFF"
             type="circle" x="630" y="238" width="8" height="8"/>
    </entry>
    <entry id="84" name="ko:K03391" type="ortholog" reaction="rn:R07779"
        link="http://www.kegg.jp/dbget-bin/www_bget?K03391">
        <graphics name="K03391" fgcolor="#000000" bgcolor="#BFBFFF"
             type="rectangle" x="630" y="201" width="46" height="17"/>
    </entry>
    <entry id="85" name="cpd:C04178" type="compound"
        link="http://www.kegg.jp/dbget-bin/www_bget?C04178">
        <graphics name="C04178" fgcolor="#000000" bgcolor="#FFFFFF"
             type="circle" x="630" y="175" width="8" height="8"/>
    </entry>
    <entry id="86" name="ko:K00217" type="ortholog" reaction="rn:R07781"
        link="http://www.kegg.jp/dbget-bin/www_bget?K00217">
        <graphics name="K00217" fgcolor="#000000" bgcolor="#BFBFFF"
             type="rectangle" x="846" y="260" width="46" height="17"/>
    </entry>
    <entry id="87" name="cpd:C16249" type="compound"
        link="http://www.kegg.jp/dbget-bin/www_bget?C16249">
        <graphics name="C16249" fgcolor="#000000" bgcolor="#FFFFFF"
             type="circle" x="845" y="238" width="8" height="8"/>
    </entry>
    <entry id="88" name="ko:K20806" type="ortholog" reaction="rn:R04349"
        link="http://www.kegg.jp/dbget-bin/www_bget?K20806">
        <graphics name="K20806" fgcolor="#000000" bgcolor="#BFBFFF"
             type="rectangle" x="719" y="143" width="46" height="17"/>
    </entry>
    <entry id="90" name="ko:K01721 ko:K20807" type="ortholog" reaction="rn:R07780"
        link="http://www.kegg.jp/dbget-bin/www_bget?K01721+K20807">
        <graphics name="K01721..." fgcolor="#000000" bgcolor="#BFBFFF"
             type="rectangle" x="676" y="176" width="46" height="17"/>
    </entry>
    <entry id="91" name="cpd:C16246" type="compound"
        link="http://www.kegg.jp/dbget-bin/www_bget?C16246">
        <graphics name="C16246" fgcolor="#000000" bgcolor="#FFFFFF"
             type="circle" x="728" y="175" width="8" height="8"/>
    </entry>
    <entry id="94" name="cpd:C03925" type="compound"
        link="http://www.kegg.jp/dbget-bin/www_bget?C03925">
        <graphics name="C03925" fgcolor="#000000" bgcolor="#FFFFFF"
             type="circle" x="808" y="175" width="8" height="8"/>
    </entry>
    <entry id="97" name="ko:K08686 ko:K20808 ko:K20809" type="ortholog" reaction="rn:R01033"
        link="http://www.kegg.jp/dbget-bin/www_bget?K08686+K20808+K20809">
        <graphics name="K08686..." fgcolor="#000000" bgcolor="#BFBFFF"
             type="rectangle" x="851" y="410" width="46" height="17"/>
    </entry>
    <entry id="98" name="cpd:C02357" type="compound"
        link="http://www.kegg.jp/dbget-bin/www_bget?C02357">
        <graphics name="C02357" fgcolor="#000000" bgcolor="#FFFFFF"
             type="circle" x="771" y="409" width="8" height="8"/>
    </entry>
    <entry id="99" name="path:ko00362" type="map"
        link="http://www.kegg.jp/dbget-bin/www_bget?ko00362">
        <graphics name="Benzoate degradation" fgcolor="#000000" bgcolor="#FFFFFF"
             type="roundrectangle" x="404" y="648" width="120" height="25"/>
    </entry>
    <entry id="100" name="path:ko00362" type="map"
        link="http://www.kegg.jp/dbget-bin/www_bget?ko00362">
        <graphics name="Benzoate degradation" fgcolor="#000000" bgcolor="#FFFFFF"
             type="roundrectangle" x="842" y="382" width="120" height="25"/>
    </entry>
    <entry id="101" name="path:map00351" type="map"
        link="http://www.kegg.jp/dbget-bin/www_bget?map00351">
        <graphics name="DDT degradation" fgcolor="#000000" bgcolor="#FFFFFF"
             type="roundrectangle" x="365" y="554" width="103" height="25"/>
    </entry>
    <entry id="102" name="path:ko00621" type="map"
        link="http://www.kegg.jp/dbget-bin/www_bget?ko00621">
        <graphics name="Dioxin degradation" fgcolor="#000000" bgcolor="#FFFFFF"
             type="roundrectangle" x="479" y="554" width="113" height="25"/>
    </entry>
    <entry id="103" name="cpd:C16247" type="compound"
        link="http://www.kegg.jp/dbget-bin/www_bget?C16247">
        <graphics name="C16247" fgcolor="#000000" bgcolor="#FFFFFF"
             type="circle" x="808" y="213" width="8" height="8"/>
    </entry>
    <relation entry1="53" entry2="57" type="ECrel">
        <subtype name="compound" value="65"/>
    </relation>
    <relation entry1="39" entry2="55" type="ECrel">
        <subtype name="compound" value="64"/>
    </relation>
    <relation entry1="41" entry2="42" type="ECrel">
        <subtype name="compound" value="63"/>
    </relation>
    <relation entry1="41" entry2="44" type="ECrel">
        <subtype name="compound" value="62"/>
    </relation>
    <relation entry1="55" entry2="56" type="ECrel">
        <subtype name="compound" value="48"/>
    </relation>
    <relation entry1="42" entry2="56" type="ECrel">
        <subtype name="compound" value="48"/>
    </relation>
    <relation entry1="52" entry2="56" type="ECrel">
        <subtype name="compound" value="34"/>
    </relation>
    <relation entry1="32" entry2="52" type="ECrel">
        <subtype name="compound" value="47"/>
    </relation>
    <relation entry1="38" entry2="53" type="ECrel">
        <subtype name="compound" value="50"/>
    </relation>
    <relation entry1="38" entry2="54" type="ECrel">
        <subtype name="compound" value="49"/>
    </relation>
    <relation entry1="33" entry2="54" type="ECrel">
        <subtype name="compound" value="70"/>
    </relation>
    <relation entry1="33" entry2="86" type="ECrel">
        <subtype name="compound" value="51"/>
    </relation>
    <relation entry1="32" entry2="86" type="ECrel">
        <subtype name="compound" value="51"/>
    </relation>
    <relation entry1="84" entry2="90" type="ECrel">
        <subtype name="compound" value="85"/>
    </relation>
    <relation entry1="72" entry2="99" type="maplink">
        <subtype name="compound" value="40"/>
    </relation>
    <relation entry1="58" entry2="99" type="maplink">
        <subtype name="compound" value="40"/>
    </relation>
    <relation entry1="97" entry2="99" type="maplink">
        <subtype name="compound" value="35"/>
    </relation>
    <relation entry1="44" entry2="72" type="ECrel">
        <subtype name="compound" value="71"/>
    </relation>
    <relation entry1="75" entry2="58" type="ECrel">
        <subtype name="compound" value="73"/>
    </relation>
    <relation entry1="32" entry2="100" type="maplink">
        <subtype name="compound" value="51"/>
    </relation>
    <relation entry1="33" entry2="100" type="maplink">
        <subtype name="compound" value="51"/>
    </relation>
    <relation entry1="86" entry2="100" type="maplink">
        <subtype name="compound" value="51"/>
    </relation>
    <relation entry1="101" entry2="102" type="maplink">
        <subtype name="compound" value="76"/>
    </relation>
    <relation entry1="101" entry2="75" type="maplink">
        <subtype name="compound" value="76"/>
    </relation>
    <relation entry1="102" entry2="75" type="maplink">
        <subtype name="compound" value="76"/>
    </relation>
    <reaction id="32" name="rn:R08121" type="irreversible">
        <substrate id="47" name="cpd:C16476"/>
        <product id="51" name="cpd:C02222"/>
    </reaction>
    <reaction id="33" name="rn:R08120" type="irreversible">
        <substrate id="70" name="cpd:C16477"/>
        <product id="51" name="cpd:C02222"/>
    </reaction>
    <reaction id="38" name="rn:R08114" type="irreversible">
        <substrate id="50" name="cpd:C16472"/>
        <product id="49" name="cpd:C16475"/>
    </reaction>
    <reaction id="39" name="rn:R08109" type="irreversible">
        <substrate id="29" name="cpd:C02364"/>
        <product id="64" name="cpd:C16479"/>
    </reaction>
    <reaction id="41" name="rn:R08110" type="irreversible">
        <substrate id="62" name="cpd:C02371"/>
        <product id="63" name="cpd:C16480"/>
    </reaction>
    <reaction id="42" name="rn:R08113" type="irreversible">
        <substrate id="63" name="cpd:C16480"/>
        <product id="48" name="cpd:C16473"/>
    </reaction>
    <reaction id="43" name="rn:R08100" type="irreversible">
        <substrate id="67" name="cpd:C02359"/>
        <product id="66" name="cpd:C16482"/>
    </reaction>
    <reaction id="44" name="rn:R08117" type="irreversible">
        <substrate id="62" name="cpd:C02371"/>
        <product id="71" name="cpd:C02802"/>
    </reaction>
    <reaction id="45" name="rn:R08101" type="irreversible">
        <substrate id="67" name="cpd:C02359"/>
        <product id="69" name="cpd:C16481"/>
    </reaction>
    <reaction id="52" name="rn:R08116" type="irreversible">
        <substrate id="34" name="cpd:C16474"/>
        <product id="47" name="cpd:C16476"/>
    </reaction>
    <reaction id="53" name="rn:R08111" type="irreversible">
        <substrate id="65" name="cpd:C16478"/>
        <product id="50" name="cpd:C16472"/>
    </reaction>
    <reaction id="54" name="rn:R08119" type="irreversible">
        <substrate id="49" name="cpd:C16475"/>
        <product id="70" name="cpd:C16477"/>
    </reaction>
    <reaction id="55" name="rn:R08112" type="irreversible">
        <substrate id="64" name="cpd:C16479"/>
        <product id="48" name="cpd:C16473"/>
    </reaction>
    <reaction id="56" name="rn:R08115" type="irreversible">
        <substrate id="48" name="cpd:C16473"/>
        <product id="34" name="cpd:C16474"/>
    </reaction>
    <reaction id="57" name="rn:R08108" type="irreversible">
        <substrate id="29" name="cpd:C02364"/>
        <product id="65" name="cpd:C16478"/>
    </reaction>
    <reaction id="58" name="rn:R04101" type="irreversible">
        <substrate id="73" name="cpd:C06387"/>
        <product id="40" name="cpd:C02949"/>
    </reaction>
    <reaction id="72" name="rn:R08118" type="irreversible">
        <substrate id="71" name="cpd:C02802"/>
        <product id="40" name="cpd:C02949"/>
    </reaction>
    <reaction id="75" name="rn:R03932" type="irreversible">
        <substrate id="76" name="cpd:C02370"/>
        <product id="73" name="cpd:C06387"/>
    </reaction>
    <reaction id="84" name="rn:R07779" type="irreversible">
        <substrate id="85" name="cpd:C04178"/>
        <product id="82" name="cpd:C16248"/>
    </reaction>
    <reaction id="86" name="rn:R07781" type="irreversible">
        <substrate id="87" name="cpd:C16249"/>
        <product id="51" name="cpd:C02222"/>
    </reaction>
    <reaction id="88" name="rn:R04349" type="irreversible">
        <substrate id="85" name="cpd:C04178"/>
        <product id="94" name="cpd:C03925"/>
    </reaction>
    <reaction id="90" name="rn:R07780" type="irreversible">
        <substrate id="85" name="cpd:C04178"/>
        <product id="91" name="cpd:C16246"/>
    </reaction>
    <reaction id="97" name="rn:R01033" type="irreversible">
        <substrate id="98" name="cpd:C02357"/>
        <product id="35" name="cpd:C00090"/>
    </reaction>
</pathway>
