<?xml version="1.0"?>
<!DOCTYPE pathway SYSTEM "http://www.kegg.jp/kegg/xml/KGML_v0.7.2_.dtd">
<!-- Creation date: Feb 25, 2016 13:50:34 +0900 (GMT+9) -->
<pathway name="path:ko00627" org="ko" number="00627"
         title="Aminobenzoate degradation"
         image="http://www.kegg.jp/kegg/pathway/ko/ko00627.png"
         link="http://www.kegg.jp/kegg-bin/show_pathway?ko00627">
    <entry id="4" name="path:ko00361" type="map"
        link="http://www.kegg.jp/dbget-bin/www_bget?ko00361">
        <graphics name="Chlorocyclohexane and chlorobenzene degradation" fgcolor="#000000" bgcolor="#FFFFFF"
             type="roundrectangle" x="167" y="58" width="254" height="25"/>
    </entry>
    <entry id="7" name="cpd:C00568" type="compound"
        link="http://www.kegg.jp/dbget-bin/www_bget?C00568">
        <graphics name="C00568" fgcolor="#000000" bgcolor="#FFFFFF"
             type="circle" x="391" y="629" width="8" height="8"/>
    </entry>
    <entry id="10" name="cpd:C00230" type="compound"
        link="http://www.kegg.jp/dbget-bin/www_bget?C00230">
        <graphics name="C00230" fgcolor="#000000" bgcolor="#FFFFFF"
             type="circle" x="587" y="629" width="8" height="8"/>
    </entry>
    <entry id="13" name="ko:K01045" type="ortholog" reaction="rn:R05421"
        link="http://www.kegg.jp/dbget-bin/www_bget?K01045">
        <graphics name="K01045" fgcolor="#000000" bgcolor="#BFBFFF"
             type="rectangle" x="514" y="1019" width="46" height="17"/>
    </entry>
    <entry id="29" name="cpd:C07103" type="compound"
        link="http://www.kegg.jp/dbget-bin/www_bget?C07103">
        <graphics name="C07103" fgcolor="#000000" bgcolor="#FFFFFF"
             type="circle" x="1028" y="935" width="8" height="8"/>
    </entry>
    <entry id="35" name="ko:K01077 ko:K01113" type="ortholog" reaction="rn:R03024"
        link="http://www.kegg.jp/dbget-bin/www_bget?K01077+K01113">
        <graphics name="K01077..." fgcolor="#000000" bgcolor="#BFBFFF"
             type="rectangle" x="763" y="952" width="46" height="17"/>
    </entry>
    <entry id="36" name="ko:K01078 ko:K01093 ko:K03788 ko:K09474" type="ortholog" reaction="rn:R03024"
        link="http://www.kegg.jp/dbget-bin/www_bget?K01078+K01093+K03788+K09474">
        <graphics name="K01078..." fgcolor="#000000" bgcolor="#BFBFFF"
             type="rectangle" x="788" y="933" width="46" height="17"/>
    </entry>
    <entry id="37" name="ko:K01101" type="ortholog" reaction="rn:R03024"
        link="http://www.kegg.jp/dbget-bin/www_bget?K01101">
        <graphics name="K01101" fgcolor="#000000" bgcolor="#BFBFFF"
             type="rectangle" x="738" y="933" width="46" height="17"/>
    </entry>
    <entry id="38" name="ko:K01045" type="ortholog" reaction="rn:R05548"
        link="http://www.kegg.jp/dbget-bin/www_bget?K01045">
        <graphics name="K01045" fgcolor="#000000" bgcolor="#BFBFFF"
             type="rectangle" x="514" y="985" width="46" height="17"/>
    </entry>
    <entry id="39" name="ko:K00517" type="ortholog" reaction="rn:R05265"
        link="http://www.kegg.jp/dbget-bin/www_bget?K00517">
        <graphics name="K00517" fgcolor="#000000" bgcolor="#BFBFFF"
             type="rectangle" x="1051" y="1019" width="46" height="17"/>
    </entry>
    <entry id="43" name="ko:K00493 ko:K14338" type="ortholog" reaction="rn:R05259"
        link="http://www.kegg.jp/dbget-bin/www_bget?K00493+K14338">
        <graphics name="K00493..." fgcolor="#000000" bgcolor="#BFBFFF"
             type="rectangle" x="442" y="954" width="46" height="17"/>
    </entry>
    <entry id="44" name="cpd:C03360" type="compound"
        link="http://www.kegg.jp/dbget-bin/www_bget?C03360">
        <graphics name="C03360" fgcolor="#000000" bgcolor="#FFFFFF"
             type="circle" x="763" y="909" width="8" height="8"/>
    </entry>
    <entry id="45" name="cpd:C06604" type="compound"
        link="http://www.kegg.jp/dbget-bin/www_bget?C06604">
        <graphics name="C06604" fgcolor="#000000" bgcolor="#FFFFFF"
             type="circle" x="442" y="930" width="8" height="8"/>
    </entry>
    <entry id="46" name="cpd:C06606" type="compound"
        link="http://www.kegg.jp/dbget-bin/www_bget?C06606">
        <graphics name="C06606" fgcolor="#000000" bgcolor="#FFFFFF"
             type="circle" x="442" y="984" width="8" height="8"/>
    </entry>
    <entry id="47" name="cpd:C02372" type="compound"
        link="http://www.kegg.jp/dbget-bin/www_bget?C02372">
        <graphics name="C02372" fgcolor="#000000" bgcolor="#FFFFFF"
             type="circle" x="577" y="891" width="8" height="8"/>
    </entry>
    <entry id="48" name="cpd:C06608" type="compound"
        link="http://www.kegg.jp/dbget-bin/www_bget?C06608">
        <graphics name="C06608" fgcolor="#000000" bgcolor="#FFFFFF"
             type="circle" x="686" y="930" width="8" height="8"/>
    </entry>
    <entry id="49" name="cpd:C06607" type="compound"
        link="http://www.kegg.jp/dbget-bin/www_bget?C06607">
        <graphics name="C06607" fgcolor="#000000" bgcolor="#FFFFFF"
             type="circle" x="609" y="930" width="8" height="8"/>
    </entry>
    <entry id="50" name="cpd:C00472" type="compound"
        link="http://www.kegg.jp/dbget-bin/www_bget?C00472">
        <graphics name="C00472" fgcolor="#000000" bgcolor="#FFFFFF"
             type="circle" x="914" y="984" width="8" height="8"/>
    </entry>
    <entry id="51" name="cpd:C02235" type="compound"
        link="http://www.kegg.jp/dbget-bin/www_bget?C02235">
        <graphics name="C02235" fgcolor="#000000" bgcolor="#FFFFFF"
             type="circle" x="971" y="1019" width="8" height="8"/>
    </entry>
    <entry id="52" name="cpd:C00530" type="compound"
        link="http://www.kegg.jp/dbget-bin/www_bget?C00530">
        <graphics name="C00530" fgcolor="#000000" bgcolor="#FFFFFF"
             type="circle" x="1028" y="984" width="8" height="8"/>
    </entry>
    <entry id="53" name="cpd:C00870" type="compound"
        link="http://www.kegg.jp/dbget-bin/www_bget?C00870">
        <graphics name="C00870" fgcolor="#000000" bgcolor="#FFFFFF"
             type="circle" x="763" y="984" width="8" height="8"/>
    </entry>
    <entry id="54" name="cpd:C06605" type="compound"
        link="http://www.kegg.jp/dbget-bin/www_bget?C06605">
        <graphics name="C06605" fgcolor="#000000" bgcolor="#FFFFFF"
             type="circle" x="503" y="930" width="8" height="8"/>
    </entry>
    <entry id="60" name="path:ko00362" type="map"
        link="http://www.kegg.jp/dbget-bin/www_bget?ko00362">
        <graphics name="Benzoate degradation" fgcolor="#000000" bgcolor="#FFFFFF"
             type="roundrectangle" x="329" y="1009" width="122" height="25"/>
    </entry>
    <entry id="65" name="cpd:C06335" type="compound"
        link="http://www.kegg.jp/dbget-bin/www_bget?C06335">
        <graphics name="C06335" fgcolor="#000000" bgcolor="#FFFFFF"
             type="circle" x="329" y="681" width="8" height="8"/>
    </entry>
    <entry id="67" name="cpd:C06674" type="compound"
        link="http://www.kegg.jp/dbget-bin/www_bget?C06674">
        <graphics name="C06674" fgcolor="#000000" bgcolor="#FFFFFF"
             type="circle" x="329" y="746" width="8" height="8"/>
    </entry>
    <entry id="69" name="cpd:C06675" type="compound"
        link="http://www.kegg.jp/dbget-bin/www_bget?C06675">
        <graphics name="C06675" fgcolor="#000000" bgcolor="#FFFFFF"
             type="circle" x="329" y="811" width="8" height="8"/>
    </entry>
    <entry id="70" name="cpd:C06676" type="compound"
        link="http://www.kegg.jp/dbget-bin/www_bget?C06676">
        <graphics name="C06676" fgcolor="#000000" bgcolor="#FFFFFF"
             type="circle" x="329" y="876" width="8" height="8"/>
    </entry>
    <entry id="71" name="cpd:C02222" type="compound"
        link="http://www.kegg.jp/dbget-bin/www_bget?C02222">
        <graphics name="C02222" fgcolor="#000000" bgcolor="#FFFFFF"
             type="circle" x="329" y="941" width="8" height="8"/>
    </entry>
    <entry id="76" name="cpd:C00755" type="compound"
        link="http://www.kegg.jp/dbget-bin/www_bget?C00755">
        <graphics name="C00755" fgcolor="#000000" bgcolor="#FFFFFF"
             type="circle" x="482" y="553" width="8" height="8"/>
    </entry>
    <entry id="77" name="cpd:C06317" type="compound"
        link="http://www.kegg.jp/dbget-bin/www_bget?C06317">
        <graphics name="C06317" fgcolor="#000000" bgcolor="#FFFFFF"
             type="circle" x="377" y="553" width="8" height="8"/>
    </entry>
    <entry id="78" name="cpd:C06672" type="compound"
        link="http://www.kegg.jp/dbget-bin/www_bget?C06672">
        <graphics name="C06672" fgcolor="#000000" bgcolor="#FFFFFF"
             type="circle" x="587" y="553" width="8" height="8"/>
    </entry>
    <entry id="79" name="ko:K03862 ko:K03863" type="ortholog" reaction="rn:R05274"
        link="http://www.kegg.jp/dbget-bin/www_bget?K03862+K03863">
        <graphics name="K03862..." fgcolor="#000000" bgcolor="#BFBFFF"
             type="rectangle" x="562" y="576" width="46" height="17"/>
    </entry>
    <entry id="90" name="ko:K15056" type="ortholog" reaction="rn:R07730"
        link="http://www.kegg.jp/dbget-bin/www_bget?K15056">
        <graphics name="K15056" fgcolor="#000000" bgcolor="#BFBFFF"
             type="rectangle" x="291" y="473" width="46" height="17"/>
    </entry>
    <entry id="92" name="ko:K15055" type="ortholog" reaction="rn:R07727"
        link="http://www.kegg.jp/dbget-bin/www_bget?K15055">
        <graphics name="K15055" fgcolor="#000000" bgcolor="#BFBFFF"
             type="rectangle" x="291" y="409" width="46" height="17"/>
    </entry>
    <entry id="93" name="cpd:C16234" type="compound"
        link="http://www.kegg.jp/dbget-bin/www_bget?C16234">
        <graphics name="C16234" fgcolor="#000000" bgcolor="#FFFFFF"
             type="circle" x="291" y="381" width="8" height="8"/>
    </entry>
    <entry id="94" name="cpd:C16235" type="compound"
        link="http://www.kegg.jp/dbget-bin/www_bget?C16235">
        <graphics name="C16235" fgcolor="#000000" bgcolor="#FFFFFF"
             type="circle" x="291" y="445" width="8" height="8"/>
    </entry>
    <entry id="95" name="cpd:C00632" type="compound"
        link="http://www.kegg.jp/dbget-bin/www_bget?C00632">
        <graphics name="C00632" fgcolor="#000000" bgcolor="#FFFFFF"
             type="circle" x="291" y="509" width="8" height="8"/>
    </entry>
    <entry id="96" name="path:ko00380" type="map"
        link="http://www.kegg.jp/dbget-bin/www_bget?ko00380">
        <graphics name="Tryptophan metabolism" fgcolor="#000000" bgcolor="#FFFFFF"
             type="roundrectangle" x="399" y="509" width="134" height="25"/>
    </entry>
    <entry id="97" name="ko:K14333" type="ortholog" reaction="rn:R00821"
        link="http://www.kegg.jp/dbget-bin/www_bget?K14333">
        <graphics name="K14333" fgcolor="#000000" bgcolor="#BFBFFF"
             type="rectangle" x="670" y="446" width="46" height="17"/>
    </entry>
    <entry id="98" name="ko:K09461" type="ortholog" reaction="rn:R03998 rn:R03999"
        link="http://www.kegg.jp/dbget-bin/www_bget?K09461">
        <graphics name="K09461" fgcolor="#000000" bgcolor="#BFBFFF"
             type="rectangle" x="534" y="387" width="46" height="17"/>
    </entry>
    <entry id="99" name="ko:K08295" type="ortholog" reaction="rn:R00982"
        link="http://www.kegg.jp/dbget-bin/www_bget?K08295">
        <graphics name="K08295" fgcolor="#000000" bgcolor="#BFBFFF"
             type="rectangle" x="436" y="388" width="46" height="17"/>
    </entry>
    <entry id="100" name="ko:K05599 ko:K05600 ko:K11311 ko:K16319 ko:K16320 ko:K18248 ko:K18249" type="ortholog" reaction="rn:R00823 rn:R00825"
        link="http://www.kegg.jp/dbget-bin/www_bget?K05599+K05600+K11311+K16319+K16320+K18248+K18249">
        <graphics name="K05599..." fgcolor="#000000" bgcolor="#BFBFFF"
             type="rectangle" x="495" y="478" width="46" height="17"/>
    </entry>
    <entry id="102" name="cpd:C05165" type="compound"
        link="http://www.kegg.jp/dbget-bin/www_bget?C05165">
        <graphics name="C05165" fgcolor="#000000" bgcolor="#FFFFFF"
             type="circle" x="586" y="387" width="8" height="8"/>
    </entry>
    <entry id="103" name="cpd:C02247" type="compound"
        link="http://www.kegg.jp/dbget-bin/www_bget?C02247">
        <graphics name="C02247" fgcolor="#000000" bgcolor="#FFFFFF"
             type="circle" x="491" y="387" width="8" height="8"/>
    </entry>
    <entry id="104" name="cpd:C08063" type="compound"
        link="http://www.kegg.jp/dbget-bin/www_bget?C08063">
        <graphics name="C08063" fgcolor="#000000" bgcolor="#FFFFFF"
             type="circle" x="665" y="387" width="8" height="8"/>
    </entry>
    <entry id="111" name="ko:K14579 ko:K14580 ko:K14578 ko:K14581" type="ortholog" reaction="rn:R07706"
        link="http://www.kegg.jp/dbget-bin/www_bget?K14579+K14580+K14578+K14581">
        <graphics name="K14579..." fgcolor="#000000" bgcolor="#BFBFFF"
             type="rectangle" x="747" y="399" width="46" height="17"/>
    </entry>
    <entry id="113" name="path:ko00362" type="map"
        link="http://www.kegg.jp/dbget-bin/www_bget?ko00362">
        <graphics name="Benzoate degradation" fgcolor="#000000" bgcolor="#FFFFFF"
             type="roundrectangle" x="1020" y="445" width="122" height="25"/>
    </entry>
    <entry id="114" name="cpd:C03824" type="compound"
        link="http://www.kegg.jp/dbget-bin/www_bget?C03824">
        <graphics name="C03824" fgcolor="#000000" bgcolor="#FFFFFF"
             type="circle" x="1134" y="367" width="8" height="8"/>
    </entry>
    <entry id="115" name="cpd:C01987" type="compound"
        link="http://www.kegg.jp/dbget-bin/www_bget?C01987">
        <graphics name="C01987" fgcolor="#000000" bgcolor="#FFFFFF"
             type="circle" x="1037" y="367" width="8" height="8"/>
    </entry>
    <entry id="116" name="cpd:C02720" type="compound"
        link="http://www.kegg.jp/dbget-bin/www_bget?C02720">
        <graphics name="C02720" fgcolor="#000000" bgcolor="#FFFFFF"
             type="circle" x="940" y="367" width="8" height="8"/>
    </entry>
    <entry id="117" name="cpd:C06876" type="compound"
        link="http://www.kegg.jp/dbget-bin/www_bget?C06876">
        <graphics name="C06876" fgcolor="#000000" bgcolor="#FFFFFF"
             type="circle" x="843" y="367" width="8" height="8"/>
    </entry>
    <entry id="118" name="cpd:C06813" type="compound"
        link="http://www.kegg.jp/dbget-bin/www_bget?C06813">
        <graphics name="C06813" fgcolor="#000000" bgcolor="#FFFFFF"
             type="circle" x="747" y="367" width="8" height="8"/>
    </entry>
    <entry id="119" name="ko:K15058 ko:K15059" type="ortholog" reaction="rn:R05405"
        link="http://www.kegg.jp/dbget-bin/www_bget?K15058+K15059">
        <graphics name="K15058..." fgcolor="#000000" bgcolor="#BFBFFF"
             type="rectangle" x="1081" y="368" width="46" height="17"/>
    </entry>
    <entry id="120" name="ko:K15057" type="ortholog" reaction="rn:R05401"
        link="http://www.kegg.jp/dbget-bin/www_bget?K15057">
        <graphics name="K15057" fgcolor="#000000" bgcolor="#BFBFFF"
             type="rectangle" x="791" y="368" width="46" height="17"/>
    </entry>
    <entry id="121" name="ko:K15057" type="ortholog" reaction="rn:R05400"
        link="http://www.kegg.jp/dbget-bin/www_bget?K15057">
        <graphics name="K15057" fgcolor="#000000" bgcolor="#BFBFFF"
             type="rectangle" x="887" y="368" width="46" height="17"/>
    </entry>
    <entry id="122" name="path:ko00380" type="map"
        link="http://www.kegg.jp/dbget-bin/www_bget?ko00380">
        <graphics name="Tryptophan metabolism" fgcolor="#000000" bgcolor="#FFFFFF"
             type="roundrectangle" x="1227" y="366" width="72" height="34"/>
    </entry>
    <entry id="126" name="ko:K01612" type="ortholog" reaction="rn:R01238"
        link="http://www.kegg.jp/dbget-bin/www_bget?K01612">
        <graphics name="K01612" fgcolor="#000000" bgcolor="#BFBFFF"
             type="rectangle" x="288" y="316" width="46" height="17"/>
    </entry>
    <entry id="129" name="cpd:C00156" type="compound"
        link="http://www.kegg.jp/dbget-bin/www_bget?C00156">
        <graphics name="C00156" fgcolor="#000000" bgcolor="#FFFFFF"
             type="circle" x="391" y="316" width="8" height="8"/>
    </entry>
    <entry id="130" name="cpd:C02734" type="compound"
        link="http://www.kegg.jp/dbget-bin/www_bget?C02734">
        <graphics name="C02734" fgcolor="#000000" bgcolor="#FFFFFF"
             type="circle" x="285" y="357" width="8" height="8"/>
    </entry>
    <entry id="131" name="cpd:C00146" type="compound"
        link="http://www.kegg.jp/dbget-bin/www_bget?C00146">
        <graphics name="C00146" fgcolor="#000000" bgcolor="#FFFFFF"
             type="circle" x="186" y="316" width="8" height="8"/>
    </entry>
    <entry id="132" name="cpd:C00090" type="compound"
        link="http://www.kegg.jp/dbget-bin/www_bget?C00090">
        <graphics name="C00090" fgcolor="#000000" bgcolor="#FFFFFF"
             type="circle" x="747" y="445" width="8" height="8"/>
    </entry>
    <entry id="138" name="cpd:C00292" type="compound"
        link="http://www.kegg.jp/dbget-bin/www_bget?C00292">
        <graphics name="C00292" fgcolor="#000000" bgcolor="#FFFFFF"
             type="circle" x="646" y="504" width="8" height="8"/>
    </entry>
    <entry id="139" name="cpd:C16200" type="compound"
        link="http://www.kegg.jp/dbget-bin/www_bget?C16200">
        <graphics name="C16200" fgcolor="#000000" bgcolor="#FFFFFF"
             type="circle" x="71" y="316" width="8" height="8"/>
    </entry>
    <entry id="140" name="ko:K00517" type="ortholog" reaction="rn:R07700"
        link="http://www.kegg.jp/dbget-bin/www_bget?K00517">
        <graphics name="K00517" fgcolor="#000000" bgcolor="#BFBFFF"
             type="rectangle" x="697" y="504" width="46" height="17"/>
    </entry>
    <entry id="141" name="ko:K00517" type="ortholog" reaction="rn:R07697"
        link="http://www.kegg.jp/dbget-bin/www_bget?K00517">
        <graphics name="K00517" fgcolor="#000000" bgcolor="#BFBFFF"
             type="rectangle" x="126" y="317" width="46" height="17"/>
    </entry>
    <entry id="142" name="ko:K03380" type="ortholog" reaction="rn:R00815"
        link="http://www.kegg.jp/dbget-bin/www_bget?K03380">
        <graphics name="K03380" fgcolor="#000000" bgcolor="#BFBFFF"
             type="rectangle" x="495" y="530" width="46" height="17"/>
    </entry>
    <entry id="144" name="cpd:C02949" type="compound"
        link="http://www.kegg.jp/dbget-bin/www_bget?C02949">
        <graphics name="C02949" fgcolor="#000000" bgcolor="#FFFFFF"
             type="circle" x="491" y="316" width="8" height="8"/>
    </entry>
    <entry id="145" name="ko:K04105 ko:K20458" type="ortholog" reaction="rn:R01300"
        link="http://www.kegg.jp/dbget-bin/www_bget?K04105+K20458">
        <graphics name="K04105..." fgcolor="#000000" bgcolor="#BFBFFF"
             type="rectangle" x="436" y="317" width="46" height="17"/>
    </entry>
    <entry id="146" name="ko:K04107 ko:K04108 ko:K04109" type="ortholog" reaction="rn:R05316"
        link="http://www.kegg.jp/dbget-bin/www_bget?K04107+K04108+K04109">
        <graphics name="K04107..." fgcolor="#000000" bgcolor="#BFBFFF"
             type="rectangle" x="544" y="318" width="46" height="17"/>
    </entry>
    <entry id="147" name="cpd:C00512" type="compound"
        link="http://www.kegg.jp/dbget-bin/www_bget?C00512">
        <graphics name="C00512" fgcolor="#000000" bgcolor="#FFFFFF"
             type="circle" x="603" y="317" width="8" height="8"/>
    </entry>
    <entry id="148" name="path:ko00362" type="map"
        link="http://www.kegg.jp/dbget-bin/www_bget?ko00362">
        <graphics name="Benzoate degradation" fgcolor="#000000" bgcolor="#FFFFFF"
             type="roundrectangle" x="780" y="317" width="122" height="25"/>
    </entry>
    <entry id="153" name="cpd:C06206" type="compound"
        link="http://www.kegg.jp/dbget-bin/www_bget?C06206">
        <graphics name="C06206" fgcolor="#000000" bgcolor="#FFFFFF"
             type="circle" x="253" y="138" width="8" height="8"/>
    </entry>
    <entry id="154" name="ko:K01512" type="ortholog" reaction="rn:R01421"
        link="http://www.kegg.jp/dbget-bin/www_bget?K01512">
        <graphics name="K01512" fgcolor="#000000" bgcolor="#BFBFFF"
             type="rectangle" x="324" y="139" width="46" height="17"/>
    </entry>
    <entry id="155" name="ko:K07824" type="ortholog" reaction="rn:R01295"
        link="http://www.kegg.jp/dbget-bin/www_bget?K07824">
        <graphics name="K07824" fgcolor="#000000" bgcolor="#BFBFFF"
             type="rectangle" x="391" y="225" width="46" height="17"/>
    </entry>
    <entry id="156" name="ko:K04110 ko:K04105" type="ortholog" reaction="rn:R01422"
        link="http://www.kegg.jp/dbget-bin/www_bget?K04110+K04105">
        <graphics name="K04110..." fgcolor="#000000" bgcolor="#BFBFFF"
             type="rectangle" x="436" y="179" width="46" height="17"/>
    </entry>
    <entry id="162" name="cpd:C16281" type="compound"
        link="http://www.kegg.jp/dbget-bin/www_bget?C16281">
        <graphics name="C16281" fgcolor="#000000" bgcolor="#FFFFFF"
             type="circle" x="826" y="144" width="8" height="8"/>
    </entry>
    <entry id="163" name="cpd:C16283" type="compound"
        link="http://www.kegg.jp/dbget-bin/www_bget?C16283">
        <graphics name="C16283" fgcolor="#000000" bgcolor="#FFFFFF"
             type="circle" x="737" y="144" width="8" height="8"/>
    </entry>
    <entry id="164" name="cpd:C16285" type="compound"
        link="http://www.kegg.jp/dbget-bin/www_bget?C16285">
        <graphics name="C16285" fgcolor="#000000" bgcolor="#FFFFFF"
             type="circle" x="649" y="144" width="8" height="8"/>
    </entry>
    <entry id="165" name="ko:K10215" type="ortholog" reaction="rn:R07836"
        link="http://www.kegg.jp/dbget-bin/www_bget?K10215">
        <graphics name="K10215" fgcolor="#000000" bgcolor="#BFBFFF"
             type="rectangle" x="789" y="145" width="46" height="17"/>
    </entry>
    <entry id="166" name="ko:K10215" type="ortholog" reaction="rn:R07837"
        link="http://www.kegg.jp/dbget-bin/www_bget?K10215">
        <graphics name="K10215" fgcolor="#000000" bgcolor="#BFBFFF"
             type="rectangle" x="701" y="146" width="46" height="17"/>
    </entry>
    <entry id="167" name="ko:K01721 ko:K20807" type="ortholog" reaction="rn:R05596"
        link="http://www.kegg.jp/dbget-bin/www_bget?K01721+K20807">
        <graphics name="K01721..." fgcolor="#000000" bgcolor="#BFBFFF"
             type="rectangle" x="538" y="145" width="46" height="17"/>
    </entry>
    <entry id="168" name="ko:K01501" type="ortholog" reaction="rn:R05591"
        link="http://www.kegg.jp/dbget-bin/www_bget?K01501">
        <graphics name="K01501" fgcolor="#000000" bgcolor="#BFBFFF"
             type="rectangle" x="482" y="108" width="46" height="17"/>
    </entry>
    <entry id="169" name="ko:K01426" type="ortholog" reaction="rn:R05590"
        link="http://www.kegg.jp/dbget-bin/www_bget?K01426">
        <graphics name="K01426" fgcolor="#000000" bgcolor="#BFBFFF"
             type="rectangle" x="442" y="146" width="46" height="17"/>
    </entry>
    <entry id="170" name="cpd:C09814" type="compound"
        link="http://www.kegg.jp/dbget-bin/www_bget?C09814">
        <graphics name="C09814" fgcolor="#000000" bgcolor="#FFFFFF"
             type="circle" x="580" y="144" width="8" height="8"/>
    </entry>
    <entry id="171" name="cpd:C09815" type="compound"
        link="http://www.kegg.jp/dbget-bin/www_bget?C09815">
        <graphics name="C09815" fgcolor="#000000" bgcolor="#FFFFFF"
             type="circle" x="485" y="144" width="8" height="8"/>
    </entry>
    <entry id="172" name="cpd:C06337" type="compound"
        link="http://www.kegg.jp/dbget-bin/www_bget?C06337">
        <graphics name="C06337" fgcolor="#000000" bgcolor="#FFFFFF"
             type="circle" x="466" y="210" width="8" height="8"/>
    </entry>
    <entry id="173" name="cpd:C00180" type="compound"
        link="http://www.kegg.jp/dbget-bin/www_bget?C00180">
        <graphics name="C00180" fgcolor="#000000" bgcolor="#FFFFFF"
             type="circle" x="391" y="178" width="8" height="8"/>
    </entry>
    <entry id="174" name="cpd:C00261" type="compound"
        link="http://www.kegg.jp/dbget-bin/www_bget?C00261">
        <graphics name="C00261" fgcolor="#000000" bgcolor="#FFFFFF"
             type="circle" x="288" y="178" width="8" height="8"/>
    </entry>
    <entry id="175" name="ko:K00141" type="ortholog" reaction="rn:R01419"
        link="http://www.kegg.jp/dbget-bin/www_bget?K00141">
        <graphics name="K00141" fgcolor="#000000" bgcolor="#BFBFFF"
             type="rectangle" x="340" y="189" width="46" height="17"/>
    </entry>
    <entry id="179" name="ko:K00141" type="ortholog" reaction="rn:R01293"
        link="http://www.kegg.jp/dbget-bin/www_bget?K00141">
        <graphics name="K00141" fgcolor="#000000" bgcolor="#BFBFFF"
             type="rectangle" x="340" y="292" width="46" height="17"/>
    </entry>
    <entry id="181" name="cpd:C00633" type="compound"
        link="http://www.kegg.jp/dbget-bin/www_bget?C00633">
        <graphics name="C00633" fgcolor="#000000" bgcolor="#FFFFFF"
             type="circle" x="288" y="272" width="8" height="8"/>
    </entry>
    <entry id="186" name="cpd:C01983" type="compound"
        link="http://www.kegg.jp/dbget-bin/www_bget?C01983">
        <graphics name="C01983" fgcolor="#000000" bgcolor="#FFFFFF"
             type="circle" x="100" y="111" width="8" height="8"/>
    </entry>
    <entry id="187" name="cpd:C02137" type="compound"
        link="http://www.kegg.jp/dbget-bin/www_bget?C02137">
        <graphics name="C02137" fgcolor="#000000" bgcolor="#FFFFFF"
             type="circle" x="195" y="178" width="8" height="8"/>
    </entry>
    <entry id="188" name="ko:K01576" type="ortholog" reaction="rn:R01764"
        link="http://www.kegg.jp/dbget-bin/www_bget?K01576">
        <graphics name="K01576" fgcolor="#000000" bgcolor="#BFBFFF"
             type="rectangle" x="239" y="178" width="46" height="17"/>
    </entry>
    <entry id="189" name="ko:K15054" type="ortholog" reaction="rn:R07664"
        link="http://www.kegg.jp/dbget-bin/www_bget?K15054">
        <graphics name="K15054" fgcolor="#000000" bgcolor="#BFBFFF"
             type="rectangle" x="148" y="179" width="46" height="17"/>
    </entry>
    <entry id="190" name="ko:K01781" type="ortholog" reaction="rn:R03791"
        link="http://www.kegg.jp/dbget-bin/www_bget?K01781">
        <graphics name="K01781" fgcolor="#000000" bgcolor="#BFBFFF"
             type="rectangle" x="100" y="145" width="46" height="17"/>
    </entry>
    <entry id="194" name="cpd:C03198" type="compound"
        link="http://www.kegg.jp/dbget-bin/www_bget?C03198">
        <graphics name="C03198" fgcolor="#000000" bgcolor="#FFFFFF"
             type="circle" x="100" y="272" width="8" height="8"/>
    </entry>
    <entry id="197" name="ko:K15054" type="ortholog" reaction="rn:R04160"
        link="http://www.kegg.jp/dbget-bin/www_bget?K15054">
        <graphics name="K15054" fgcolor="#000000" bgcolor="#BFBFFF"
             type="rectangle" x="148" y="242" width="46" height="17"/>
    </entry>
    <entry id="199" name="ko:K01576" type="ortholog" reaction="rn:R02672"
        link="http://www.kegg.jp/dbget-bin/www_bget?K01576">
        <graphics name="K01576" fgcolor="#000000" bgcolor="#BFBFFF"
             type="rectangle" x="239" y="243" width="46" height="17"/>
    </entry>
    <entry id="204" name="cpd:C04434" type="compound"
        link="http://www.kegg.jp/dbget-bin/www_bget?C04434">
        <graphics name="C04434" fgcolor="#000000" bgcolor="#FFFFFF"
             type="circle" x="842" y="766" width="8" height="8"/>
    </entry>
    <entry id="205" name="cpd:C03671" type="compound"
        link="http://www.kegg.jp/dbget-bin/www_bget?C03671">
        <graphics name="C03671" fgcolor="#000000" bgcolor="#FFFFFF"
             type="circle" x="708" y="720" width="8" height="8"/>
    </entry>
    <entry id="206" name="ko:K04099" type="ortholog" reaction="rn:R09565"
        link="http://www.kegg.jp/dbget-bin/www_bget?K04099">
        <graphics name="K04099" fgcolor="#000000" bgcolor="#BFBFFF"
             type="rectangle" x="639" y="802" width="46" height="17"/>
    </entry>
    <entry id="207" name="ko:K04100 ko:K04101" type="ortholog" reaction="rn:R04280"
        link="http://www.kegg.jp/dbget-bin/www_bget?K04100+K04101">
        <graphics name="K04100..." fgcolor="#000000" bgcolor="#BFBFFF"
             type="rectangle" x="639" y="731" width="46" height="17"/>
    </entry>
    <entry id="208" name="ko:K10221" type="ortholog" reaction="rn:R04277"
        link="http://www.kegg.jp/dbget-bin/www_bget?K10221">
        <graphics name="K10221" fgcolor="#000000" bgcolor="#BFBFFF"
             type="rectangle" x="790" y="721" width="46" height="17"/>
    </entry>
    <entry id="220" name="cpd:C16267" type="compound"
        link="http://www.kegg.jp/dbget-bin/www_bget?C16267">
        <graphics name="C16267" fgcolor="#000000" bgcolor="#FFFFFF"
             type="circle" x="1120" y="631" width="8" height="8"/>
    </entry>
    <entry id="221" name="cpd:C16268" type="compound"
        link="http://www.kegg.jp/dbget-bin/www_bget?C16268">
        <graphics name="C16268" fgcolor="#000000" bgcolor="#FFFFFF"
             type="circle" x="1120" y="702" width="8" height="8"/>
    </entry>
    <entry id="222" name="cpd:C16273" type="compound"
        link="http://www.kegg.jp/dbget-bin/www_bget?C16273">
        <graphics name="C16273" fgcolor="#000000" bgcolor="#FFFFFF"
             type="circle" x="1025" y="846" width="8" height="8"/>
    </entry>
    <entry id="223" name="cpd:C16272" type="compound"
        link="http://www.kegg.jp/dbget-bin/www_bget?C16272">
        <graphics name="C16272" fgcolor="#000000" bgcolor="#FFFFFF"
             type="circle" x="930" y="846" width="8" height="8"/>
    </entry>
    <entry id="224" name="cpd:C06719" type="compound"
        link="http://www.kegg.jp/dbget-bin/www_bget?C06719">
        <graphics name="C06719" fgcolor="#000000" bgcolor="#FFFFFF"
             type="circle" x="835" y="846" width="8" height="8"/>
    </entry>
    <entry id="225" name="cpd:C02183" type="compound"
        link="http://www.kegg.jp/dbget-bin/www_bget?C02183">
        <graphics name="C02183" fgcolor="#000000" bgcolor="#FFFFFF"
             type="circle" x="740" y="846" width="8" height="8"/>
    </entry>
    <entry id="226" name="cpd:C01108" type="compound"
        link="http://www.kegg.jp/dbget-bin/www_bget?C01108">
        <graphics name="C01108" fgcolor="#000000" bgcolor="#FFFFFF"
             type="circle" x="645" y="846" width="8" height="8"/>
    </entry>
    <entry id="228" name="ko:K01034 ko:K01035 ko:K19709" type="ortholog" reaction="rn:R07832"
        link="http://www.kegg.jp/dbget-bin/www_bget?K01034+K01035+K19709">
        <graphics name="K01034..." fgcolor="#000000" bgcolor="#BFBFFF"
             type="rectangle" x="972" y="847" width="46" height="17"/>
    </entry>
    <entry id="233" name="cpd:C00877" type="compound"
        link="http://www.kegg.jp/dbget-bin/www_bget?C00877">
        <graphics name="C00877" fgcolor="#000000" bgcolor="#FFFFFF"
             type="circle" x="1120" y="774" width="8" height="8"/>
    </entry>
    <entry id="234" name="ko:K01692 ko:K07515 ko:K07514 ko:K07511" type="ortholog" reaction="rn:R03026"
        link="http://www.kegg.jp/dbget-bin/www_bget?K01692+K07515+K07514+K07511">
        <graphics name="K01692..." fgcolor="#000000" bgcolor="#BFBFFF"
             type="rectangle" x="1120" y="807" width="46" height="17"/>
    </entry>
    <entry id="235" name="cpd:C01144" type="compound"
        link="http://www.kegg.jp/dbget-bin/www_bget?C01144">
        <graphics name="C01144" fgcolor="#000000" bgcolor="#FFFFFF"
             type="circle" x="1120" y="846" width="8" height="8"/>
    </entry>
    <entry id="236" name="cpd:C10833" type="compound"
        link="http://www.kegg.jp/dbget-bin/www_bget?C10833">
        <graphics name="C10833" fgcolor="#000000" bgcolor="#FFFFFF"
             type="circle" x="446" y="766" width="8" height="8"/>
    </entry>
    <entry id="237" name="ko:K15064" type="ortholog" reaction="rn:R09270"
        link="http://www.kegg.jp/dbget-bin/www_bget?K15064">
        <graphics name="K15064" fgcolor="#000000" bgcolor="#BFBFFF"
             type="rectangle" x="496" y="766" width="46" height="17"/>
    </entry>
    <entry id="239" name="ko:K15066" type="ortholog" reaction="rn:R09271"
        link="http://www.kegg.jp/dbget-bin/www_bget?K15066">
        <graphics name="K15066" fgcolor="#000000" bgcolor="#BFBFFF"
             type="rectangle" x="549" y="796" width="46" height="17"/>
    </entry>
    <entry id="240" name="cpd:C01424" type="compound"
        link="http://www.kegg.jp/dbget-bin/www_bget?C01424">
        <graphics name="C01424" fgcolor="#000000" bgcolor="#FFFFFF"
             type="circle" x="549" y="846" width="8" height="8"/>
    </entry>
    <entry id="242" name="cpd:C04484" type="compound"
        link="http://www.kegg.jp/dbget-bin/www_bget?C04484">
        <graphics name="C04484" fgcolor="#000000" bgcolor="#FFFFFF"
             type="circle" x="708" y="656" width="8" height="8"/>
    </entry>
    <entry id="243" name="ko:K04100 ko:K04101" type="ortholog" reaction="rn:R01632"
        link="http://www.kegg.jp/dbget-bin/www_bget?K04100+K04101">
        <graphics name="K04100..." fgcolor="#000000" bgcolor="#BFBFFF"
             type="rectangle" x="639" y="657" width="46" height="17"/>
    </entry>
    <entry id="245" name="ko:K10219" type="ortholog" reaction="rn:R04489 rn:R04278 rn:R04279"
        link="http://www.kegg.jp/dbget-bin/www_bget?K10219">
        <graphics name="K10219" fgcolor="#000000" bgcolor="#BFBFFF"
             type="rectangle" x="708" y="685" width="46" height="17"/>
    </entry>
    <entry id="247" name="cpd:C18338" type="compound"
        link="http://www.kegg.jp/dbget-bin/www_bget?C18338">
        <graphics name="C18338" fgcolor="#000000" bgcolor="#FFFFFF"
             type="circle" x="687" y="553" width="8" height="8"/>
    </entry>
    <entry id="248" name="ko:K15063" type="ortholog" reaction="rn:R09278"
        link="http://www.kegg.jp/dbget-bin/www_bget?K15063">
        <graphics name="K15063" fgcolor="#000000" bgcolor="#BFBFFF"
             type="rectangle" x="644" y="554" width="46" height="17"/>
    </entry>
    <entry id="251" name="ko:K15065" type="ortholog" reaction="rn:R09272"
        link="http://www.kegg.jp/dbget-bin/www_bget?K15065">
        <graphics name="K15065" fgcolor="#000000" bgcolor="#BFBFFF"
             type="rectangle" x="639" y="756" width="46" height="17"/>
    </entry>
    <entry id="254" name="cpd:C18349" type="compound"
        link="http://www.kegg.jp/dbget-bin/www_bget?C18349">
        <graphics name="C18349" fgcolor="#000000" bgcolor="#FFFFFF"
             type="circle" x="787" y="553" width="8" height="8"/>
    </entry>
    <entry id="255" name="ko:K15062" type="ortholog" reaction="rn:R09277"
        link="http://www.kegg.jp/dbget-bin/www_bget?K15062">
        <graphics name="K15062" fgcolor="#000000" bgcolor="#BFBFFF"
             type="rectangle" x="745" y="554" width="46" height="17"/>
    </entry>
    <entry id="257" name="cpd:C18348" type="compound"
        link="http://www.kegg.jp/dbget-bin/www_bget?C18348">
        <graphics name="C18348" fgcolor="#000000" bgcolor="#FFFFFF"
             type="circle" x="887" y="553" width="8" height="8"/>
    </entry>
    <entry id="258" name="ko:K15061" type="ortholog" reaction="rn:R09276"
        link="http://www.kegg.jp/dbget-bin/www_bget?K15061">
        <graphics name="K15061" fgcolor="#000000" bgcolor="#BFBFFF"
             type="rectangle" x="845" y="554" width="46" height="17"/>
    </entry>
    <entry id="260" name="cpd:C18347" type="compound"
        link="http://www.kegg.jp/dbget-bin/www_bget?C18347">
        <graphics name="C18347" fgcolor="#000000" bgcolor="#FFFFFF"
             type="circle" x="987" y="553" width="8" height="8"/>
    </entry>
    <entry id="261" name="ko:K15060" type="ortholog" reaction="rn:R09275"
        link="http://www.kegg.jp/dbget-bin/www_bget?K15060">
        <graphics name="K15060" fgcolor="#000000" bgcolor="#BFBFFF"
             type="rectangle" x="945" y="554" width="46" height="17"/>
    </entry>
    <entry id="262" name="cpd:C14418" type="compound"
        link="http://www.kegg.jp/dbget-bin/www_bget?C14418">
        <graphics name="C14418" fgcolor="#000000" bgcolor="#FFFFFF"
             type="circle" x="763" y="1061" width="8" height="8"/>
    </entry>
    <entry id="266" name="cpd:C18351" type="compound"
        link="http://www.kegg.jp/dbget-bin/www_bget?C18351">
        <graphics name="C18351" fgcolor="#000000" bgcolor="#FFFFFF"
             type="circle" x="1028" y="1061" width="8" height="8"/>
    </entry>
    <entry id="267" name="ko:K20712" type="ortholog" reaction="rn:R09284"
        link="http://www.kegg.jp/dbget-bin/www_bget?K20712">
        <graphics name="K20712" fgcolor="#000000" bgcolor="#BFBFFF"
             type="rectangle" x="971" y="1062" width="46" height="17"/>
    </entry>
    <entry id="270" name="ko:K20712" type="ortholog" reaction="rn:R06988"
        link="http://www.kegg.jp/dbget-bin/www_bget?K20712">
        <graphics name="K20712" fgcolor="#000000" bgcolor="#BFBFFF"
             type="rectangle" x="971" y="1094" width="46" height="17"/>
    </entry>
    <entry id="271" name="cpd:C14604" type="compound"
        link="http://www.kegg.jp/dbget-bin/www_bget?C14604">
        <graphics name="C14604" fgcolor="#000000" bgcolor="#FFFFFF"
             type="circle" x="1029" y="1094" width="8" height="8"/>
    </entry>
    <entry id="273" name="cpd:C00108" type="compound"
        link="http://www.kegg.jp/dbget-bin/www_bget?C00108">
        <graphics name="C00108" fgcolor="#000000" bgcolor="#FFFFFF"
             type="circle" x="391" y="445" width="8" height="8"/>
    </entry>
    <entry id="274" name="cpd:C18345" type="compound"
        link="http://www.kegg.jp/dbget-bin/www_bget?C18345">
        <graphics name="C18345" fgcolor="#000000" bgcolor="#FFFFFF"
             type="circle" x="708" y="766" width="8" height="8"/>
    </entry>
    <entry id="275" name="cpd:C05616" type="compound"
        link="http://www.kegg.jp/dbget-bin/www_bget?C05616">
        <graphics name="C05616" fgcolor="#000000" bgcolor="#FFFFFF"
             type="circle" x="549" y="766" width="8" height="8"/>
    </entry>
    <entry id="276" name="cpd:C01984" type="compound"
        link="http://www.kegg.jp/dbget-bin/www_bget?C01984">
        <graphics name="C01984" fgcolor="#000000" bgcolor="#FFFFFF"
             type="circle" x="100" y="178" width="8" height="8"/>
    </entry>
    <entry id="277" name="cpd:C00196" type="compound"
        link="http://www.kegg.jp/dbget-bin/www_bget?C00196">
        <graphics name="C00196" fgcolor="#000000" bgcolor="#FFFFFF"
             type="circle" x="587" y="445" width="8" height="8"/>
    </entry>
    <entry id="278" name="cpd:C06673" type="compound"
        link="http://www.kegg.jp/dbget-bin/www_bget?C06673">
        <graphics name="C06673" fgcolor="#000000" bgcolor="#FFFFFF"
             type="circle" x="238" y="629" width="8" height="8"/>
    </entry>
    <entry id="279" name="cpd:C14602" type="compound"
        link="http://www.kegg.jp/dbget-bin/www_bget?C14602">
        <graphics name="C14602" fgcolor="#000000" bgcolor="#FFFFFF"
             type="circle" x="914" y="1061" width="8" height="8"/>
    </entry>
    <entry id="280" name="cpd:C02814" type="compound"
        link="http://www.kegg.jp/dbget-bin/www_bget?C02814">
        <graphics name="C02814" fgcolor="#000000" bgcolor="#FFFFFF"
             type="circle" x="1141" y="984" width="8" height="8"/>
    </entry>
    <entry id="281" name="cpd:C03590" type="compound"
        link="http://www.kegg.jp/dbget-bin/www_bget?C03590">
        <graphics name="C03590" fgcolor="#000000" bgcolor="#FFFFFF"
             type="circle" x="195" y="241" width="8" height="8"/>
    </entry>
    <entry id="282" name="ko:K15066" type="ortholog" reaction="rn:R10136"
        link="http://www.kegg.jp/dbget-bin/www_bget?K15066">
        <graphics name="K15066" fgcolor="#000000" bgcolor="#BFBFFF"
             type="rectangle" x="612" y="576" width="46" height="17"/>
    </entry>
    <entry id="283" name="ko:K04100 ko:K04101" type="ortholog" reaction="rn:R09565"
        link="http://www.kegg.jp/dbget-bin/www_bget?K04100+K04101">
        <graphics name="K04100..." fgcolor="#000000" bgcolor="#BFBFFF"
             type="rectangle" x="639" y="824" width="46" height="17"/>
    </entry>
    <entry id="284" name="ko:K04100 ko:K04101" type="ortholog" reaction="rn:R09272"
        link="http://www.kegg.jp/dbget-bin/www_bget?K04100+K04101">
        <graphics name="K04100..." fgcolor="#000000" bgcolor="#BFBFFF"
             type="rectangle" x="639" y="777" width="46" height="17"/>
    </entry>
    <entry id="285" name="ko:K15065" type="ortholog" reaction="rn:R04280"
        link="http://www.kegg.jp/dbget-bin/www_bget?K15065">
        <graphics name="K15065" fgcolor="#000000" bgcolor="#BFBFFF"
             type="rectangle" x="639" y="710" width="46" height="17"/>
    </entry>
    <entry id="286" name="cpd:C07301" type="compound"
        link="http://www.kegg.jp/dbget-bin/www_bget?C07301">
        <graphics name="C07301" fgcolor="#000000" bgcolor="#FFFFFF"
             type="circle" x="215" y="111" width="8" height="8"/>
    </entry>
    <entry id="288" name="ko:K18541" type="ortholog" reaction="rn:R05783"
        link="http://www.kegg.jp/dbget-bin/www_bget?K18541">
        <graphics name="K18541" fgcolor="#000000" bgcolor="#BFBFFF"
             type="rectangle" x="160" y="112" width="46" height="17"/>
    </entry>
    <relation entry1="13" entry2="43" type="ECrel">
        <subtype name="compound" value="45"/>
    </relation>
    <relation entry1="38" entry2="43" type="ECrel">
        <subtype name="compound" value="46"/>
    </relation>
    <relation entry1="37" entry2="38" type="ECrel">
        <subtype name="compound" value="53"/>
    </relation>
    <relation entry1="37" entry2="13" type="ECrel">
        <subtype name="compound" value="53"/>
    </relation>
    <relation entry1="36" entry2="38" type="ECrel">
        <subtype name="compound" value="53"/>
    </relation>
    <relation entry1="36" entry2="13" type="ECrel">
        <subtype name="compound" value="53"/>
    </relation>
    <relation entry1="35" entry2="38" type="ECrel">
        <subtype name="compound" value="53"/>
    </relation>
    <relation entry1="35" entry2="13" type="ECrel">
        <subtype name="compound" value="53"/>
    </relation>
    <relation entry1="165" entry2="166" type="ECrel">
        <subtype name="compound" value="163"/>
    </relation>
    <relation entry1="167" entry2="168" type="ECrel">
        <subtype name="compound" value="170"/>
    </relation>
    <relation entry1="167" entry2="169" type="ECrel">
        <subtype name="compound" value="171"/>
    </relation>
    <relation entry1="169" entry2="154" type="ECrel">
        <subtype name="compound" value="173"/>
    </relation>
    <relation entry1="169" entry2="156" type="ECrel">
        <subtype name="compound" value="173"/>
    </relation>
    <relation entry1="169" entry2="155" type="ECrel">
        <subtype name="compound" value="173"/>
    </relation>
    <relation entry1="154" entry2="156" type="ECrel">
        <subtype name="compound" value="173"/>
    </relation>
    <relation entry1="154" entry2="155" type="ECrel">
        <subtype name="compound" value="173"/>
    </relation>
    <relation entry1="156" entry2="155" type="ECrel">
        <subtype name="compound" value="173"/>
    </relation>
    <relation entry1="156" entry2="146" type="ECrel">
        <subtype name="compound" value="147"/>
    </relation>
    <relation entry1="156" entry2="148" type="maplink">
        <subtype name="compound" value="147"/>
    </relation>
    <relation entry1="146" entry2="148" type="maplink">
        <subtype name="compound" value="147"/>
    </relation>
    <relation entry1="145" entry2="146" type="ECrel">
        <subtype name="compound" value="144"/>
    </relation>
    <relation entry1="126" entry2="145" type="ECrel">
        <subtype name="compound" value="129"/>
    </relation>
    <relation entry1="126" entry2="155" type="ECrel">
        <subtype name="compound" value="129"/>
    </relation>
    <relation entry1="155" entry2="145" type="ECrel">
        <subtype name="compound" value="129"/>
    </relation>
    <relation entry1="140" entry2="142" type="ECrel">
        <subtype name="compound" value="131"/>
    </relation>
    <relation entry1="140" entry2="126" type="ECrel">
        <subtype name="compound" value="131"/>
    </relation>
    <relation entry1="142" entry2="126" type="ECrel">
        <subtype name="compound" value="131"/>
    </relation>
    <relation entry1="140" entry2="141" type="ECrel">
        <subtype name="compound" value="131"/>
    </relation>
    <relation entry1="141" entry2="142" type="ECrel">
        <subtype name="compound" value="131"/>
    </relation>
    <relation entry1="141" entry2="126" type="ECrel">
        <subtype name="compound" value="131"/>
    </relation>
    <relation entry1="92" entry2="90" type="ECrel">
        <subtype name="compound" value="94"/>
    </relation>
    <relation entry1="99" entry2="100" type="ECrel">
        <subtype name="compound" value="273"/>
    </relation>
    <relation entry1="99" entry2="98" type="ECrel">
        <subtype name="compound" value="103"/>
    </relation>
    <relation entry1="120" entry2="111" type="ECrel">
        <subtype name="compound" value="118"/>
    </relation>
    <relation entry1="120" entry2="121" type="ECrel">
        <subtype name="compound" value="117"/>
    </relation>
    <relation entry1="119" entry2="122" type="maplink">
        <subtype name="compound" value="114"/>
    </relation>
    <relation entry1="111" entry2="100" type="ECrel">
        <subtype name="compound" value="132"/>
    </relation>
    <relation entry1="111" entry2="142" type="ECrel">
        <subtype name="compound" value="132"/>
    </relation>
    <relation entry1="111" entry2="113" type="maplink">
        <subtype name="compound" value="132"/>
    </relation>
    <relation entry1="111" entry2="97" type="ECrel">
        <subtype name="compound" value="132"/>
    </relation>
    <relation entry1="100" entry2="142" type="ECrel">
        <subtype name="compound" value="132"/>
    </relation>
    <relation entry1="100" entry2="113" type="maplink">
        <subtype name="compound" value="132"/>
    </relation>
    <relation entry1="100" entry2="97" type="ECrel">
        <subtype name="compound" value="132"/>
    </relation>
    <relation entry1="142" entry2="113" type="maplink">
        <subtype name="compound" value="132"/>
    </relation>
    <relation entry1="142" entry2="97" type="ECrel">
        <subtype name="compound" value="132"/>
    </relation>
    <relation entry1="113" entry2="97" type="maplink">
        <subtype name="compound" value="132"/>
    </relation>
    <relation entry1="90" entry2="96" type="maplink">
        <subtype name="compound" value="95"/>
    </relation>
    <relation entry1="208" entry2="206" type="ECrel">
        <subtype name="compound" value="204"/>
    </relation>
    <relation entry1="207" entry2="208" type="ECrel">
        <subtype name="compound" value="205"/>
    </relation>
    <relation entry1="190" entry2="189" type="ECrel">
        <subtype name="compound" value="276"/>
    </relation>
    <relation entry1="197" entry2="199" type="ECrel">
        <subtype name="compound" value="281"/>
    </relation>
    <relation entry1="199" entry2="179" type="ECrel">
        <subtype name="compound" value="181"/>
    </relation>
    <relation entry1="189" entry2="188" type="ECrel">
        <subtype name="compound" value="187"/>
    </relation>
    <relation entry1="188" entry2="175" type="ECrel">
        <subtype name="compound" value="174"/>
    </relation>
    <relation entry1="169" entry2="168" type="ECrel">
        <subtype name="compound" value="173"/>
    </relation>
    <relation entry1="169" entry2="175" type="ECrel">
        <subtype name="compound" value="173"/>
    </relation>
    <relation entry1="168" entry2="154" type="ECrel">
        <subtype name="compound" value="173"/>
    </relation>
    <relation entry1="168" entry2="156" type="ECrel">
        <subtype name="compound" value="173"/>
    </relation>
    <relation entry1="168" entry2="155" type="ECrel">
        <subtype name="compound" value="173"/>
    </relation>
    <relation entry1="168" entry2="175" type="ECrel">
        <subtype name="compound" value="173"/>
    </relation>
    <relation entry1="154" entry2="175" type="ECrel">
        <subtype name="compound" value="173"/>
    </relation>
    <relation entry1="156" entry2="175" type="ECrel">
        <subtype name="compound" value="173"/>
    </relation>
    <relation entry1="155" entry2="175" type="ECrel">
        <subtype name="compound" value="173"/>
    </relation>
    <relation entry1="145" entry2="179" type="ECrel">
        <subtype name="compound" value="129"/>
    </relation>
    <relation entry1="126" entry2="179" type="ECrel">
        <subtype name="compound" value="129"/>
    </relation>
    <relation entry1="179" entry2="155" type="ECrel">
        <subtype name="compound" value="129"/>
    </relation>
    <relation entry1="79" entry2="113" type="maplink">
        <subtype name="compound" value="10"/>
    </relation>
    <relation entry1="248" entry2="255" type="ECrel">
        <subtype name="compound" value="247"/>
    </relation>
    <relation entry1="255" entry2="258" type="ECrel">
        <subtype name="compound" value="254"/>
    </relation>
    <relation entry1="258" entry2="261" type="ECrel">
        <subtype name="compound" value="257"/>
    </relation>
    <relation entry1="79" entry2="248" type="ECrel">
        <subtype name="compound" value="78"/>
    </relation>
    <relation entry1="79" entry2="243" type="ECrel">
        <subtype name="compound" value="10"/>
    </relation>
    <relation entry1="243" entry2="245" type="ECrel">
        <subtype name="compound" value="242"/>
    </relation>
    <relation entry1="207" entry2="245" type="ECrel">
        <subtype name="compound" value="205"/>
    </relation>
    <relation entry1="245" entry2="208" type="ECrel">
        <subtype name="compound" value="205"/>
    </relation>
    <relation entry1="237" entry2="251" type="ECrel">
        <subtype name="compound" value="275"/>
    </relation>
    <relation entry1="237" entry2="239" type="ECrel">
        <subtype name="compound" value="275"/>
    </relation>
    <relation entry1="251" entry2="239" type="ECrel">
        <subtype name="compound" value="275"/>
    </relation>
    <relation entry1="239" entry2="206" type="ECrel">
        <subtype name="compound" value="240"/>
    </relation>
    <relation entry1="237" entry2="207" type="ECrel">
        <subtype name="compound" value="275"/>
    </relation>
    <relation entry1="207" entry2="251" type="ECrel">
        <subtype name="compound" value="275"/>
    </relation>
    <relation entry1="207" entry2="239" type="ECrel">
        <subtype name="compound" value="275"/>
    </relation>
    <relation entry1="145" entry2="148" type="maplink">
        <subtype name="compound" value="129"/>
    </relation>
    <relation entry1="126" entry2="148" type="maplink">
        <subtype name="compound" value="129"/>
    </relation>
    <relation entry1="179" entry2="148" type="maplink">
        <subtype name="compound" value="129"/>
    </relation>
    <relation entry1="155" entry2="148" type="maplink">
        <subtype name="compound" value="129"/>
    </relation>
    <relation entry1="156" entry2="148" type="maplink">
        <subtype name="compound" value="173"/>
    </relation>
    <relation entry1="155" entry2="148" type="maplink">
        <subtype name="compound" value="173"/>
    </relation>
    <relation entry1="175" entry2="148" type="maplink">
        <subtype name="compound" value="173"/>
    </relation>
    <relation entry1="154" entry2="148" type="maplink">
        <subtype name="compound" value="173"/>
    </relation>
    <relation entry1="168" entry2="148" type="maplink">
        <subtype name="compound" value="173"/>
    </relation>
    <relation entry1="169" entry2="148" type="maplink">
        <subtype name="compound" value="173"/>
    </relation>
    <relation entry1="97" entry2="113" type="maplink">
        <subtype name="compound" value="277"/>
    </relation>
    <relation entry1="113" entry2="140" type="maplink">
        <subtype name="compound" value="132"/>
    </relation>
    <relation entry1="140" entry2="142" type="ECrel">
        <subtype name="compound" value="132"/>
    </relation>
    <relation entry1="140" entry2="100" type="ECrel">
        <subtype name="compound" value="132"/>
    </relation>
    <relation entry1="140" entry2="97" type="ECrel">
        <subtype name="compound" value="132"/>
    </relation>
    <relation entry1="140" entry2="111" type="ECrel">
        <subtype name="compound" value="132"/>
    </relation>
    <relation entry1="39" entry2="113" type="maplink">
        <subtype name="compound" value="280"/>
    </relation>
    <relation entry1="208" entry2="113" type="maplink">
        <subtype name="compound" value="204"/>
    </relation>
    <relation entry1="206" entry2="113" type="maplink">
        <subtype name="compound" value="204"/>
    </relation>
    <relation entry1="234" entry2="113" type="maplink">
        <subtype name="compound" value="235"/>
    </relation>
    <relation entry1="283" entry2="239" type="ECrel">
        <subtype name="compound" value="240"/>
    </relation>
    <relation entry1="239" entry2="284" type="ECrel">
        <subtype name="compound" value="275"/>
    </relation>
    <relation entry1="239" entry2="285" type="ECrel">
        <subtype name="compound" value="275"/>
    </relation>
    <relation entry1="284" entry2="237" type="ECrel">
        <subtype name="compound" value="275"/>
    </relation>
    <relation entry1="284" entry2="285" type="ECrel">
        <subtype name="compound" value="275"/>
    </relation>
    <relation entry1="237" entry2="285" type="ECrel">
        <subtype name="compound" value="275"/>
    </relation>
    <relation entry1="285" entry2="245" type="ECrel">
        <subtype name="compound" value="205"/>
    </relation>
    <relation entry1="282" entry2="248" type="ECrel">
        <subtype name="compound" value="78"/>
    </relation>
    <relation entry1="282" entry2="243" type="ECrel">
        <subtype name="compound" value="10"/>
    </relation>
    <relation entry1="282" entry2="113" type="maplink">
        <subtype name="compound" value="10"/>
    </relation>
    <relation entry1="243" entry2="113" type="maplink">
        <subtype name="compound" value="10"/>
    </relation>
    <relation entry1="285" entry2="208" type="ECrel">
        <subtype name="compound" value="205"/>
    </relation>
    <relation entry1="208" entry2="283" type="ECrel">
        <subtype name="compound" value="204"/>
    </relation>
    <relation entry1="113" entry2="283" type="maplink">
        <subtype name="compound" value="204"/>
    </relation>
    <relation entry1="190" entry2="288" type="ECrel">
        <subtype name="compound" value="186"/>
    </relation>
    <reaction id="35" name="rn:R03024" type="irreversible">
        <substrate id="44" name="cpd:C03360"/>
        <product id="53" name="cpd:C00870"/>
    </reaction>
    <reaction id="36" name="rn:R03024" type="irreversible">
        <substrate id="44" name="cpd:C03360"/>
        <product id="53" name="cpd:C00870"/>
    </reaction>
    <reaction id="37" name="rn:R03024" type="irreversible">
        <substrate id="44" name="cpd:C03360"/>
        <product id="53" name="cpd:C00870"/>
    </reaction>
    <reaction id="38" name="rn:R05548" type="irreversible">
        <substrate id="46" name="cpd:C06606"/>
        <product id="53" name="cpd:C00870"/>
        <product id="48" name="cpd:C06608"/>
    </reaction>
    <reaction id="39" name="rn:R05265" type="irreversible">
        <substrate id="51" name="cpd:C02235"/>
        <product id="280" name="cpd:C02814"/>
    </reaction>
    <reaction id="13" name="rn:R05421" type="irreversible">
        <substrate id="45" name="cpd:C06604"/>
        <product id="53" name="cpd:C00870"/>
        <product id="49" name="cpd:C06607"/>
    </reaction>
    <reaction id="43" name="rn:R05259" type="irreversible">
        <substrate id="45" name="cpd:C06604"/>
        <product id="46" name="cpd:C06606"/>
    </reaction>
    <reaction id="79" name="rn:R05274" type="irreversible">
        <substrate id="78" name="cpd:C06672"/>
        <product id="10" name="cpd:C00230"/>
    </reaction>
    <reaction id="111" name="rn:R07706" type="irreversible">
        <substrate id="118" name="cpd:C06813"/>
        <product id="132" name="cpd:C00090"/>
    </reaction>
    <reaction id="140" name="rn:R07700" type="irreversible">
        <substrate id="138" name="cpd:C00292"/>
        <product id="132" name="cpd:C00090"/>
    </reaction>
    <reaction id="141" name="rn:R07697" type="irreversible">
        <substrate id="139" name="cpd:C16200"/>
        <product id="131" name="cpd:C00146"/>
    </reaction>
    <reaction id="119" name="rn:R05405" type="irreversible">
        <substrate id="115" name="cpd:C01987"/>
        <product id="114" name="cpd:C03824"/>
    </reaction>
    <reaction id="120" name="rn:R05401" type="irreversible">
        <substrate id="118" name="cpd:C06813"/>
        <product id="117" name="cpd:C06876"/>
    </reaction>
    <reaction id="121" name="rn:R05400" type="irreversible">
        <substrate id="117" name="cpd:C06876"/>
        <product id="116" name="cpd:C02720"/>
    </reaction>
    <reaction id="142" name="rn:R00815" type="irreversible">
        <substrate id="131" name="cpd:C00146"/>
        <product id="132" name="cpd:C00090"/>
    </reaction>
    <reaction id="90" name="rn:R07730" type="irreversible">
        <substrate id="94" name="cpd:C16235"/>
        <product id="95" name="cpd:C00632"/>
    </reaction>
    <reaction id="92" name="rn:R07727" type="irreversible">
        <substrate id="93" name="cpd:C16234"/>
        <product id="94" name="cpd:C16235"/>
    </reaction>
    <reaction id="97" name="rn:R00821" type="irreversible">
        <substrate id="277" name="cpd:C00196"/>
        <product id="132" name="cpd:C00090"/>
    </reaction>
    <reaction id="98" name="rn:R03998 rn:R03999" type="irreversible">
        <substrate id="103" name="cpd:C02247"/>
        <product id="102" name="cpd:C05165"/>
    </reaction>
    <reaction id="99" name="rn:R00982" type="irreversible">
        <substrate id="273" name="cpd:C00108"/>
        <product id="103" name="cpd:C02247"/>
    </reaction>
    <reaction id="100" name="rn:R00823 rn:R00825" type="irreversible">
        <substrate id="273" name="cpd:C00108"/>
        <product id="132" name="cpd:C00090"/>
    </reaction>
    <reaction id="206" name="rn:R09565" type="irreversible">
        <substrate id="240" name="cpd:C01424"/>
        <product id="204" name="cpd:C04434"/>
    </reaction>
    <reaction id="207" name="rn:R04280" type="irreversible">
        <substrate id="275" name="cpd:C05616"/>
        <product id="205" name="cpd:C03671"/>
    </reaction>
    <reaction id="208" name="rn:R04277" type="irreversible">
        <substrate id="205" name="cpd:C03671"/>
        <product id="204" name="cpd:C04434"/>
    </reaction>
    <reaction id="165" name="rn:R07836" type="irreversible">
        <substrate id="162" name="cpd:C16281"/>
        <product id="163" name="cpd:C16283"/>
    </reaction>
    <reaction id="166" name="rn:R07837" type="irreversible">
        <substrate id="163" name="cpd:C16283"/>
        <product id="164" name="cpd:C16285"/>
    </reaction>
    <reaction id="228" name="rn:R07832" type="irreversible">
        <substrate id="223" name="cpd:C16272"/>
        <product id="222" name="cpd:C16273"/>
    </reaction>
    <reaction id="154" name="rn:R01421" type="irreversible">
        <substrate id="153" name="cpd:C06206"/>
        <product id="173" name="cpd:C00180"/>
    </reaction>
    <reaction id="234" name="rn:R03026" type="irreversible">
        <substrate id="233" name="cpd:C00877"/>
        <product id="235" name="cpd:C01144"/>
    </reaction>
    <reaction id="155" name="rn:R01295" type="irreversible">
        <substrate id="173" name="cpd:C00180"/>
        <product id="129" name="cpd:C00156"/>
    </reaction>
    <reaction id="145" name="rn:R01300" type="irreversible">
        <substrate id="129" name="cpd:C00156"/>
        <product id="144" name="cpd:C02949"/>
    </reaction>
    <reaction id="167" name="rn:R05596" type="irreversible">
        <substrate id="170" name="cpd:C09814"/>
        <product id="171" name="cpd:C09815"/>
    </reaction>
    <reaction id="126" name="rn:R01238" type="irreversible">
        <substrate id="131" name="cpd:C00146"/>
        <product id="129" name="cpd:C00156"/>
    </reaction>
    <reaction id="146" name="rn:R05316" type="irreversible">
        <substrate id="144" name="cpd:C02949"/>
        <product id="147" name="cpd:C00512"/>
    </reaction>
    <reaction id="168" name="rn:R05591" type="irreversible">
        <substrate id="170" name="cpd:C09814"/>
        <product id="173" name="cpd:C00180"/>
    </reaction>
    <reaction id="169" name="rn:R05590" type="irreversible">
        <substrate id="171" name="cpd:C09815"/>
        <product id="173" name="cpd:C00180"/>
    </reaction>
    <reaction id="156" name="rn:R01422" type="irreversible">
        <substrate id="173" name="cpd:C00180"/>
        <product id="147" name="cpd:C00512"/>
    </reaction>
    <reaction id="175" name="rn:R01419" type="irreversible">
        <substrate id="174" name="cpd:C00261"/>
        <product id="173" name="cpd:C00180"/>
    </reaction>
    <reaction id="179" name="rn:R01293" type="irreversible">
        <substrate id="181" name="cpd:C00633"/>
        <product id="129" name="cpd:C00156"/>
    </reaction>
    <reaction id="188" name="rn:R01764" type="irreversible">
        <substrate id="187" name="cpd:C02137"/>
        <product id="174" name="cpd:C00261"/>
    </reaction>
    <reaction id="189" name="rn:R07664" type="irreversible">
        <substrate id="276" name="cpd:C01984"/>
        <product id="187" name="cpd:C02137"/>
    </reaction>
    <reaction id="190" name="rn:R03791" type="reversible">
        <substrate id="276" name="cpd:C01984"/>
        <product id="186" name="cpd:C01983"/>
    </reaction>
    <reaction id="197" name="rn:R04160" type="irreversible">
        <substrate id="194" name="cpd:C03198"/>
        <product id="281" name="cpd:C03590"/>
    </reaction>
    <reaction id="199" name="rn:R02672" type="irreversible">
        <substrate id="281" name="cpd:C03590"/>
        <product id="181" name="cpd:C00633"/>
    </reaction>
    <reaction id="237" name="rn:R09270" type="irreversible">
        <substrate id="236" name="cpd:C10833"/>
        <product id="275" name="cpd:C05616"/>
    </reaction>
    <reaction id="239" name="rn:R09271" type="irreversible">
        <substrate id="275" name="cpd:C05616"/>
        <product id="240" name="cpd:C01424"/>
    </reaction>
    <reaction id="243" name="rn:R01632" type="irreversible">
        <substrate id="10" name="cpd:C00230"/>
        <product id="242" name="cpd:C04484"/>
    </reaction>
    <reaction id="248" name="rn:R09278" type="irreversible">
        <substrate id="247" name="cpd:C18338"/>
        <product id="78" name="cpd:C06672"/>
    </reaction>
    <reaction id="251" name="rn:R09272" type="irreversible">
        <substrate id="275" name="cpd:C05616"/>
        <product id="274" name="cpd:C18345"/>
    </reaction>
    <reaction id="255" name="rn:R09277" type="irreversible">
        <substrate id="254" name="cpd:C18349"/>
        <product id="247" name="cpd:C18338"/>
    </reaction>
    <reaction id="258" name="rn:R09276" type="irreversible">
        <substrate id="257" name="cpd:C18348"/>
        <product id="254" name="cpd:C18349"/>
    </reaction>
    <reaction id="261" name="rn:R09275" type="irreversible">
        <substrate id="260" name="cpd:C18347"/>
        <product id="257" name="cpd:C18348"/>
    </reaction>
    <reaction id="267" name="rn:R09284" type="irreversible">
        <substrate id="279" name="cpd:C14602"/>
        <product id="266" name="cpd:C18351"/>
    </reaction>
    <reaction id="270" name="rn:R06988" type="irreversible">
        <substrate id="279" name="cpd:C14602"/>
        <product id="271" name="cpd:C14604"/>
    </reaction>
    <reaction id="282" name="rn:R10136" type="irreversible">
        <substrate id="78" name="cpd:C06672"/>
        <product id="10" name="cpd:C00230"/>
    </reaction>
    <reaction id="283" name="rn:R09565" type="irreversible">
        <substrate id="240" name="cpd:C01424"/>
        <product id="204" name="cpd:C04434"/>
    </reaction>
    <reaction id="284" name="rn:R09272" type="irreversible">
        <substrate id="275" name="cpd:C05616"/>
        <product id="274" name="cpd:C18345"/>
    </reaction>
    <reaction id="285" name="rn:R04280" type="irreversible">
        <substrate id="275" name="cpd:C05616"/>
        <product id="205" name="cpd:C03671"/>
    </reaction>
    <reaction id="288" name="rn:R05783" type="irreversible">
        <substrate id="286" name="cpd:C07301"/>
        <product id="186" name="cpd:C01983"/>
    </reaction>
</pathway>
