<?xml version="1.0"?>
<!DOCTYPE pathway SYSTEM "http://www.kegg.jp/kegg/xml/KGML_v0.7.2_.dtd">
<!-- Creation date: May 28, 2015 11:31:38 +0900 (GMT+9) -->
<pathway name="path:ko00550" org="ko" number="00550"
         title="Peptidoglycan biosynthesis"
         image="http://www.kegg.jp/kegg/pathway/ko/ko00550.png"
         link="http://www.kegg.jp/kegg-bin/show_pathway?ko00550">
    <entry id="23" name="ko:K01929 ko:K15792" type="ortholog" reaction="rn:R04617"
        link="http://www.kegg.jp/dbget-bin/www_bget?K01929+K15792">
        <graphics name="K01929..." fgcolor="#000000" bgcolor="#BFBFFF"
             type="rectangle" x="655" y="400" width="46" height="17"/>
    </entry>
    <entry id="24" name="cpd:C00043" type="compound"
        link="http://www.kegg.jp/dbget-bin/www_bget?C00043">
        <graphics name="C00043" fgcolor="#000000" bgcolor="#FFFFFF"
             type="circle" x="607" y="508" width="8" height="8"/>
    </entry>
    <entry id="25" name="path:ko00550" type="map"
        link="http://www.kegg.jp/dbget-bin/www_bget?ko00550">
        <graphics name="TITLE:Peptidoglycan biosynthesis" fgcolor="#000000" bgcolor="#FFFFFF"
             type="roundrectangle" x="161" y="58" width="242" height="25"/>
    </entry>
    <entry id="26" name="path:map00530" type="map"
        link="http://www.kegg.jp/dbget-bin/www_bget?map00530">
        <graphics name="Aminosugars metabolism" fgcolor="#000000" bgcolor="#FFFFFF"
             type="roundrectangle" x="276" y="104" width="133" height="25"/>
    </entry>
    <entry id="27" name="ko:K06153 ko:K19302" type="ortholog" reaction="rn:R05627"
        link="http://www.kegg.jp/dbget-bin/www_bget?K06153+K19302">
        <graphics name="K06153..." fgcolor="#000000" bgcolor="#BFBFFF"
             type="rectangle" x="501" y="487" width="46" height="17"/>
    </entry>
    <entry id="28" name="ko:K02563" type="ortholog" reaction="rn:R05662"
        link="http://www.kegg.jp/dbget-bin/www_bget?K02563">
        <graphics name="K02563" fgcolor="#000000" bgcolor="#BFBFFF"
             type="rectangle" x="177" y="527" width="46" height="17"/>
    </entry>
    <entry id="29" name="ko:K01000" type="ortholog" reaction="rn:R05629"
        link="http://www.kegg.jp/dbget-bin/www_bget?K01000">
        <graphics name="K01000" fgcolor="#000000" bgcolor="#BFBFFF"
             type="rectangle" x="177" y="465" width="46" height="17"/>
    </entry>
    <entry id="30" name="ko:K01929" type="ortholog" reaction="rn:R04573"
        link="http://www.kegg.jp/dbget-bin/www_bget?K01929">
        <graphics name="K01929" fgcolor="#000000" bgcolor="#BFBFFF"
             type="rectangle" x="177" y="401" width="46" height="17"/>
    </entry>
    <entry id="31" name="ko:K01921" type="ortholog" reaction="rn:R01150"
        link="http://www.kegg.jp/dbget-bin/www_bget?K01921">
        <graphics name="K01921" fgcolor="#000000" bgcolor="#BFBFFF"
             type="rectangle" x="501" y="353" width="46" height="17"/>
    </entry>
    <entry id="32" name="ko:K05362" type="ortholog" reaction="rn:R02786"
        link="http://www.kegg.jp/dbget-bin/www_bget?K05362">
        <graphics name="K05362" fgcolor="#000000" bgcolor="#BFBFFF"
             type="rectangle" x="177" y="338" width="46" height="17"/>
    </entry>
    <entry id="33" name="ko:K01925" type="ortholog" reaction="rn:R02783"
        link="http://www.kegg.jp/dbget-bin/www_bget?K01925">
        <graphics name="K01925" fgcolor="#000000" bgcolor="#BFBFFF"
             type="rectangle" x="417" y="279" width="46" height="17"/>
    </entry>
    <entry id="34" name="ko:K01924" type="ortholog" reaction="rn:R03193"
        link="http://www.kegg.jp/dbget-bin/www_bget?K01924">
        <graphics name="K01924" fgcolor="#000000" bgcolor="#BFBFFF"
             type="rectangle" x="417" y="226" width="46" height="17"/>
    </entry>
    <entry id="35" name="ko:K01928 ko:K15792" type="ortholog" reaction="rn:R02788"
        link="http://www.kegg.jp/dbget-bin/www_bget?K01928+K15792">
        <graphics name="K01928..." fgcolor="#000000" bgcolor="#BFBFFF"
             type="rectangle" x="655" y="338" width="46" height="17"/>
    </entry>
    <entry id="36" name="ko:K01000" type="ortholog" reaction="rn:R05630"
        link="http://www.kegg.jp/dbget-bin/www_bget?K01000">
        <graphics name="K01000" fgcolor="#000000" bgcolor="#BFBFFF"
             type="rectangle" x="655" y="465" width="46" height="17"/>
    </entry>
    <entry id="37" name="ko:K02563" type="ortholog" reaction="rn:R05032"
        link="http://www.kegg.jp/dbget-bin/www_bget?K02563">
        <graphics name="K02563" fgcolor="#000000" bgcolor="#BFBFFF"
             type="rectangle" x="655" y="527" width="46" height="17"/>
    </entry>
    <entry id="38" name="ko:K00887" type="ortholog" reaction="rn:R05626"
        link="http://www.kegg.jp/dbget-bin/www_bget?K00887">
        <graphics name="K00887" fgcolor="#000000" bgcolor="#BFBFFF"
             type="rectangle" x="501" y="421" width="46" height="17"/>
    </entry>
    <entry id="39" name="cpd:C01050" type="compound"
        link="http://www.kegg.jp/dbget-bin/www_bget?C01050">
        <graphics name="C01050" fgcolor="#000000" bgcolor="#FFFFFF"
             type="circle" x="416" y="205" width="8" height="8"/>
    </entry>
    <entry id="40" name="cpd:C01212" type="compound"
        link="http://www.kegg.jp/dbget-bin/www_bget?C01212">
        <graphics name="C01212" fgcolor="#000000" bgcolor="#FFFFFF"
             type="circle" x="416" y="256" width="8" height="8"/>
    </entry>
    <entry id="41" name="cpd:C00692" type="compound"
        link="http://www.kegg.jp/dbget-bin/www_bget?C00692">
        <graphics name="C00692" fgcolor="#000000" bgcolor="#FFFFFF"
             type="circle" x="416" y="312" width="8" height="8"/>
    </entry>
    <entry id="42" name="cpd:C04702" type="compound"
        link="http://www.kegg.jp/dbget-bin/www_bget?C04702">
        <graphics name="C04702" fgcolor="#000000" bgcolor="#FFFFFF"
             type="circle" x="176" y="432" width="8" height="8"/>
    </entry>
    <entry id="43" name="cpd:C00043" type="compound"
        link="http://www.kegg.jp/dbget-bin/www_bget?C00043">
        <graphics name="C00043" fgcolor="#000000" bgcolor="#FFFFFF"
             type="circle" x="224" y="508" width="8" height="8"/>
    </entry>
    <entry id="44" name="cpd:C04851" type="compound"
        link="http://www.kegg.jp/dbget-bin/www_bget?C04851">
        <graphics name="C04851" fgcolor="#000000" bgcolor="#FFFFFF"
             type="circle" x="176" y="498" width="8" height="8"/>
    </entry>
    <entry id="45" name="cpd:C04574" type="compound"
        link="http://www.kegg.jp/dbget-bin/www_bget?C04574">
        <graphics name="C04574" fgcolor="#000000" bgcolor="#FFFFFF"
             type="circle" x="500" y="508" width="8" height="8"/>
    </entry>
    <entry id="46" name="cpd:C00009" type="compound"
        link="http://www.kegg.jp/dbget-bin/www_bget?C00009">
        <graphics name="C00009" fgcolor="#000000" bgcolor="#FFFFFF"
             type="circle" x="473" y="468" width="8" height="8"/>
    </entry>
    <entry id="47" name="cpd:C17556" type="compound"
        link="http://www.kegg.jp/dbget-bin/www_bget?C17556">
        <graphics name="C17556" fgcolor="#000000" bgcolor="#FFFFFF"
             type="circle" x="500" y="449" width="8" height="8"/>
    </entry>
    <entry id="48" name="cpd:C00993" type="compound"
        link="http://www.kegg.jp/dbget-bin/www_bget?C00993">
        <graphics name="C00993" fgcolor="#000000" bgcolor="#FFFFFF"
             type="circle" x="500" y="381" width="8" height="8"/>
    </entry>
    <entry id="49" name="cpd:C00133" type="compound"
        link="http://www.kegg.jp/dbget-bin/www_bget?C00133">
        <graphics name="C00133" fgcolor="#000000" bgcolor="#FFFFFF"
             type="circle" x="500" y="330" width="8" height="8"/>
    </entry>
    <entry id="50" name="cpd:C04877" type="compound"
        link="http://www.kegg.jp/dbget-bin/www_bget?C04877">
        <graphics name="C04877" fgcolor="#000000" bgcolor="#FFFFFF"
             type="circle" x="655" y="367" width="8" height="8"/>
    </entry>
    <entry id="51" name="cpd:C04882" type="compound"
        link="http://www.kegg.jp/dbget-bin/www_bget?C04882">
        <graphics name="C04882" fgcolor="#000000" bgcolor="#FFFFFF"
             type="circle" x="655" y="432" width="8" height="8"/>
    </entry>
    <entry id="52" name="cpd:C00105" type="compound"
        link="http://www.kegg.jp/dbget-bin/www_bget?C00105">
        <graphics name="C00105" fgcolor="#000000" bgcolor="#FFFFFF"
             type="circle" x="607" y="480" width="8" height="8"/>
    </entry>
    <entry id="53" name="cpd:C17541" type="compound"
        link="http://www.kegg.jp/dbget-bin/www_bget?C17541">
        <graphics name="C17541" fgcolor="#000000" bgcolor="#FFFFFF"
             type="circle" x="176" y="694" width="8" height="8"/>
    </entry>
    <entry id="54" name="cpd:C05894" type="compound"
        link="http://www.kegg.jp/dbget-bin/www_bget?C05894">
        <graphics name="C05894" fgcolor="#000000" bgcolor="#FFFFFF"
             type="circle" x="176" y="628" width="8" height="8"/>
    </entry>
    <entry id="55" name="cpd:C05893" type="compound"
        link="http://www.kegg.jp/dbget-bin/www_bget?C05893">
        <graphics name="C05893" fgcolor="#000000" bgcolor="#FFFFFF"
             type="circle" x="176" y="563" width="8" height="8"/>
    </entry>
    <entry id="56" name="cpd:C05892" type="compound"
        link="http://www.kegg.jp/dbget-bin/www_bget?C05892">
        <graphics name="C05892" fgcolor="#000000" bgcolor="#FFFFFF"
             type="circle" x="176" y="366" width="8" height="8"/>
    </entry>
    <entry id="57" name="cpd:C05897" type="compound"
        link="http://www.kegg.jp/dbget-bin/www_bget?C05897">
        <graphics name="C05897" fgcolor="#000000" bgcolor="#FFFFFF"
             type="circle" x="655" y="498" width="8" height="8"/>
    </entry>
    <entry id="58" name="cpd:C05898" type="compound"
        link="http://www.kegg.jp/dbget-bin/www_bget?C05898">
        <graphics name="C05898" fgcolor="#000000" bgcolor="#FFFFFF"
             type="circle" x="655" y="563" width="8" height="8"/>
    </entry>
    <entry id="59" name="cpd:C17558" type="compound"
        link="http://www.kegg.jp/dbget-bin/www_bget?C17558">
        <graphics name="C17558" fgcolor="#000000" bgcolor="#FFFFFF"
             type="circle" x="500" y="398" width="8" height="8"/>
    </entry>
    <entry id="62" name="ko:K11693" type="ortholog" reaction="rn:R08776"
        link="http://www.kegg.jp/dbget-bin/www_bget?K11693">
        <graphics name="K11693" fgcolor="#000000" bgcolor="#BFBFFF"
             type="rectangle" x="177" y="656" width="46" height="17"/>
    </entry>
    <entry id="64" name="ko:K11694" type="ortholog" reaction="rn:R08777"
        link="http://www.kegg.jp/dbget-bin/www_bget?K11694">
        <graphics name="K11694" fgcolor="#000000" bgcolor="#BFBFFF"
             type="rectangle" x="177" y="722" width="46" height="17"/>
    </entry>
    <entry id="65" name="cpd:C17542" type="compound"
        link="http://www.kegg.jp/dbget-bin/www_bget?C17542">
        <graphics name="C17542" fgcolor="#000000" bgcolor="#FFFFFF"
             type="circle" x="176" y="755" width="8" height="8"/>
    </entry>
    <entry id="67" name="ko:K11695" type="ortholog" reaction="rn:R08778"
        link="http://www.kegg.jp/dbget-bin/www_bget?K11695">
        <graphics name="K11695" fgcolor="#000000" bgcolor="#BFBFFF"
             type="rectangle" x="177" y="782" width="46" height="17"/>
    </entry>
    <entry id="68" name="cpd:C05895" type="compound"
        link="http://www.kegg.jp/dbget-bin/www_bget?C05895">
        <graphics name="C05895" fgcolor="#000000" bgcolor="#FFFFFF"
             type="circle" x="176" y="816" width="8" height="8"/>
    </entry>
    <entry id="70" name="cpd:C17550" type="compound"
        link="http://www.kegg.jp/dbget-bin/www_bget?C17550">
        <graphics name="C17550" fgcolor="#000000" bgcolor="#FFFFFF"
             type="circle" x="416" y="694" width="8" height="8"/>
    </entry>
    <entry id="72" name="ko:K12554" type="ortholog" reaction="rn:R08780"
        link="http://www.kegg.jp/dbget-bin/www_bget?K12554">
        <graphics name="K12554" fgcolor="#000000" bgcolor="#BFBFFF"
             type="rectangle" x="417" y="723" width="46" height="17"/>
    </entry>
    <entry id="73" name="cpd:C00043" type="compound"
        link="http://www.kegg.jp/dbget-bin/www_bget?C00043">
        <graphics name="C00043" fgcolor="#000000" bgcolor="#FFFFFF"
             type="circle" x="416" y="103" width="8" height="8"/>
    </entry>
    <entry id="74" name="cpd:C04631" type="compound"
        link="http://www.kegg.jp/dbget-bin/www_bget?C04631">
        <graphics name="C04631" fgcolor="#000000" bgcolor="#FFFFFF"
             type="circle" x="416" y="154" width="8" height="8"/>
    </entry>
    <entry id="77" name="ko:K00790" type="ortholog" reaction="rn:R00660"
        link="http://www.kegg.jp/dbget-bin/www_bget?K00790">
        <graphics name="K00790" fgcolor="#000000" bgcolor="#BFBFFF"
             type="rectangle" x="417" y="125" width="46" height="17"/>
    </entry>
    <entry id="78" name="ko:K00075" type="ortholog" reaction="rn:R03191 rn:R03192"
        link="http://www.kegg.jp/dbget-bin/www_bget?K00075">
        <graphics name="K00075" fgcolor="#000000" bgcolor="#BFBFFF"
             type="rectangle" x="417" y="176" width="46" height="17"/>
    </entry>
    <entry id="79" name="cpd:C17549" type="compound"
        link="http://www.kegg.jp/dbget-bin/www_bget?C17549">
        <graphics name="C17549" fgcolor="#000000" bgcolor="#FFFFFF"
             type="circle" x="416" y="755" width="8" height="8"/>
    </entry>
    <entry id="81" name="cpd:C00133" type="compound"
        link="http://www.kegg.jp/dbget-bin/www_bget?C00133">
        <graphics name="C00133" fgcolor="#000000" bgcolor="#FFFFFF"
             type="circle" x="382" y="921" width="8" height="8"/>
    </entry>
    <entry id="83" name="cpd:C05896" type="compound"
        link="http://www.kegg.jp/dbget-bin/www_bget?C05896">
        <graphics name="C05896" fgcolor="#000000" bgcolor="#FFFFFF"
             type="circle" x="417" y="937" width="8" height="8"/>
    </entry>
    <entry id="84" name="cpd:C05896" type="compound"
        link="http://www.kegg.jp/dbget-bin/www_bget?C05896">
        <graphics name="C05896" fgcolor="#000000" bgcolor="#FFFFFF"
             type="circle" x="176" y="937" width="8" height="8"/>
    </entry>
    <entry id="85" name="cpd:C00133" type="compound"
        link="http://www.kegg.jp/dbget-bin/www_bget?C00133">
        <graphics name="C00133" fgcolor="#000000" bgcolor="#FFFFFF"
             type="circle" x="141" y="921" width="8" height="8"/>
    </entry>
    <entry id="87" name="ko:K07258" type="ortholog"
        link="http://www.kegg.jp/dbget-bin/www_bget?K07258">
        <graphics name="K07258" fgcolor="#000000" bgcolor="#BFBFFF"
             type="rectangle" x="177" y="902" width="46" height="17"/>
    </entry>
    <entry id="88" name="cpd:C05896" type="compound"
        link="http://www.kegg.jp/dbget-bin/www_bget?C05896">
        <graphics name="C05896" fgcolor="#000000" bgcolor="#FFFFFF"
             type="circle" x="655" y="937" width="8" height="8"/>
    </entry>
    <entry id="89" name="ko:K05363" type="ortholog" reaction="rn:R08779"
        link="http://www.kegg.jp/dbget-bin/www_bget?K05363">
        <graphics name="K05363" fgcolor="#000000" bgcolor="#BFBFFF"
             type="rectangle" x="417" y="657" width="46" height="17"/>
    </entry>
    <entry id="90" name="ko:K04478" type="ortholog"
        link="http://www.kegg.jp/dbget-bin/www_bget?K04478">
        <graphics name="K04478" fgcolor="#000000" bgcolor="#BFBFFF"
             type="rectangle" x="201" y="845" width="46" height="17"/>
    </entry>
    <entry id="91" name="ko:K00687 ko:K12556" type="ortholog"
        link="http://www.kegg.jp/dbget-bin/www_bget?K00687+K12556">
        <graphics name="K00687..." fgcolor="#000000" bgcolor="#BFBFFF"
             type="rectangle" x="417" y="883" width="46" height="17"/>
    </entry>
    <entry id="92" name="ko:K03980" type="ortholog"
        link="http://www.kegg.jp/dbget-bin/www_bget?K03980">
        <graphics name="K03980" fgcolor="#000000" bgcolor="#BFBFFF"
             type="rectangle" x="709" y="802" width="46" height="17"/>
    </entry>
    <entry id="93" name="path:ko00473" type="map"
        link="http://www.kegg.jp/dbget-bin/www_bget?ko00473">
        <graphics name="D-Alanine metabolism" fgcolor="#000000" bgcolor="#FFFFFF"
             type="roundrectangle" x="346" y="343" width="75" height="34"/>
    </entry>
    <entry id="94" name="cpd:C00105" type="compound"
        link="http://www.kegg.jp/dbget-bin/www_bget?C00105">
        <graphics name="C00105" fgcolor="#000000" bgcolor="#FFFFFF"
             type="circle" x="224" y="480" width="8" height="8"/>
    </entry>
    <entry id="95" name="cpd:C00133" type="compound"
        link="http://www.kegg.jp/dbget-bin/www_bget?C00133">
        <graphics name="C00133" fgcolor="#000000" bgcolor="#FFFFFF"
             type="circle" x="689" y="921" width="8" height="8"/>
    </entry>
    <entry id="98" name="ko:K05364" type="ortholog" reaction="rn:R04519"
        link="http://www.kegg.jp/dbget-bin/www_bget?K05364">
        <graphics name="K05364" fgcolor="#000000" bgcolor="#BFBFFF"
             type="rectangle" x="702" y="845" width="46" height="17"/>
    </entry>
    <entry id="99" name="ko:K05366 ko:K05365" type="ortholog"
        link="http://www.kegg.jp/dbget-bin/www_bget?K05366+K05365">
        <graphics name="K05366..." fgcolor="#000000" bgcolor="#BFBFFF"
             type="rectangle" x="654" y="864" width="46" height="17"/>
    </entry>
    <entry id="100" name="ko:K07258 ko:K07259 ko:K07260 ko:K18866" type="ortholog"
        link="http://www.kegg.jp/dbget-bin/www_bget?K07258+K07259+K07260+K18866">
        <graphics name="K07258..." fgcolor="#000000" bgcolor="#BFBFFF"
             type="rectangle" x="655" y="902" width="46" height="17"/>
    </entry>
    <entry id="102" name="ko:K07258 ko:K07260 ko:K18866" type="ortholog"
        link="http://www.kegg.jp/dbget-bin/www_bget?K07258+K07260+K18866">
        <graphics name="K07258..." fgcolor="#000000" bgcolor="#BFBFFF"
             type="rectangle" x="417" y="902" width="46" height="17"/>
    </entry>
    <entry id="103" name="ko:K12551" type="ortholog"
        link="http://www.kegg.jp/dbget-bin/www_bget?K12551">
        <graphics name="K12551" fgcolor="#000000" bgcolor="#BFBFFF"
             type="rectangle" x="151" y="845" width="46" height="17"/>
    </entry>
    <entry id="104" name="ko:K05366" type="ortholog"
        link="http://www.kegg.jp/dbget-bin/www_bget?K05366">
        <graphics name="K05366" fgcolor="#000000" bgcolor="#BFBFFF"
             type="rectangle" x="177" y="864" width="46" height="17"/>
    </entry>
    <entry id="105" name="ko:K12552" type="ortholog"
        link="http://www.kegg.jp/dbget-bin/www_bget?K12552">
        <graphics name="K12552" fgcolor="#000000" bgcolor="#BFBFFF"
             type="rectangle" x="151" y="883" width="46" height="17"/>
    </entry>
    <entry id="106" name="ko:K12553" type="ortholog"
        link="http://www.kegg.jp/dbget-bin/www_bget?K12553">
        <graphics name="K12553" fgcolor="#000000" bgcolor="#BFBFFF"
             type="rectangle" x="201" y="883" width="46" height="17"/>
    </entry>
    <entry id="107" name="ko:K05366 ko:K03693 ko:K12555" type="ortholog"
        link="http://www.kegg.jp/dbget-bin/www_bget?K05366+K03693+K12555">
        <graphics name="K05366..." fgcolor="#000000" bgcolor="#BFBFFF"
             type="rectangle" x="417" y="864" width="46" height="17"/>
    </entry>
    <entry id="108" name="ko:K03814" type="ortholog"
        link="http://www.kegg.jp/dbget-bin/www_bget?K03814">
        <graphics name="K03814" fgcolor="#000000" bgcolor="#BFBFFF"
             type="rectangle" x="606" y="845" width="46" height="17"/>
    </entry>
    <entry id="109" name="ko:K05367" type="ortholog"
        link="http://www.kegg.jp/dbget-bin/www_bget?K05367">
        <graphics name="K05367" fgcolor="#000000" bgcolor="#BFBFFF"
             type="rectangle" x="654" y="845" width="46" height="17"/>
    </entry>
    <entry id="110" name="ko:K05515" type="ortholog"
        link="http://www.kegg.jp/dbget-bin/www_bget?K05515">
        <graphics name="K05515" fgcolor="#000000" bgcolor="#BFBFFF"
             type="rectangle" x="630" y="883" width="46" height="17"/>
    </entry>
    <entry id="111" name="ko:K03587 ko:K08724" type="ortholog"
        link="http://www.kegg.jp/dbget-bin/www_bget?K03587+K08724">
        <graphics name="K03587..." fgcolor="#000000" bgcolor="#BFBFFF"
             type="rectangle" x="680" y="883" width="46" height="17"/>
    </entry>
    <relation entry1="26" entry2="77" type="maplink">
        <subtype name="compound" value="73"/>
    </relation>
    <relation entry1="77" entry2="78" type="ECrel">
        <subtype name="compound" value="74"/>
    </relation>
    <relation entry1="78" entry2="34" type="ECrel">
        <subtype name="compound" value="39"/>
    </relation>
    <relation entry1="34" entry2="33" type="ECrel">
        <subtype name="compound" value="40"/>
    </relation>
    <relation entry1="33" entry2="32" type="ECrel">
        <subtype name="compound" value="41"/>
    </relation>
    <relation entry1="33" entry2="35" type="ECrel">
        <subtype name="compound" value="41"/>
    </relation>
    <relation entry1="32" entry2="35" type="ECrel">
        <subtype name="compound" value="41"/>
    </relation>
    <relation entry1="35" entry2="23" type="ECrel">
        <subtype name="compound" value="50"/>
    </relation>
    <relation entry1="23" entry2="36" type="ECrel">
        <subtype name="compound" value="51"/>
    </relation>
    <relation entry1="36" entry2="37" type="ECrel">
        <subtype name="compound" value="57"/>
    </relation>
    <relation entry1="37" entry2="108" type="ECrel">
        <subtype name="compound" value="58"/>
    </relation>
    <relation entry1="37" entry2="109" type="ECrel">
        <subtype name="compound" value="58"/>
    </relation>
    <relation entry1="37" entry2="98" type="ECrel">
        <subtype name="compound" value="58"/>
    </relation>
    <relation entry1="37" entry2="99" type="ECrel">
        <subtype name="compound" value="58"/>
    </relation>
    <relation entry1="37" entry2="110" type="ECrel">
        <subtype name="compound" value="58"/>
    </relation>
    <relation entry1="37" entry2="111" type="ECrel">
        <subtype name="compound" value="58"/>
    </relation>
    <relation entry1="37" entry2="100" type="ECrel">
        <subtype name="compound" value="58"/>
    </relation>
    <relation entry1="31" entry2="93" type="maplink">
        <subtype name="compound" value="48"/>
    </relation>
    <relation entry1="31" entry2="23" type="ECrel">
        <subtype name="compound" value="48"/>
    </relation>
    <relation entry1="31" entry2="30" type="ECrel">
        <subtype name="compound" value="48"/>
    </relation>
    <relation entry1="93" entry2="23" type="maplink">
        <subtype name="compound" value="48"/>
    </relation>
    <relation entry1="93" entry2="30" type="maplink">
        <subtype name="compound" value="48"/>
    </relation>
    <relation entry1="38" entry2="29" type="ECrel">
        <subtype name="compound" value="47"/>
    </relation>
    <relation entry1="38" entry2="27" type="ECrel">
        <subtype name="compound" value="47"/>
    </relation>
    <relation entry1="38" entry2="36" type="ECrel">
        <subtype name="compound" value="47"/>
    </relation>
    <relation entry1="29" entry2="27" type="ECrel">
        <subtype name="compound" value="47"/>
    </relation>
    <relation entry1="27" entry2="36" type="ECrel">
        <subtype name="compound" value="47"/>
    </relation>
    <relation entry1="32" entry2="30" type="ECrel">
        <subtype name="compound" value="56"/>
    </relation>
    <relation entry1="30" entry2="29" type="ECrel">
        <subtype name="compound" value="42"/>
    </relation>
    <relation entry1="29" entry2="28" type="ECrel">
        <subtype name="compound" value="44"/>
    </relation>
    <relation entry1="28" entry2="89" type="ECrel">
        <subtype name="compound" value="55"/>
    </relation>
    <relation entry1="89" entry2="72" type="ECrel">
        <subtype name="compound" value="70"/>
    </relation>
    <relation entry1="72" entry2="107" type="ECrel">
        <subtype name="compound" value="79"/>
    </relation>
    <relation entry1="72" entry2="91" type="ECrel">
        <subtype name="compound" value="79"/>
    </relation>
    <relation entry1="72" entry2="102" type="ECrel">
        <subtype name="compound" value="79"/>
    </relation>
    <relation entry1="62" entry2="64" type="ECrel">
        <subtype name="compound" value="53"/>
    </relation>
    <relation entry1="64" entry2="67" type="ECrel">
        <subtype name="compound" value="65"/>
    </relation>
    <relation entry1="67" entry2="103" type="ECrel">
        <subtype name="compound" value="68"/>
    </relation>
    <relation entry1="67" entry2="90" type="ECrel">
        <subtype name="compound" value="68"/>
    </relation>
    <relation entry1="67" entry2="104" type="ECrel">
        <subtype name="compound" value="68"/>
    </relation>
    <relation entry1="67" entry2="105" type="ECrel">
        <subtype name="compound" value="68"/>
    </relation>
    <relation entry1="67" entry2="106" type="ECrel">
        <subtype name="compound" value="68"/>
    </relation>
    <relation entry1="67" entry2="87" type="ECrel">
        <subtype name="compound" value="68"/>
    </relation>
    <reaction id="23" name="rn:R04617" type="irreversible">
        <substrate id="48" name="cpd:C00993"/>
        <substrate id="50" name="cpd:C04877"/>
        <product id="51" name="cpd:C04882"/>
    </reaction>
    <reaction id="27" name="rn:R05627" type="irreversible">
        <substrate id="45" name="cpd:C04574"/>
        <product id="47" name="cpd:C17556"/>
        <product id="46" name="cpd:C00009"/>
    </reaction>
    <reaction id="89" name="rn:R08779" type="irreversible">
        <substrate id="55" name="cpd:C05893"/>
        <product id="70" name="cpd:C17550"/>
    </reaction>
    <reaction id="28" name="rn:R05662" type="irreversible">
        <substrate id="44" name="cpd:C04851"/>
        <product id="55" name="cpd:C05893"/>
    </reaction>
    <reaction id="29" name="rn:R05629" type="irreversible">
        <substrate id="47" name="cpd:C17556"/>
        <substrate id="42" name="cpd:C04702"/>
        <product id="44" name="cpd:C04851"/>
        <product id="94" name="cpd:C00105"/>
    </reaction>
    <reaction id="30" name="rn:R04573" type="irreversible">
        <substrate id="48" name="cpd:C00993"/>
        <substrate id="56" name="cpd:C05892"/>
        <product id="42" name="cpd:C04702"/>
    </reaction>
    <reaction id="31" name="rn:R01150" type="irreversible">
        <substrate id="81" name="cpd:C00133"/>
        <product id="48" name="cpd:C00993"/>
    </reaction>
    <reaction id="32" name="rn:R02786" type="irreversible">
        <substrate id="41" name="cpd:C00692"/>
        <product id="56" name="cpd:C05892"/>
    </reaction>
    <reaction id="33" name="rn:R02783" type="irreversible">
        <substrate id="40" name="cpd:C01212"/>
        <product id="41" name="cpd:C00692"/>
    </reaction>
    <reaction id="34" name="rn:R03193" type="irreversible">
        <substrate id="39" name="cpd:C01050"/>
        <product id="40" name="cpd:C01212"/>
    </reaction>
    <reaction id="35" name="rn:R02788" type="irreversible">
        <substrate id="41" name="cpd:C00692"/>
        <product id="50" name="cpd:C04877"/>
    </reaction>
    <reaction id="36" name="rn:R05630" type="irreversible">
        <substrate id="47" name="cpd:C17556"/>
        <substrate id="51" name="cpd:C04882"/>
        <product id="52" name="cpd:C00105"/>
        <product id="57" name="cpd:C05897"/>
    </reaction>
    <reaction id="37" name="rn:R05032" type="irreversible">
        <substrate id="24" name="cpd:C00043"/>
        <substrate id="57" name="cpd:C05897"/>
        <product id="58" name="cpd:C05898"/>
    </reaction>
    <reaction id="38" name="rn:R05626" type="irreversible">
        <substrate id="59" name="cpd:C17558"/>
        <product id="47" name="cpd:C17556"/>
    </reaction>
    <reaction id="98" name="rn:R04519" type="irreversible">
        <substrate id="58" name="cpd:C05898"/>
        <product id="45" name="cpd:C04574"/>
    </reaction>
    <reaction id="62" name="rn:R08776" type="irreversible">
        <substrate id="54" name="cpd:C05894"/>
        <product id="53" name="cpd:C17541"/>
    </reaction>
    <reaction id="64" name="rn:R08777" type="irreversible">
        <substrate id="53" name="cpd:C17541"/>
        <product id="65" name="cpd:C17542"/>
    </reaction>
    <reaction id="67" name="rn:R08778" type="irreversible">
        <substrate id="65" name="cpd:C17542"/>
        <product id="68" name="cpd:C05895"/>
    </reaction>
    <reaction id="72" name="rn:R08780" type="irreversible">
        <substrate id="70" name="cpd:C17550"/>
        <product id="79" name="cpd:C17549"/>
    </reaction>
    <reaction id="77" name="rn:R00660" type="irreversible">
        <substrate id="73" name="cpd:C00043"/>
        <product id="74" name="cpd:C04631"/>
    </reaction>
    <reaction id="78" name="rn:R03191 rn:R03192" type="irreversible">
        <substrate id="74" name="cpd:C04631"/>
        <product id="39" name="cpd:C01050"/>
    </reaction>
</pathway>
