<?xml version="1.0"?>
<!DOCTYPE pathway SYSTEM "http://www.kegg.jp/kegg/xml/KGML_v0.7.2_.dtd">
<!-- Creation date: Sep 18, 2012 10:28:53 +0900 (GMT+09:00) -->
<pathway name="path:ko00231" org="ko" number="00231"
         title="Puromycin biosynthesis"
         image="http://www.kegg.jp/kegg/pathway/ko/ko00231.png"
         link="http://www.kegg.jp/kegg-bin/show_pathway?ko00231">
    <entry id="12" name="path:ko00400" type="map"
        link="http://www.kegg.jp/dbget-bin/www_bget?ko00400">
        <graphics name="Phenylalanine, tyrosine and tryptophan biosynthesis" fgcolor="#000000" bgcolor="#FFFFFF"
             type="roundrectangle" x="363" y="251" width="157" height="34"/>
    </entry>
    <entry id="13" name="cpd:C01610" type="compound"
        link="http://www.kegg.jp/dbget-bin/www_bget?C01610">
        <graphics name="C01610" fgcolor="#000000" bgcolor="#FFFFFF"
             type="circle" x="109" y="343" width="8" height="8"/>
    </entry>
    <entry id="14" name="cpd:C07032" type="compound"
        link="http://www.kegg.jp/dbget-bin/www_bget?C07032">
        <graphics name="C07032" fgcolor="#000000" bgcolor="#FFFFFF"
             type="circle" x="203" y="343" width="8" height="8"/>
    </entry>
    <entry id="15" name="cpd:C07031" type="compound"
        link="http://www.kegg.jp/dbget-bin/www_bget?C07031">
        <graphics name="C07031" fgcolor="#000000" bgcolor="#FFFFFF"
             type="circle" x="297" y="343" width="8" height="8"/>
    </entry>
    <entry id="16" name="cpd:C07030" type="compound"
        link="http://www.kegg.jp/dbget-bin/www_bget?C07030">
        <graphics name="C07030" fgcolor="#000000" bgcolor="#FFFFFF"
             type="circle" x="391" y="343" width="8" height="8"/>
    </entry>
    <entry id="17" name="cpd:C07029" type="compound"
        link="http://www.kegg.jp/dbget-bin/www_bget?C07029">
        <graphics name="C07029" fgcolor="#000000" bgcolor="#FFFFFF"
             type="circle" x="485" y="343" width="8" height="8"/>
    </entry>
    <entry id="18" name="cpd:C00082" type="compound"
        link="http://www.kegg.jp/dbget-bin/www_bget?C00082">
        <graphics name="C00082" fgcolor="#000000" bgcolor="#FFFFFF"
             type="circle" x="362" y="195" width="8" height="8"/>
    </entry>
    <entry id="19" name="cpd:C07028" type="compound"
        link="http://www.kegg.jp/dbget-bin/www_bget?C07028">
        <graphics name="C07028" fgcolor="#000000" bgcolor="#FFFFFF"
             type="circle" x="485" y="240" width="8" height="8"/>
    </entry>
    <entry id="20" name="cpd:C07027" type="compound"
        link="http://www.kegg.jp/dbget-bin/www_bget?C07027">
        <graphics name="C07027" fgcolor="#000000" bgcolor="#FFFFFF"
             type="circle" x="485" y="143" width="8" height="8"/>
    </entry>
    <entry id="21" name="cpd:C07026" type="compound"
        link="http://www.kegg.jp/dbget-bin/www_bget?C07026">
        <graphics name="C07026" fgcolor="#000000" bgcolor="#FFFFFF"
             type="circle" x="391" y="143" width="8" height="8"/>
    </entry>
    <entry id="22" name="cpd:C07025" type="compound"
        link="http://www.kegg.jp/dbget-bin/www_bget?C07025">
        <graphics name="C07025" fgcolor="#000000" bgcolor="#FFFFFF"
             type="circle" x="297" y="143" width="8" height="8"/>
    </entry>
    <entry id="23" name="cpd:C07024" type="compound"
        link="http://www.kegg.jp/dbget-bin/www_bget?C07024">
        <graphics name="C07024" fgcolor="#000000" bgcolor="#FFFFFF"
             type="circle" x="203" y="143" width="8" height="8"/>
    </entry>
    <entry id="24" name="cpd:C00002" type="compound"
        link="http://www.kegg.jp/dbget-bin/www_bget?C00002">
        <graphics name="C00002" fgcolor="#000000" bgcolor="#FFFFFF"
             type="circle" x="109" y="143" width="8" height="8"/>
    </entry>
    <entry id="25" name="ko:K12636" type="ortholog" reaction="rn:R05677"
        link="http://www.kegg.jp/dbget-bin/www_bget?K12636">
        <graphics name="K12636" fgcolor="#000000" bgcolor="#BFBFFF"
             type="rectangle" x="161" y="344" width="46" height="17"/>
    </entry>
    <entry id="26" name="ko:K12635" type="ortholog" reaction="rn:R05676"
        link="http://www.kegg.jp/dbget-bin/www_bget?K12635">
        <graphics name="K12635" fgcolor="#000000" bgcolor="#BFBFFF"
             type="rectangle" x="255" y="344" width="46" height="17"/>
    </entry>
    <entry id="27" name="ko:K12634" type="ortholog" reaction="rn:R05675"
        link="http://www.kegg.jp/dbget-bin/www_bget?K12634">
        <graphics name="K12634" fgcolor="#000000" bgcolor="#BFBFFF"
             type="rectangle" x="349" y="344" width="46" height="17"/>
    </entry>
    <entry id="28" name="ko:K12633" type="ortholog" reaction="rn:R05674"
        link="http://www.kegg.jp/dbget-bin/www_bget?K12633">
        <graphics name="K12633" fgcolor="#000000" bgcolor="#BFBFFF"
             type="rectangle" x="442" y="344" width="46" height="17"/>
    </entry>
    <entry id="29" name="ko:K12633" type="ortholog" reaction="rn:R05673"
        link="http://www.kegg.jp/dbget-bin/www_bget?K12633">
        <graphics name="K12633" fgcolor="#000000" bgcolor="#BFBFFF"
             type="rectangle" x="487" y="287" width="46" height="17"/>
    </entry>
    <entry id="30" name="ko:K12632" type="ortholog" reaction="rn:R05672"
        link="http://www.kegg.jp/dbget-bin/www_bget?K12632">
        <graphics name="K12632" fgcolor="#000000" bgcolor="#BFBFFF"
             type="rectangle" x="487" y="185" width="46" height="17"/>
    </entry>
    <entry id="31" name="ko:K12631" type="ortholog" reaction="rn:R05671"
        link="http://www.kegg.jp/dbget-bin/www_bget?K12631">
        <graphics name="K12631" fgcolor="#000000" bgcolor="#BFBFFF"
             type="rectangle" x="442" y="144" width="46" height="17"/>
    </entry>
    <entry id="32" name="ko:K12630" type="ortholog" reaction="rn:R05670"
        link="http://www.kegg.jp/dbget-bin/www_bget?K12630">
        <graphics name="K12630" fgcolor="#000000" bgcolor="#BFBFFF"
             type="rectangle" x="339" y="144" width="46" height="17"/>
    </entry>
    <entry id="33" name="ko:K12629" type="ortholog" reaction="rn:R05669"
        link="http://www.kegg.jp/dbget-bin/www_bget?K12629">
        <graphics name="K12629" fgcolor="#000000" bgcolor="#BFBFFF"
             type="rectangle" x="247" y="144" width="46" height="17"/>
    </entry>
    <entry id="34" name="ko:K12628" type="ortholog" reaction="rn:R05668"
        link="http://www.kegg.jp/dbget-bin/www_bget?K12628">
        <graphics name="K12628" fgcolor="#000000" bgcolor="#BFBFFF"
             type="rectangle" x="153" y="144" width="46" height="17"/>
    </entry>
    <entry id="35" name="path:ko00231" type="map"
        link="http://www.kegg.jp/dbget-bin/www_bget?ko00231">
        <graphics name="TITLE:Puromycin biosynthesis" fgcolor="#000000" bgcolor="#FFFFFF"
             type="roundrectangle" x="148" y="58" width="215" height="25"/>
    </entry>
    <relation entry1="34" entry2="33" type="ECrel">
        <subtype name="compound" value="23"/>
    </relation>
    <relation entry1="33" entry2="32" type="ECrel">
        <subtype name="compound" value="22"/>
    </relation>
    <relation entry1="32" entry2="31" type="ECrel">
        <subtype name="compound" value="21"/>
    </relation>
    <relation entry1="12" entry2="31" type="maplink">
        <subtype name="compound" value="18"/>
    </relation>
    <relation entry1="31" entry2="30" type="ECrel">
        <subtype name="compound" value="20"/>
    </relation>
    <relation entry1="30" entry2="29" type="ECrel">
        <subtype name="compound" value="19"/>
    </relation>
    <relation entry1="29" entry2="28" type="ECrel">
        <subtype name="compound" value="17"/>
    </relation>
    <relation entry1="28" entry2="27" type="ECrel">
        <subtype name="compound" value="16"/>
    </relation>
    <relation entry1="27" entry2="26" type="ECrel">
        <subtype name="compound" value="15"/>
    </relation>
    <relation entry1="26" entry2="25" type="ECrel">
        <subtype name="compound" value="14"/>
    </relation>
    <reaction id="25" name="rn:R05677" type="irreversible">
        <substrate id="14" name="cpd:C07032"/>
        <product id="13" name="cpd:C01610"/>
    </reaction>
    <reaction id="26" name="rn:R05676" type="irreversible">
        <substrate id="15" name="cpd:C07031"/>
        <product id="14" name="cpd:C07032"/>
    </reaction>
    <reaction id="27" name="rn:R05675" type="irreversible">
        <substrate id="16" name="cpd:C07030"/>
        <product id="15" name="cpd:C07031"/>
    </reaction>
    <reaction id="28" name="rn:R05674" type="irreversible">
        <substrate id="17" name="cpd:C07029"/>
        <product id="16" name="cpd:C07030"/>
    </reaction>
    <reaction id="29" name="rn:R05673" type="irreversible">
        <substrate id="19" name="cpd:C07028"/>
        <product id="17" name="cpd:C07029"/>
    </reaction>
    <reaction id="30" name="rn:R05672" type="irreversible">
        <substrate id="20" name="cpd:C07027"/>
        <product id="19" name="cpd:C07028"/>
    </reaction>
    <reaction id="31" name="rn:R05671" type="irreversible">
        <substrate id="18" name="cpd:C00082"/>
        <substrate id="21" name="cpd:C07026"/>
        <product id="20" name="cpd:C07027"/>
    </reaction>
    <reaction id="32" name="rn:R05670" type="irreversible">
        <substrate id="22" name="cpd:C07025"/>
        <product id="21" name="cpd:C07026"/>
    </reaction>
    <reaction id="33" name="rn:R05669" type="irreversible">
        <substrate id="23" name="cpd:C07024"/>
        <product id="22" name="cpd:C07025"/>
    </reaction>
    <reaction id="34" name="rn:R05668" type="irreversible">
        <substrate id="24" name="cpd:C00002"/>
        <product id="23" name="cpd:C07024"/>
    </reaction>
</pathway>
