<?xml version="1.0"?>
<!DOCTYPE pathway SYSTEM "http://www.kegg.jp/kegg/xml/KGML_v0.7.2_.dtd">
<!-- Creation date: Nov 16, 2010 16:55:37 +0900 (GMT+09:00) -->
<pathway name="path:ko00196" org="ko" number="00196"
         title="Photosynthesis - antenna proteins"
         image="http://www.kegg.jp/kegg/pathway/ko/ko00196.png"
         link="http://www.kegg.jp/kegg-bin/show_pathway?ko00196">
    <entry id="1" name="path:ko00195" type="map"
        link="http://www.kegg.jp/dbget-bin/www_bget?ko00195">
        <graphics name="Photosynthesis" fgcolor="#000000" bgcolor="#FFFFFF"
             type="roundrectangle" x="820" y="412" width="95" height="25"/>
    </entry>
    <entry id="2" name="path:ko00195" type="map"
        link="http://www.kegg.jp/dbget-bin/www_bget?ko00195">
        <graphics name="Photosynthesis" fgcolor="#000000" bgcolor="#FFFFFF"
             type="roundrectangle" x="376" y="413" width="95" height="25"/>
    </entry>
    <entry id="3" name="ko:K08910" type="ortholog"
        link="http://www.kegg.jp/dbget-bin/www_bget?K08910">
        <graphics name="K08910" fgcolor="#000000" bgcolor="#BFBFFF"
             type="rectangle" x="789" y="494" width="46" height="17"/>
    </entry>
    <entry id="4" name="ko:K08909" type="ortholog"
        link="http://www.kegg.jp/dbget-bin/www_bget?K08909">
        <graphics name="K08909" fgcolor="#000000" bgcolor="#BFBFFF"
             type="rectangle" x="743" y="494" width="46" height="17"/>
    </entry>
    <entry id="5" name="ko:K08908" type="ortholog"
        link="http://www.kegg.jp/dbget-bin/www_bget?K08908">
        <graphics name="K08908" fgcolor="#000000" bgcolor="#BFBFFF"
             type="rectangle" x="697" y="494" width="46" height="17"/>
    </entry>
    <entry id="6" name="ko:K08907" type="ortholog"
        link="http://www.kegg.jp/dbget-bin/www_bget?K08907">
        <graphics name="K08907" fgcolor="#000000" bgcolor="#BFBFFF"
             type="rectangle" x="651" y="494" width="46" height="17"/>
    </entry>
    <entry id="7" name="ko:K08917" type="ortholog"
        link="http://www.kegg.jp/dbget-bin/www_bget?K08917">
        <graphics name="K08917" fgcolor="#000000" bgcolor="#BFBFFF"
             type="rectangle" x="881" y="534" width="46" height="17"/>
    </entry>
    <entry id="8" name="ko:K08916" type="ortholog"
        link="http://www.kegg.jp/dbget-bin/www_bget?K08916">
        <graphics name="K08916" fgcolor="#000000" bgcolor="#BFBFFF"
             type="rectangle" x="835" y="534" width="46" height="17"/>
    </entry>
    <entry id="9" name="ko:K08915" type="ortholog"
        link="http://www.kegg.jp/dbget-bin/www_bget?K08915">
        <graphics name="K08915" fgcolor="#000000" bgcolor="#BFBFFF"
             type="rectangle" x="789" y="534" width="46" height="17"/>
    </entry>
    <entry id="10" name="ko:K08914" type="ortholog"
        link="http://www.kegg.jp/dbget-bin/www_bget?K08914">
        <graphics name="K08914" fgcolor="#000000" bgcolor="#BFBFFF"
             type="rectangle" x="743" y="534" width="46" height="17"/>
    </entry>
    <entry id="11" name="ko:K08913" type="ortholog"
        link="http://www.kegg.jp/dbget-bin/www_bget?K08913">
        <graphics name="K08913" fgcolor="#000000" bgcolor="#BFBFFF"
             type="rectangle" x="697" y="534" width="46" height="17"/>
    </entry>
    <entry id="12" name="ko:K08912" type="ortholog"
        link="http://www.kegg.jp/dbget-bin/www_bget?K08912">
        <graphics name="K08912" fgcolor="#000000" bgcolor="#BFBFFF"
             type="rectangle" x="651" y="534" width="46" height="17"/>
    </entry>
    <entry id="13" name="ko:K05386" type="ortholog"
        link="http://www.kegg.jp/dbget-bin/www_bget?K05386">
        <graphics name="K05386" fgcolor="#000000" bgcolor="#BFBFFF"
             type="rectangle" x="548" y="561" width="46" height="17"/>
    </entry>
    <entry id="14" name="ko:K05385" type="ortholog"
        link="http://www.kegg.jp/dbget-bin/www_bget?K05385">
        <graphics name="K05385" fgcolor="#000000" bgcolor="#BFBFFF"
             type="rectangle" x="502" y="561" width="46" height="17"/>
    </entry>
    <entry id="15" name="ko:K05384" type="ortholog"
        link="http://www.kegg.jp/dbget-bin/www_bget?K05384">
        <graphics name="K05384" fgcolor="#000000" bgcolor="#BFBFFF"
             type="rectangle" x="456" y="561" width="46" height="17"/>
    </entry>
    <entry id="16" name="ko:K05383" type="ortholog"
        link="http://www.kegg.jp/dbget-bin/www_bget?K05383">
        <graphics name="K05383" fgcolor="#000000" bgcolor="#BFBFFF"
             type="rectangle" x="410" y="561" width="46" height="17"/>
    </entry>
    <entry id="17" name="ko:K05382" type="ortholog"
        link="http://www.kegg.jp/dbget-bin/www_bget?K05382">
        <graphics name="K05382" fgcolor="#000000" bgcolor="#BFBFFF"
             type="rectangle" x="364" y="561" width="46" height="17"/>
    </entry>
    <entry id="18" name="ko:K05381" type="ortholog"
        link="http://www.kegg.jp/dbget-bin/www_bget?K05381">
        <graphics name="K05381" fgcolor="#000000" bgcolor="#BFBFFF"
             type="rectangle" x="318" y="561" width="46" height="17"/>
    </entry>
    <entry id="19" name="ko:K05380" type="ortholog"
        link="http://www.kegg.jp/dbget-bin/www_bget?K05380">
        <graphics name="K05380" fgcolor="#000000" bgcolor="#BFBFFF"
             type="rectangle" x="272" y="561" width="46" height="17"/>
    </entry>
    <entry id="20" name="ko:K05378" type="ortholog"
        link="http://www.kegg.jp/dbget-bin/www_bget?K05378">
        <graphics name="K05378" fgcolor="#000000" bgcolor="#BFBFFF"
             type="rectangle" x="180" y="561" width="46" height="17"/>
    </entry>
    <entry id="21" name="ko:K05377" type="ortholog"
        link="http://www.kegg.jp/dbget-bin/www_bget?K05377">
        <graphics name="K05377" fgcolor="#000000" bgcolor="#BFBFFF"
             type="rectangle" x="134" y="561" width="46" height="17"/>
    </entry>
    <entry id="22" name="ko:K05376" type="ortholog"
        link="http://www.kegg.jp/dbget-bin/www_bget?K05376">
        <graphics name="K05376" fgcolor="#000000" bgcolor="#BFBFFF"
             type="rectangle" x="88" y="561" width="46" height="17"/>
    </entry>
    <entry id="23" name="ko:K02290" type="ortholog"
        link="http://www.kegg.jp/dbget-bin/www_bget?K02290">
        <graphics name="K02290" fgcolor="#000000" bgcolor="#BFBFFF"
             type="rectangle" x="364" y="516" width="46" height="17"/>
    </entry>
    <entry id="24" name="ko:K02289 ko:K20713 ko:K02632" type="ortholog"
        link="http://www.kegg.jp/dbget-bin/www_bget?K02289+K20713+K02632">
        <graphics name="K02289..." fgcolor="#000000" bgcolor="#BFBFFF"
             type="rectangle" x="318" y="516" width="46" height="17"/>
    </entry>
    <entry id="25" name="ko:K02288 ko:K20713 ko:K02631" type="ortholog"
        link="http://www.kegg.jp/dbget-bin/www_bget?K02288+K20713+K02631">
        <graphics name="K02288..." fgcolor="#000000" bgcolor="#BFBFFF"
             type="rectangle" x="272" y="516" width="46" height="17"/>
    </entry>
    <entry id="26" name="ko:K02287" type="ortholog"
        link="http://www.kegg.jp/dbget-bin/www_bget?K02287">
        <graphics name="K02287" fgcolor="#000000" bgcolor="#BFBFFF"
             type="rectangle" x="226" y="516" width="46" height="17"/>
    </entry>
    <entry id="27" name="ko:K02286 ko:K02630" type="ortholog"
        link="http://www.kegg.jp/dbget-bin/www_bget?K02286+K02630">
        <graphics name="K02286..." fgcolor="#000000" bgcolor="#BFBFFF"
             type="rectangle" x="180" y="516" width="46" height="17"/>
    </entry>
    <entry id="28" name="ko:K02285 ko:K02629" type="ortholog"
        link="http://www.kegg.jp/dbget-bin/www_bget?K02285+K02629">
        <graphics name="K02285..." fgcolor="#000000" bgcolor="#BFBFFF"
             type="rectangle" x="134" y="516" width="46" height="17"/>
    </entry>
    <entry id="29" name="ko:K02284 ko:K02628" type="ortholog"
        link="http://www.kegg.jp/dbget-bin/www_bget?K02284+K02628">
        <graphics name="K02284..." fgcolor="#000000" bgcolor="#BFBFFF"
             type="rectangle" x="88" y="516" width="46" height="17"/>
    </entry>
    <entry id="30" name="ko:K02097" type="ortholog"
        link="http://www.kegg.jp/dbget-bin/www_bget?K02097">
        <graphics name="K02097" fgcolor="#000000" bgcolor="#BFBFFF"
             type="rectangle" x="318" y="471" width="46" height="17"/>
    </entry>
    <entry id="31" name="ko:K02096" type="ortholog"
        link="http://www.kegg.jp/dbget-bin/www_bget?K02096">
        <graphics name="K02096" fgcolor="#000000" bgcolor="#BFBFFF"
             type="rectangle" x="272" y="471" width="46" height="17"/>
    </entry>
    <entry id="32" name="ko:K02095" type="ortholog"
        link="http://www.kegg.jp/dbget-bin/www_bget?K02095">
        <graphics name="K02095" fgcolor="#000000" bgcolor="#BFBFFF"
             type="rectangle" x="226" y="471" width="46" height="17"/>
    </entry>
    <entry id="33" name="ko:K02094" type="ortholog"
        link="http://www.kegg.jp/dbget-bin/www_bget?K02094">
        <graphics name="K02094" fgcolor="#000000" bgcolor="#BFBFFF"
             type="rectangle" x="180" y="471" width="46" height="17"/>
    </entry>
    <entry id="34" name="ko:K02093" type="ortholog"
        link="http://www.kegg.jp/dbget-bin/www_bget?K02093">
        <graphics name="K02093" fgcolor="#000000" bgcolor="#BFBFFF"
             type="rectangle" x="134" y="471" width="46" height="17"/>
    </entry>
    <entry id="35" name="ko:K02092" type="ortholog"
        link="http://www.kegg.jp/dbget-bin/www_bget?K02092">
        <graphics name="K02092" fgcolor="#000000" bgcolor="#BFBFFF"
             type="rectangle" x="88" y="471" width="46" height="17"/>
    </entry>
    <entry id="36" name="path:ko00196" type="map"
        link="http://www.kegg.jp/dbget-bin/www_bget?ko00196">
        <graphics name="TITLE:Photosynthesis - antenna proteins" fgcolor="#000000" bgcolor="#FFFFFF"
             type="roundrectangle" x="532" y="58" width="298" height="25"/>
    </entry>
    <entry id="37" name="ko:K14172" type="ortholog"
        link="http://www.kegg.jp/dbget-bin/www_bget?K14172">
        <graphics name="K14172" fgcolor="#000000" bgcolor="#BFBFFF"
             type="rectangle" x="927" y="534" width="46" height="17"/>
    </entry>
    <entry id="38" name="ko:K08911" type="ortholog"
        link="http://www.kegg.jp/dbget-bin/www_bget?K08911">
        <graphics name="K08911" fgcolor="#000000" bgcolor="#BFBFFF"
             type="rectangle" x="835" y="494" width="46" height="17"/>
    </entry>
    <entry id="39" name="ko:K05379" type="ortholog"
        link="http://www.kegg.jp/dbget-bin/www_bget?K05379">
        <graphics name="K05379" fgcolor="#000000" bgcolor="#BFBFFF"
             type="rectangle" x="226" y="561" width="46" height="17"/>
    </entry>
</pathway>
