<?xml version="1.0"?>
<!DOCTYPE pathway SYSTEM "http://www.kegg.jp/kegg/xml/KGML_v0.7.2_.dtd">
<!-- Creation date: Jul 14, 2015 14:11:33 +0900 (GMT+9) -->
<pathway name="path:ko00480" org="ko" number="00480"
         title="Glutathione metabolism"
         image="http://www.kegg.jp/kegg/pathway/ko/ko00480.png"
         link="http://www.kegg.jp/kegg-bin/show_pathway?ko00480">
    <entry id="1" name="cpd:C00024" type="compound"
        link="http://www.kegg.jp/dbget-bin/www_bget?C00024">
        <graphics name="C00024" fgcolor="#000000" bgcolor="#FFFFFF"
             type="circle" x="768" y="498" width="8" height="8"/>
    </entry>
    <entry id="25" name="path:ko00480" type="map"
        link="http://www.kegg.jp/dbget-bin/www_bget?ko00480">
        <graphics name="TITLE:Glutathione metabolism" fgcolor="#000000" bgcolor="#FFFFFF"
             type="roundrectangle" x="150" y="58" width="219" height="25"/>
    </entry>
    <entry id="26" name="path:ko00250" type="map"
        link="http://www.kegg.jp/dbget-bin/www_bget?ko00250">
        <graphics name="Alanine, aspartate and glutamate metabolism" fgcolor="#000000" bgcolor="#FFFFFF"
             type="roundrectangle" x="588" y="231" width="74" height="34"/>
    </entry>
    <entry id="27" name="path:ko00430" type="map"
        link="http://www.kegg.jp/dbget-bin/www_bget?ko00430">
        <graphics name="Taurine and hypotaurine metabolism" fgcolor="#000000" bgcolor="#FFFFFF"
             type="roundrectangle" x="490" y="211" width="78" height="45"/>
    </entry>
    <entry id="28" name="path:ko00460" type="map"
        link="http://www.kegg.jp/dbget-bin/www_bget?ko00460">
        <graphics name="Cyanoamino acid metabolism" fgcolor="#000000" bgcolor="#FFFFFF"
             type="roundrectangle" x="406" y="276" width="112" height="34"/>
    </entry>
    <entry id="29" name="path:ko00270" type="map"
        link="http://www.kegg.jp/dbget-bin/www_bget?ko00270">
        <graphics name="Cysteine and methionine metabolism" fgcolor="#000000" bgcolor="#FFFFFF"
             type="roundrectangle" x="329" y="206" width="82" height="45"/>
    </entry>
    <entry id="31" name="ko:K11140 ko:K01256" type="ortholog" reaction="rn:R04951"
        link="http://www.kegg.jp/dbget-bin/www_bget?K11140+K01256">
        <graphics name="K11140..." fgcolor="#000000" bgcolor="#BFBFFF"
             type="rectangle" x="592" y="515" width="46" height="17"/>
    </entry>
    <entry id="32" name="ko:K00681 ko:K18592" type="ortholog" reaction="rn:R03916"
        link="http://www.kegg.jp/dbget-bin/www_bget?K00681+K18592">
        <graphics name="K00681..." fgcolor="#000000" bgcolor="#BFBFFF"
             type="rectangle" x="489" y="526" width="46" height="17"/>
    </entry>
    <entry id="33" name="ko:K00432" type="ortholog" reaction="rn:R00274"
        link="http://www.kegg.jp/dbget-bin/www_bget?K00432">
        <graphics name="K00432" fgcolor="#000000" bgcolor="#BFBFFF"
             type="rectangle" x="217" y="567" width="46" height="17"/>
    </entry>
    <entry id="40" name="ko:K05361" type="ortholog" reaction="rn:R03167"
        link="http://www.kegg.jp/dbget-bin/www_bget?K05361">
        <graphics name="K05361" fgcolor="#000000" bgcolor="#BFBFFF"
             type="rectangle" x="217" y="546" width="46" height="17"/>
    </entry>
    <entry id="41" name="ko:K05360" type="ortholog" reaction="rn:R03915 rn:R02824"
        link="http://www.kegg.jp/dbget-bin/www_bget?K05360">
        <graphics name="K05360" fgcolor="#000000" bgcolor="#BFBFFF"
             type="rectangle" x="169" y="546" width="46" height="17"/>
    </entry>
    <entry id="42" name="ko:K00310" type="ortholog" reaction="rn:R03984"
        link="http://www.kegg.jp/dbget-bin/www_bget?K00310">
        <graphics name="K00310" fgcolor="#000000" bgcolor="#BFBFFF"
             type="rectangle" x="169" y="613" width="46" height="17"/>
    </entry>
    <entry id="43" name="ko:K00036" type="ortholog" reaction="rn:R02736"
        link="http://www.kegg.jp/dbget-bin/www_bget?K00036">
        <graphics name="K00036" fgcolor="#000000" bgcolor="#BFBFFF"
             type="rectangle" x="217" y="511" width="46" height="17"/>
    </entry>
    <entry id="44" name="ko:K00032" type="ortholog" reaction="rn:R02034"
        link="http://www.kegg.jp/dbget-bin/www_bget?K00032">
        <graphics name="K00032" fgcolor="#000000" bgcolor="#BFBFFF"
             type="rectangle" x="217" y="490" width="46" height="17"/>
    </entry>
    <entry id="45" name="ko:K00031" type="ortholog" reaction="rn:R00267"
        link="http://www.kegg.jp/dbget-bin/www_bget?K00031">
        <graphics name="K00031" fgcolor="#000000" bgcolor="#BFBFFF"
             type="rectangle" x="169" y="490" width="46" height="17"/>
    </entry>
    <entry id="46" name="ko:K01920" type="ortholog" reaction="rn:R00497"
        link="http://www.kegg.jp/dbget-bin/www_bget?K01920">
        <graphics name="K01920" fgcolor="#000000" bgcolor="#BFBFFF"
             type="rectangle" x="458" y="457" width="46" height="17"/>
    </entry>
    <entry id="47" name="ko:K11204 ko:K11205 ko:K01919" type="ortholog" reaction="rn:R00894"
        link="http://www.kegg.jp/dbget-bin/www_bget?K11204+K11205+K01919">
        <graphics name="K11204..." fgcolor="#000000" bgcolor="#BFBFFF"
             type="rectangle" x="542" y="275" width="46" height="17"/>
    </entry>
    <entry id="48" name="ko:K00681 ko:K18592" type="ortholog" reaction="rn:R00494"
        link="http://www.kegg.jp/dbget-bin/www_bget?K00681+K18592">
        <graphics name="K00681..." fgcolor="#000000" bgcolor="#BFBFFF"
             type="rectangle" x="333" y="431" width="46" height="17"/>
    </entry>
    <entry id="49" name="ko:K11140 ko:K01256" type="ortholog" reaction="rn:R00899"
        link="http://www.kegg.jp/dbget-bin/www_bget?K11140+K01256">
        <graphics name="K11140..." fgcolor="#000000" bgcolor="#BFBFFF"
             type="rectangle" x="357" y="323" width="46" height="17"/>
    </entry>
    <entry id="50" name="ko:K01469" type="ortholog" reaction="rn:R00251"
        link="http://www.kegg.jp/dbget-bin/www_bget?K01469">
        <graphics name="K01469" fgcolor="#000000" bgcolor="#BFBFFF"
             type="rectangle" x="374" y="144" width="46" height="17"/>
    </entry>
    <entry id="51" name="ko:K00682" type="ortholog" reaction="rn:R02743"
        link="http://www.kegg.jp/dbget-bin/www_bget?K00682">
        <graphics name="K00682" fgcolor="#000000" bgcolor="#BFBFFF"
             type="rectangle" x="449" y="103" width="46" height="17"/>
    </entry>
    <entry id="52" name="ko:K00681 ko:K18592" type="ortholog" reaction="rn:R01262"
        link="http://www.kegg.jp/dbget-bin/www_bget?K00681+K18592">
        <graphics name="K00681..." fgcolor="#000000" bgcolor="#BFBFFF"
             type="rectangle" x="195" y="403" width="46" height="17"/>
    </entry>
    <entry id="53" name="ko:K00682" type="ortholog" reaction="rn:R03749"
        link="http://www.kegg.jp/dbget-bin/www_bget?K00682">
        <graphics name="K00682" fgcolor="#000000" bgcolor="#BFBFFF"
             type="rectangle" x="196" y="236" width="46" height="17"/>
    </entry>
    <entry id="55" name="ko:K00799 ko:K04097 ko:K13299" type="ortholog" reaction="rn:R03522"
        link="http://www.kegg.jp/dbget-bin/www_bget?K00799+K04097+K13299">
        <graphics name="K00799..." fgcolor="#000000" bgcolor="#BFBFFF"
             type="rectangle" x="388" y="526" width="46" height="17"/>
    </entry>
    <entry id="56" name="ko:K01917 ko:K01460" type="ortholog" reaction="rn:R01917"
        link="http://www.kegg.jp/dbget-bin/www_bget?K01917+K01460">
        <graphics name="K01917..." fgcolor="#000000" bgcolor="#BFBFFF"
             type="rectangle" x="417" y="674" width="46" height="17"/>
    </entry>
    <entry id="57" name="ko:K01460" type="ortholog" reaction="rn:R01918"
        link="http://www.kegg.jp/dbget-bin/www_bget?K01460">
        <graphics name="K01460" fgcolor="#000000" bgcolor="#BFBFFF"
             type="rectangle" x="417" y="592" width="46" height="17"/>
    </entry>
    <entry id="58" name="cpd:C00151" type="compound"
        link="http://www.kegg.jp/dbget-bin/www_bget?C00151">
        <graphics name="C00151" fgcolor="#000000" bgcolor="#FFFFFF"
             type="circle" x="105" y="215" width="8" height="8"/>
    </entry>
    <entry id="59" name="cpd:C01879" type="compound"
        link="http://www.kegg.jp/dbget-bin/www_bget?C01879">
        <graphics name="C01879" fgcolor="#000000" bgcolor="#FFFFFF"
             type="circle" x="195" y="143" width="8" height="8"/>
    </entry>
    <entry id="60" name="cpd:C00097" type="compound"
        link="http://www.kegg.jp/dbget-bin/www_bget?C00097">
        <graphics name="C00097" fgcolor="#000000" bgcolor="#FFFFFF"
             type="circle" x="415" y="248" width="8" height="8"/>
    </entry>
    <entry id="61" name="cpd:C00025" type="compound"
        link="http://www.kegg.jp/dbget-bin/www_bget?C00025">
        <graphics name="C00025" fgcolor="#000000" bgcolor="#FFFFFF"
             type="circle" x="542" y="175" width="8" height="8"/>
    </entry>
    <entry id="62" name="cpd:C00037" type="compound"
        link="http://www.kegg.jp/dbget-bin/www_bget?C00037">
        <graphics name="C00037" fgcolor="#000000" bgcolor="#FFFFFF"
             type="circle" x="490" y="304" width="8" height="8"/>
    </entry>
    <entry id="63" name="cpd:C01419" type="compound"
        link="http://www.kegg.jp/dbget-bin/www_bget?C01419">
        <graphics name="C01419" fgcolor="#000000" bgcolor="#FFFFFF"
             type="circle" x="332" y="377" width="8" height="8"/>
    </entry>
    <entry id="64" name="cpd:C03740" type="compound"
        link="http://www.kegg.jp/dbget-bin/www_bget?C03740">
        <graphics name="C03740" fgcolor="#000000" bgcolor="#FFFFFF"
             type="circle" x="195" y="297" width="8" height="8"/>
    </entry>
    <entry id="65" name="cpd:C00051" type="compound"
        link="http://www.kegg.jp/dbget-bin/www_bget?C00051">
        <graphics name="C00051" fgcolor="#000000" bgcolor="#FFFFFF"
             type="circle" x="332" y="456" width="8" height="8"/>
    </entry>
    <entry id="66" name="cpd:C00669" type="compound"
        link="http://www.kegg.jp/dbget-bin/www_bget?C00669">
        <graphics name="C00669" fgcolor="#000000" bgcolor="#FFFFFF"
             type="circle" x="542" y="456" width="8" height="8"/>
    </entry>
    <entry id="67" name="cpd:C03646" type="compound"
        link="http://www.kegg.jp/dbget-bin/www_bget?C03646">
        <graphics name="C03646" fgcolor="#000000" bgcolor="#FFFFFF"
             type="circle" x="746" y="460" width="8" height="8"/>
    </entry>
    <entry id="68" name="cpd:C00127" type="compound"
        link="http://www.kegg.jp/dbget-bin/www_bget?C00127">
        <graphics name="C00127" fgcolor="#000000" bgcolor="#FFFFFF"
             type="circle" x="66" y="456" width="8" height="8"/>
    </entry>
    <entry id="69" name="cpd:C00005" type="compound"
        link="http://www.kegg.jp/dbget-bin/www_bget?C00005">
        <graphics name="C00005" fgcolor="#000000" bgcolor="#FFFFFF"
             type="circle" x="117" y="500" width="8" height="8"/>
    </entry>
    <entry id="70" name="cpd:C00006" type="compound"
        link="http://www.kegg.jp/dbget-bin/www_bget?C00006">
        <graphics name="C00006" fgcolor="#000000" bgcolor="#FFFFFF"
             type="circle" x="270" y="500" width="8" height="8"/>
    </entry>
    <entry id="71" name="cpd:C01322" type="compound"
        link="http://www.kegg.jp/dbget-bin/www_bget?C01322">
        <graphics name="C01322" fgcolor="#000000" bgcolor="#FFFFFF"
             type="circle" x="359" y="498" width="8" height="8"/>
    </entry>
    <entry id="72" name="cpd:C02320" type="compound"
        link="http://www.kegg.jp/dbget-bin/www_bget?C02320">
        <graphics name="C02320" fgcolor="#000000" bgcolor="#FFFFFF"
             type="circle" x="441" y="525" width="8" height="8"/>
    </entry>
    <entry id="73" name="cpd:C05730" type="compound"
        link="http://www.kegg.jp/dbget-bin/www_bget?C05730">
        <graphics name="C05730" fgcolor="#000000" bgcolor="#FFFFFF"
             type="circle" x="498" y="684" width="8" height="8"/>
    </entry>
    <entry id="74" name="cpd:C00025" type="compound"
        link="http://www.kegg.jp/dbget-bin/www_bget?C00025">
        <graphics name="C00025" fgcolor="#000000" bgcolor="#FFFFFF"
             type="circle" x="523" y="498" width="8" height="8"/>
    </entry>
    <entry id="75" name="cpd:C05729" type="compound"
        link="http://www.kegg.jp/dbget-bin/www_bget?C05729">
        <graphics name="C05729" fgcolor="#000000" bgcolor="#FFFFFF"
             type="circle" x="548" y="525" width="8" height="8"/>
    </entry>
    <entry id="76" name="cpd:C00037" type="compound"
        link="http://www.kegg.jp/dbget-bin/www_bget?C00037">
        <graphics name="C00037" fgcolor="#000000" bgcolor="#FFFFFF"
             type="circle" x="726" y="498" width="8" height="8"/>
    </entry>
    <entry id="77" name="cpd:C05726" type="compound"
        link="http://www.kegg.jp/dbget-bin/www_bget?C05726">
        <graphics name="C05726" fgcolor="#000000" bgcolor="#FFFFFF"
             type="circle" x="749" y="525" width="8" height="8"/>
    </entry>
    <entry id="78" name="cpd:C05727" type="compound"
        link="http://www.kegg.jp/dbget-bin/www_bget?C05727">
        <graphics name="C05727" fgcolor="#000000" bgcolor="#FFFFFF"
             type="circle" x="856" y="525" width="8" height="8"/>
    </entry>
    <entry id="85" name="ko:K00383" type="ortholog" reaction="rn:R00115"
        link="http://www.kegg.jp/dbget-bin/www_bget?K00383">
        <graphics name="K00383" fgcolor="#000000" bgcolor="#BFBFFF"
             type="rectangle" x="169" y="458" width="46" height="17"/>
    </entry>
    <entry id="90" name="cpd:C00077" type="compound"
        link="http://www.kegg.jp/dbget-bin/www_bget?C00077">
        <graphics name="C00077" fgcolor="#000000" bgcolor="#FFFFFF"
             type="circle" x="207" y="715" width="8" height="8"/>
    </entry>
    <entry id="91" name="cpd:C00134" type="compound"
        link="http://www.kegg.jp/dbget-bin/www_bget?C00134">
        <graphics name="C00134" fgcolor="#000000" bgcolor="#FFFFFF"
             type="circle" x="207" y="642" width="8" height="8"/>
    </entry>
    <entry id="92" name="cpd:C00315" type="compound"
        link="http://www.kegg.jp/dbget-bin/www_bget?C00315">
        <graphics name="C00315" fgcolor="#000000" bgcolor="#FFFFFF"
             type="circle" x="384" y="645" width="8" height="8"/>
    </entry>
    <entry id="99" name="cpd:C02090" type="compound"
        link="http://www.kegg.jp/dbget-bin/www_bget?C02090">
        <graphics name="C02090" fgcolor="#000000" bgcolor="#FFFFFF"
             type="circle" x="621" y="684" width="8" height="8"/>
    </entry>
    <entry id="100" name="cpd:C03170" type="compound"
        link="http://www.kegg.jp/dbget-bin/www_bget?C03170">
        <graphics name="C03170" fgcolor="#000000" bgcolor="#FFFFFF"
             type="circle" x="849" y="684" width="8" height="8"/>
    </entry>
    <entry id="106" name="cpd:C00005" type="compound"
        link="http://www.kegg.jp/dbget-bin/www_bget?C00005">
        <graphics name="C00005" fgcolor="#000000" bgcolor="#FFFFFF"
             type="circle" x="776" y="580" width="8" height="8"/>
    </entry>
    <entry id="107" name="cpd:C00006" type="compound"
        link="http://www.kegg.jp/dbget-bin/www_bget?C00006">
        <graphics name="C00006" fgcolor="#000000" bgcolor="#FFFFFF"
             type="circle" x="694" y="580" width="8" height="8"/>
    </entry>
    <entry id="108" name="cpd:C05422" type="compound"
        link="http://www.kegg.jp/dbget-bin/www_bget?C05422">
        <graphics name="C05422" fgcolor="#000000" bgcolor="#FFFFFF"
             type="circle" x="669" y="649" width="8" height="8"/>
    </entry>
    <entry id="109" name="cpd:C00072" type="compound"
        link="http://www.kegg.jp/dbget-bin/www_bget?C00072">
        <graphics name="C00072" fgcolor="#000000" bgcolor="#FFFFFF"
             type="circle" x="801" y="649" width="8" height="8"/>
    </entry>
    <entry id="112" name="cpd:C16664" type="compound"
        link="http://www.kegg.jp/dbget-bin/www_bget?C16664">
        <graphics name="C16664" fgcolor="#000000" bgcolor="#FFFFFF"
             type="circle" x="669" y="718" width="8" height="8"/>
    </entry>
    <entry id="113" name="cpd:C16663" type="compound"
        link="http://www.kegg.jp/dbget-bin/www_bget?C16663">
        <graphics name="C16663" fgcolor="#000000" bgcolor="#FFFFFF"
             type="circle" x="801" y="718" width="8" height="8"/>
    </entry>
    <entry id="115" name="cpd:C00750" type="compound"
        link="http://www.kegg.jp/dbget-bin/www_bget?C00750">
        <graphics name="C00750" fgcolor="#000000" bgcolor="#FFFFFF"
             type="circle" x="368" y="791" width="8" height="8"/>
    </entry>
    <entry id="117" name="cpd:C16562" type="compound"
        link="http://www.kegg.jp/dbget-bin/www_bget?C16562">
        <graphics name="C16562" fgcolor="#000000" bgcolor="#FFFFFF"
             type="circle" x="498" y="864" width="8" height="8"/>
    </entry>
    <entry id="118" name="cpd:C16563" type="compound"
        link="http://www.kegg.jp/dbget-bin/www_bget?C16563">
        <graphics name="C16563" fgcolor="#000000" bgcolor="#FFFFFF"
             type="circle" x="621" y="864" width="8" height="8"/>
    </entry>
    <entry id="121" name="cpd:C16564" type="compound"
        link="http://www.kegg.jp/dbget-bin/www_bget?C16564">
        <graphics name="C16564" fgcolor="#000000" bgcolor="#FFFFFF"
             type="circle" x="849" y="864" width="8" height="8"/>
    </entry>
    <entry id="123" name="cpd:C01672" type="compound"
        link="http://www.kegg.jp/dbget-bin/www_bget?C01672">
        <graphics name="C01672" fgcolor="#000000" bgcolor="#FFFFFF"
             type="circle" x="188" y="920" width="8" height="8"/>
    </entry>
    <entry id="124" name="cpd:C16565" type="compound"
        link="http://www.kegg.jp/dbget-bin/www_bget?C16565">
        <graphics name="C16565" fgcolor="#000000" bgcolor="#FFFFFF"
             type="circle" x="294" y="920" width="8" height="8"/>
    </entry>
    <entry id="125" name="cpd:C16566" type="compound"
        link="http://www.kegg.jp/dbget-bin/www_bget?C16566">
        <graphics name="C16566" fgcolor="#000000" bgcolor="#FFFFFF"
             type="circle" x="498" y="920" width="8" height="8"/>
    </entry>
    <entry id="129" name="cpd:C16567" type="compound"
        link="http://www.kegg.jp/dbget-bin/www_bget?C16567">
        <graphics name="C16567" fgcolor="#000000" bgcolor="#FFFFFF"
             type="circle" x="621" y="920" width="8" height="8"/>
    </entry>
    <entry id="130" name="cpd:C16568" type="compound"
        link="http://www.kegg.jp/dbget-bin/www_bget?C16568">
        <graphics name="C16568" fgcolor="#000000" bgcolor="#FFFFFF"
             type="circle" x="849" y="920" width="8" height="8"/>
    </entry>
    <entry id="134" name="ko:K00033" type="ortholog" reaction="rn:R01528"
        link="http://www.kegg.jp/dbget-bin/www_bget?K00033">
        <graphics name="K00033" fgcolor="#000000" bgcolor="#BFBFFF"
             type="rectangle" x="169" y="511" width="46" height="17"/>
    </entry>
    <entry id="135" name="ko:K01581" type="ortholog" reaction="rn:R00670"
        link="http://www.kegg.jp/dbget-bin/www_bget?K01581">
        <graphics name="K01581" fgcolor="#000000" bgcolor="#BFBFFF"
             type="rectangle" x="208" y="683" width="46" height="17"/>
    </entry>
    <entry id="136" name="ko:K00797" type="ortholog" reaction="rn:R01920"
        link="http://www.kegg.jp/dbget-bin/www_bget?K00797">
        <graphics name="K00797" fgcolor="#000000" bgcolor="#BFBFFF"
             type="rectangle" x="290" y="643" width="46" height="17"/>
    </entry>
    <entry id="137" name="ko:K01833" type="ortholog" reaction="rn:R01918"
        link="http://www.kegg.jp/dbget-bin/www_bget?K01833">
        <graphics name="K01833" fgcolor="#000000" bgcolor="#BFBFFF"
             type="rectangle" x="417" y="613" width="46" height="17"/>
    </entry>
    <entry id="138" name="ko:K01833" type="ortholog" reaction="rn:R01917"
        link="http://www.kegg.jp/dbget-bin/www_bget?K01833">
        <graphics name="K01833" fgcolor="#000000" bgcolor="#BFBFFF"
             type="rectangle" x="417" y="695" width="46" height="17"/>
    </entry>
    <entry id="139" name="ko:K01833" type="ortholog" reaction="rn:R08350"
        link="http://www.kegg.jp/dbget-bin/www_bget?K01833">
        <graphics name="K01833" fgcolor="#000000" bgcolor="#BFBFFF"
             type="rectangle" x="557" y="629" width="46" height="17"/>
    </entry>
    <entry id="140" name="ko:K01833" type="ortholog" reaction="rn:R03822"
        link="http://www.kegg.jp/dbget-bin/www_bget?K01833">
        <graphics name="K01833" fgcolor="#000000" bgcolor="#BFBFFF"
             type="rectangle" x="557" y="685" width="46" height="17"/>
    </entry>
    <entry id="141" name="ko:K00802" type="ortholog" reaction="rn:R02869"
        link="http://www.kegg.jp/dbget-bin/www_bget?K00802">
        <graphics name="K00802" fgcolor="#000000" bgcolor="#BFBFFF"
             type="rectangle" x="369" y="727" width="46" height="17"/>
    </entry>
    <entry id="142" name="ko:K01833" type="ortholog" reaction="rn:R08352"
        link="http://www.kegg.jp/dbget-bin/www_bget?K01833">
        <graphics name="K01833" fgcolor="#000000" bgcolor="#BFBFFF"
             type="rectangle" x="417" y="865" width="46" height="17"/>
    </entry>
    <entry id="143" name="ko:K01833" type="ortholog" reaction="rn:R08353"
        link="http://www.kegg.jp/dbget-bin/www_bget?K01833">
        <graphics name="K01833" fgcolor="#000000" bgcolor="#BFBFFF"
             type="rectangle" x="557" y="865" width="46" height="17"/>
    </entry>
    <entry id="144" name="ko:K00797" type="ortholog" reaction="rn:R08359"
        link="http://www.kegg.jp/dbget-bin/www_bget?K00797">
        <graphics name="K00797" fgcolor="#000000" bgcolor="#BFBFFF"
             type="rectangle" x="237" y="921" width="46" height="17"/>
    </entry>
    <entry id="145" name="ko:K01833" type="ortholog" reaction="rn:R08354"
        link="http://www.kegg.jp/dbget-bin/www_bget?K01833">
        <graphics name="K01833" fgcolor="#000000" bgcolor="#BFBFFF"
             type="rectangle" x="417" y="921" width="46" height="17"/>
    </entry>
    <entry id="146" name="ko:K01833" type="ortholog" reaction="rn:R08355"
        link="http://www.kegg.jp/dbget-bin/www_bget?K01833">
        <graphics name="K01833" fgcolor="#000000" bgcolor="#BFBFFF"
             type="rectangle" x="557" y="931" width="46" height="17"/>
    </entry>
    <entry id="148" name="ko:K01833" type="ortholog" reaction="rn:R08351"
        link="http://www.kegg.jp/dbget-bin/www_bget?K01833">
        <graphics name="K01833" fgcolor="#000000" bgcolor="#BFBFFF"
             type="rectangle" x="557" y="912" width="46" height="17"/>
    </entry>
    <entry id="149" name="ko:K00434" type="ortholog" reaction="rn:R00644"
        link="http://www.kegg.jp/dbget-bin/www_bget?K00434">
        <graphics name="K00434" fgcolor="#000000" bgcolor="#BFBFFF"
             type="rectangle" x="736" y="650" width="46" height="17"/>
    </entry>
    <entry id="150" name="ko:K04283" type="ortholog" reaction="rn:R03821"
        link="http://www.kegg.jp/dbget-bin/www_bget?K04283">
        <graphics name="K04283" fgcolor="#000000" bgcolor="#BFBFFF"
             type="rectangle" x="736" y="603" width="46" height="17"/>
    </entry>
    <entry id="151" name="ko:K10807 ko:K10808" type="ortholog" reaction="rn:R08363"
        link="http://www.kegg.jp/dbget-bin/www_bget?K10807+K10808">
        <graphics name="K10807..." fgcolor="#000000" bgcolor="#BFBFFF"
             type="rectangle" x="736" y="729" width="46" height="17"/>
    </entry>
    <entry id="152" name="ko:K11185 ko:K11186" type="ortholog" reaction="rn:R08360"
        link="http://www.kegg.jp/dbget-bin/www_bget?K11185+K11186">
        <graphics name="K11185..." fgcolor="#000000" bgcolor="#BFBFFF"
             type="rectangle" x="711" y="708" width="46" height="17"/>
    </entry>
    <entry id="153" name="ko:K10807 ko:K10808" type="ortholog" reaction="rn:R08364"
        link="http://www.kegg.jp/dbget-bin/www_bget?K10807+K10808">
        <graphics name="K10807..." fgcolor="#000000" bgcolor="#BFBFFF"
             type="rectangle" x="736" y="790" width="46" height="17"/>
    </entry>
    <entry id="154" name="ko:K11185 ko:K11186" type="ortholog" reaction="rn:R08362"
        link="http://www.kegg.jp/dbget-bin/www_bget?K11185+K11186">
        <graphics name="K11185..." fgcolor="#000000" bgcolor="#BFBFFF"
             type="rectangle" x="736" y="769" width="46" height="17"/>
    </entry>
    <entry id="155" name="ko:K04283" type="ortholog" reaction="rn:R08356"
        link="http://www.kegg.jp/dbget-bin/www_bget?K04283">
        <graphics name="K04283" fgcolor="#000000" bgcolor="#BFBFFF"
             type="rectangle" x="736" y="857" width="46" height="17"/>
    </entry>
    <entry id="156" name="ko:K04283" type="ortholog" reaction="rn:R08357"
        link="http://www.kegg.jp/dbget-bin/www_bget?K04283">
        <graphics name="K04283" fgcolor="#000000" bgcolor="#BFBFFF"
             type="rectangle" x="736" y="913" width="46" height="17"/>
    </entry>
    <entry id="157" name="path:ko00220" type="map"
        link="http://www.kegg.jp/dbget-bin/www_bget?ko00220">
        <graphics name="Arginine biosynthesis" fgcolor="#000000" bgcolor="#FFFFFF"
             type="roundrectangle" x="208" y="774" width="124" height="25"/>
    </entry>
    <entry id="160" name="ko:K01255" type="ortholog" reaction="rn:R00899"
        link="http://www.kegg.jp/dbget-bin/www_bget?K01255">
        <graphics name="K01255" fgcolor="#000000" bgcolor="#BFBFFF"
             type="rectangle" x="307" y="323" width="46" height="17"/>
    </entry>
    <entry id="161" name="ko:K01255" type="ortholog" reaction="rn:R04951"
        link="http://www.kegg.jp/dbget-bin/www_bget?K01255">
        <graphics name="K01255" fgcolor="#000000" bgcolor="#BFBFFF"
             type="rectangle" x="592" y="536" width="46" height="17"/>
    </entry>
    <entry id="162" name="ko:K07751" type="ortholog" reaction="rn:R00899"
        link="http://www.kegg.jp/dbget-bin/www_bget?K07751">
        <graphics name="K07751" fgcolor="#000000" bgcolor="#BFBFFF"
             type="rectangle" x="307" y="342" width="46" height="17"/>
    </entry>
    <entry id="163" name="ko:K07751" type="ortholog" reaction="rn:R04951"
        link="http://www.kegg.jp/dbget-bin/www_bget?K07751">
        <graphics name="K07751" fgcolor="#000000" bgcolor="#BFBFFF"
             type="rectangle" x="640" y="536" width="46" height="17"/>
    </entry>
    <entry id="164" name="ko:K01270" type="ortholog" reaction="rn:R00899"
        link="http://www.kegg.jp/dbget-bin/www_bget?K01270">
        <graphics name="K01270" fgcolor="#000000" bgcolor="#BFBFFF"
             type="rectangle" x="307" y="361" width="46" height="17"/>
    </entry>
    <entry id="165" name="ko:K01270" type="ortholog" reaction="rn:R04951"
        link="http://www.kegg.jp/dbget-bin/www_bget?K01270">
        <graphics name="K01270" fgcolor="#000000" bgcolor="#BFBFFF"
             type="rectangle" x="688" y="536" width="46" height="17"/>
    </entry>
    <entry id="166" name="ko:K11142" type="ortholog" reaction="rn:R00899"
        link="http://www.kegg.jp/dbget-bin/www_bget?K11142">
        <graphics name="K11142" fgcolor="#000000" bgcolor="#BFBFFF"
             type="rectangle" x="357" y="342" width="46" height="17"/>
    </entry>
    <entry id="167" name="ko:K11142" type="ortholog" reaction="rn:R04951"
        link="http://www.kegg.jp/dbget-bin/www_bget?K11142">
        <graphics name="K11142" fgcolor="#000000" bgcolor="#BFBFFF"
             type="rectangle" x="640" y="515" width="46" height="17"/>
    </entry>
    <entry id="168" name="ko:K11207" type="ortholog" reaction="rn:R08360"
        link="http://www.kegg.jp/dbget-bin/www_bget?K11207">
        <graphics name="K11207" fgcolor="#000000" bgcolor="#BFBFFF"
             type="rectangle" x="759" y="708" width="46" height="17"/>
    </entry>
    <entry id="169" name="ko:K15428" type="ortholog" reaction="rn:R00899"
        link="http://www.kegg.jp/dbget-bin/www_bget?K15428">
        <graphics name="K15428" fgcolor="#000000" bgcolor="#BFBFFF"
             type="rectangle" x="357" y="362" width="46" height="17"/>
    </entry>
    <entry id="170" name="ko:K15428" type="ortholog" reaction="rn:R04951"
        link="http://www.kegg.jp/dbget-bin/www_bget?K15428">
        <graphics name="K15428" fgcolor="#000000" bgcolor="#BFBFFF"
             type="rectangle" x="688" y="515" width="46" height="17"/>
    </entry>
    <relation entry1="53" entry2="52" type="ECrel">
        <subtype name="compound" value="64"/>
    </relation>
    <relation entry1="53" entry2="50" type="ECrel">
        <subtype name="compound" value="59"/>
    </relation>
    <relation entry1="50" entry2="51" type="ECrel">
        <subtype name="compound" value="59"/>
    </relation>
    <relation entry1="50" entry2="48" type="ECrel">
        <subtype name="compound" value="61"/>
    </relation>
    <relation entry1="50" entry2="47" type="ECrel">
        <subtype name="compound" value="61"/>
    </relation>
    <relation entry1="50" entry2="26" type="maplink">
        <subtype name="compound" value="61"/>
    </relation>
    <relation entry1="48" entry2="47" type="ECrel">
        <subtype name="compound" value="61"/>
    </relation>
    <relation entry1="48" entry2="26" type="maplink">
        <subtype name="compound" value="61"/>
    </relation>
    <relation entry1="47" entry2="26" type="maplink">
        <subtype name="compound" value="61"/>
    </relation>
    <relation entry1="46" entry2="47" type="ECrel">
        <subtype name="compound" value="66"/>
    </relation>
    <relation entry1="46" entry2="51" type="ECrel">
        <subtype name="compound" value="66"/>
    </relation>
    <relation entry1="47" entry2="51" type="ECrel">
        <subtype name="compound" value="66"/>
    </relation>
    <relation entry1="51" entry2="27" type="maplink">
        <subtype name="compound" value="60"/>
    </relation>
    <relation entry1="51" entry2="29" type="maplink">
        <subtype name="compound" value="60"/>
    </relation>
    <relation entry1="51" entry2="47" type="ECrel">
        <subtype name="compound" value="60"/>
    </relation>
    <relation entry1="51" entry2="49" type="ECrel">
        <subtype name="compound" value="60"/>
    </relation>
    <relation entry1="27" entry2="29" type="maplink">
        <subtype name="compound" value="60"/>
    </relation>
    <relation entry1="27" entry2="47" type="maplink">
        <subtype name="compound" value="60"/>
    </relation>
    <relation entry1="27" entry2="49" type="maplink">
        <subtype name="compound" value="60"/>
    </relation>
    <relation entry1="29" entry2="47" type="maplink">
        <subtype name="compound" value="60"/>
    </relation>
    <relation entry1="29" entry2="49" type="maplink">
        <subtype name="compound" value="60"/>
    </relation>
    <relation entry1="47" entry2="49" type="ECrel">
        <subtype name="compound" value="60"/>
    </relation>
    <relation entry1="49" entry2="48" type="ECrel">
        <subtype name="compound" value="63"/>
    </relation>
    <relation entry1="49" entry2="52" type="ECrel">
        <subtype name="compound" value="63"/>
    </relation>
    <relation entry1="46" entry2="28" type="maplink">
        <subtype name="compound" value="62"/>
    </relation>
    <relation entry1="46" entry2="49" type="ECrel">
        <subtype name="compound" value="62"/>
    </relation>
    <relation entry1="28" entry2="49" type="maplink">
        <subtype name="compound" value="62"/>
    </relation>
    <relation entry1="48" entry2="85" type="ECrel">
        <subtype name="compound" value="65"/>
    </relation>
    <relation entry1="48" entry2="46" type="ECrel">
        <subtype name="compound" value="65"/>
    </relation>
    <relation entry1="48" entry2="55" type="ECrel">
        <subtype name="compound" value="65"/>
    </relation>
    <relation entry1="48" entry2="57" type="ECrel">
        <subtype name="compound" value="65"/>
    </relation>
    <relation entry1="48" entry2="137" type="ECrel">
        <subtype name="compound" value="65"/>
    </relation>
    <relation entry1="48" entry2="56" type="ECrel">
        <subtype name="compound" value="65"/>
    </relation>
    <relation entry1="48" entry2="138" type="ECrel">
        <subtype name="compound" value="65"/>
    </relation>
    <relation entry1="48" entry2="142" type="ECrel">
        <subtype name="compound" value="65"/>
    </relation>
    <relation entry1="48" entry2="145" type="ECrel">
        <subtype name="compound" value="65"/>
    </relation>
    <relation entry1="48" entry2="40" type="ECrel">
        <subtype name="compound" value="65"/>
    </relation>
    <relation entry1="48" entry2="33" type="ECrel">
        <subtype name="compound" value="65"/>
    </relation>
    <relation entry1="48" entry2="41" type="ECrel">
        <subtype name="compound" value="65"/>
    </relation>
    <relation entry1="48" entry2="42" type="ECrel">
        <subtype name="compound" value="65"/>
    </relation>
    <relation entry1="52" entry2="85" type="ECrel">
        <subtype name="compound" value="65"/>
    </relation>
    <relation entry1="52" entry2="46" type="ECrel">
        <subtype name="compound" value="65"/>
    </relation>
    <relation entry1="52" entry2="55" type="ECrel">
        <subtype name="compound" value="65"/>
    </relation>
    <relation entry1="52" entry2="57" type="ECrel">
        <subtype name="compound" value="65"/>
    </relation>
    <relation entry1="52" entry2="137" type="ECrel">
        <subtype name="compound" value="65"/>
    </relation>
    <relation entry1="52" entry2="56" type="ECrel">
        <subtype name="compound" value="65"/>
    </relation>
    <relation entry1="52" entry2="138" type="ECrel">
        <subtype name="compound" value="65"/>
    </relation>
    <relation entry1="52" entry2="142" type="ECrel">
        <subtype name="compound" value="65"/>
    </relation>
    <relation entry1="52" entry2="145" type="ECrel">
        <subtype name="compound" value="65"/>
    </relation>
    <relation entry1="52" entry2="40" type="ECrel">
        <subtype name="compound" value="65"/>
    </relation>
    <relation entry1="52" entry2="33" type="ECrel">
        <subtype name="compound" value="65"/>
    </relation>
    <relation entry1="52" entry2="41" type="ECrel">
        <subtype name="compound" value="65"/>
    </relation>
    <relation entry1="52" entry2="42" type="ECrel">
        <subtype name="compound" value="65"/>
    </relation>
    <relation entry1="85" entry2="46" type="ECrel">
        <subtype name="compound" value="65"/>
    </relation>
    <relation entry1="85" entry2="55" type="ECrel">
        <subtype name="compound" value="65"/>
    </relation>
    <relation entry1="85" entry2="57" type="ECrel">
        <subtype name="compound" value="65"/>
    </relation>
    <relation entry1="85" entry2="137" type="ECrel">
        <subtype name="compound" value="65"/>
    </relation>
    <relation entry1="85" entry2="56" type="ECrel">
        <subtype name="compound" value="65"/>
    </relation>
    <relation entry1="85" entry2="138" type="ECrel">
        <subtype name="compound" value="65"/>
    </relation>
    <relation entry1="85" entry2="142" type="ECrel">
        <subtype name="compound" value="65"/>
    </relation>
    <relation entry1="85" entry2="145" type="ECrel">
        <subtype name="compound" value="65"/>
    </relation>
    <relation entry1="46" entry2="55" type="ECrel">
        <subtype name="compound" value="65"/>
    </relation>
    <relation entry1="46" entry2="57" type="ECrel">
        <subtype name="compound" value="65"/>
    </relation>
    <relation entry1="46" entry2="137" type="ECrel">
        <subtype name="compound" value="65"/>
    </relation>
    <relation entry1="46" entry2="56" type="ECrel">
        <subtype name="compound" value="65"/>
    </relation>
    <relation entry1="46" entry2="138" type="ECrel">
        <subtype name="compound" value="65"/>
    </relation>
    <relation entry1="46" entry2="142" type="ECrel">
        <subtype name="compound" value="65"/>
    </relation>
    <relation entry1="46" entry2="145" type="ECrel">
        <subtype name="compound" value="65"/>
    </relation>
    <relation entry1="46" entry2="40" type="ECrel">
        <subtype name="compound" value="65"/>
    </relation>
    <relation entry1="46" entry2="33" type="ECrel">
        <subtype name="compound" value="65"/>
    </relation>
    <relation entry1="46" entry2="41" type="ECrel">
        <subtype name="compound" value="65"/>
    </relation>
    <relation entry1="46" entry2="42" type="ECrel">
        <subtype name="compound" value="65"/>
    </relation>
    <relation entry1="55" entry2="57" type="ECrel">
        <subtype name="compound" value="65"/>
    </relation>
    <relation entry1="55" entry2="137" type="ECrel">
        <subtype name="compound" value="65"/>
    </relation>
    <relation entry1="55" entry2="56" type="ECrel">
        <subtype name="compound" value="65"/>
    </relation>
    <relation entry1="55" entry2="138" type="ECrel">
        <subtype name="compound" value="65"/>
    </relation>
    <relation entry1="55" entry2="142" type="ECrel">
        <subtype name="compound" value="65"/>
    </relation>
    <relation entry1="55" entry2="145" type="ECrel">
        <subtype name="compound" value="65"/>
    </relation>
    <relation entry1="55" entry2="40" type="ECrel">
        <subtype name="compound" value="65"/>
    </relation>
    <relation entry1="55" entry2="33" type="ECrel">
        <subtype name="compound" value="65"/>
    </relation>
    <relation entry1="55" entry2="41" type="ECrel">
        <subtype name="compound" value="65"/>
    </relation>
    <relation entry1="55" entry2="42" type="ECrel">
        <subtype name="compound" value="65"/>
    </relation>
    <relation entry1="57" entry2="142" type="ECrel">
        <subtype name="compound" value="65"/>
    </relation>
    <relation entry1="57" entry2="145" type="ECrel">
        <subtype name="compound" value="65"/>
    </relation>
    <relation entry1="57" entry2="40" type="ECrel">
        <subtype name="compound" value="65"/>
    </relation>
    <relation entry1="57" entry2="33" type="ECrel">
        <subtype name="compound" value="65"/>
    </relation>
    <relation entry1="57" entry2="41" type="ECrel">
        <subtype name="compound" value="65"/>
    </relation>
    <relation entry1="57" entry2="42" type="ECrel">
        <subtype name="compound" value="65"/>
    </relation>
    <relation entry1="137" entry2="40" type="ECrel">
        <subtype name="compound" value="65"/>
    </relation>
    <relation entry1="137" entry2="33" type="ECrel">
        <subtype name="compound" value="65"/>
    </relation>
    <relation entry1="137" entry2="41" type="ECrel">
        <subtype name="compound" value="65"/>
    </relation>
    <relation entry1="137" entry2="42" type="ECrel">
        <subtype name="compound" value="65"/>
    </relation>
    <relation entry1="56" entry2="142" type="ECrel">
        <subtype name="compound" value="65"/>
    </relation>
    <relation entry1="56" entry2="145" type="ECrel">
        <subtype name="compound" value="65"/>
    </relation>
    <relation entry1="56" entry2="40" type="ECrel">
        <subtype name="compound" value="65"/>
    </relation>
    <relation entry1="56" entry2="33" type="ECrel">
        <subtype name="compound" value="65"/>
    </relation>
    <relation entry1="56" entry2="41" type="ECrel">
        <subtype name="compound" value="65"/>
    </relation>
    <relation entry1="56" entry2="42" type="ECrel">
        <subtype name="compound" value="65"/>
    </relation>
    <relation entry1="138" entry2="40" type="ECrel">
        <subtype name="compound" value="65"/>
    </relation>
    <relation entry1="138" entry2="33" type="ECrel">
        <subtype name="compound" value="65"/>
    </relation>
    <relation entry1="138" entry2="41" type="ECrel">
        <subtype name="compound" value="65"/>
    </relation>
    <relation entry1="138" entry2="42" type="ECrel">
        <subtype name="compound" value="65"/>
    </relation>
    <relation entry1="142" entry2="40" type="ECrel">
        <subtype name="compound" value="65"/>
    </relation>
    <relation entry1="142" entry2="33" type="ECrel">
        <subtype name="compound" value="65"/>
    </relation>
    <relation entry1="142" entry2="41" type="ECrel">
        <subtype name="compound" value="65"/>
    </relation>
    <relation entry1="142" entry2="42" type="ECrel">
        <subtype name="compound" value="65"/>
    </relation>
    <relation entry1="145" entry2="40" type="ECrel">
        <subtype name="compound" value="65"/>
    </relation>
    <relation entry1="145" entry2="33" type="ECrel">
        <subtype name="compound" value="65"/>
    </relation>
    <relation entry1="145" entry2="41" type="ECrel">
        <subtype name="compound" value="65"/>
    </relation>
    <relation entry1="145" entry2="42" type="ECrel">
        <subtype name="compound" value="65"/>
    </relation>
    <relation entry1="55" entry2="32" type="ECrel">
        <subtype name="compound" value="72"/>
    </relation>
    <relation entry1="32" entry2="31" type="ECrel">
        <subtype name="compound" value="75"/>
    </relation>
    <relation entry1="57" entry2="140" type="ECrel">
        <subtype name="compound" value="73"/>
    </relation>
    <relation entry1="57" entry2="139" type="ECrel">
        <subtype name="compound" value="73"/>
    </relation>
    <relation entry1="56" entry2="140" type="ECrel">
        <subtype name="compound" value="73"/>
    </relation>
    <relation entry1="56" entry2="139" type="ECrel">
        <subtype name="compound" value="73"/>
    </relation>
    <relation entry1="139" entry2="154" type="ECrel">
        <subtype name="compound" value="99"/>
    </relation>
    <relation entry1="139" entry2="153" type="ECrel">
        <subtype name="compound" value="99"/>
    </relation>
    <relation entry1="140" entry2="154" type="ECrel">
        <subtype name="compound" value="99"/>
    </relation>
    <relation entry1="140" entry2="153" type="ECrel">
        <subtype name="compound" value="99"/>
    </relation>
    <relation entry1="139" entry2="150" type="ECrel">
        <subtype name="compound" value="99"/>
    </relation>
    <relation entry1="140" entry2="150" type="ECrel">
        <subtype name="compound" value="99"/>
    </relation>
    <relation entry1="137" entry2="141" type="ECrel">
        <subtype name="compound" value="92"/>
    </relation>
    <relation entry1="137" entry2="136" type="ECrel">
        <subtype name="compound" value="92"/>
    </relation>
    <relation entry1="57" entry2="141" type="ECrel">
        <subtype name="compound" value="92"/>
    </relation>
    <relation entry1="57" entry2="136" type="ECrel">
        <subtype name="compound" value="92"/>
    </relation>
    <relation entry1="56" entry2="141" type="ECrel">
        <subtype name="compound" value="92"/>
    </relation>
    <relation entry1="56" entry2="136" type="ECrel">
        <subtype name="compound" value="92"/>
    </relation>
    <relation entry1="138" entry2="141" type="ECrel">
        <subtype name="compound" value="92"/>
    </relation>
    <relation entry1="138" entry2="136" type="ECrel">
        <subtype name="compound" value="92"/>
    </relation>
    <relation entry1="141" entry2="136" type="ECrel">
        <subtype name="compound" value="92"/>
    </relation>
    <relation entry1="135" entry2="136" type="ECrel">
        <subtype name="compound" value="91"/>
    </relation>
    <relation entry1="141" entry2="142" type="ECrel">
        <subtype name="compound" value="115"/>
    </relation>
    <relation entry1="143" entry2="155" type="ECrel">
        <subtype name="compound" value="118"/>
    </relation>
    <relation entry1="144" entry2="145" type="ECrel">
        <subtype name="compound" value="124"/>
    </relation>
    <relation entry1="148" entry2="156" type="ECrel">
        <subtype name="compound" value="129"/>
    </relation>
    <relation entry1="146" entry2="156" type="ECrel">
        <subtype name="compound" value="129"/>
    </relation>
    <relation entry1="48" entry2="164" type="ECrel">
        <subtype name="compound" value="63"/>
    </relation>
    <relation entry1="48" entry2="162" type="ECrel">
        <subtype name="compound" value="63"/>
    </relation>
    <relation entry1="48" entry2="160" type="ECrel">
        <subtype name="compound" value="63"/>
    </relation>
    <relation entry1="48" entry2="166" type="ECrel">
        <subtype name="compound" value="63"/>
    </relation>
    <relation entry1="52" entry2="164" type="ECrel">
        <subtype name="compound" value="63"/>
    </relation>
    <relation entry1="52" entry2="162" type="ECrel">
        <subtype name="compound" value="63"/>
    </relation>
    <relation entry1="52" entry2="160" type="ECrel">
        <subtype name="compound" value="63"/>
    </relation>
    <relation entry1="52" entry2="166" type="ECrel">
        <subtype name="compound" value="63"/>
    </relation>
    <relation entry1="166" entry2="51" type="ECrel">
        <subtype name="compound" value="60"/>
    </relation>
    <relation entry1="166" entry2="29" type="maplink">
        <subtype name="compound" value="60"/>
    </relation>
    <relation entry1="166" entry2="27" type="maplink">
        <subtype name="compound" value="60"/>
    </relation>
    <relation entry1="166" entry2="47" type="ECrel">
        <subtype name="compound" value="60"/>
    </relation>
    <relation entry1="164" entry2="51" type="ECrel">
        <subtype name="compound" value="60"/>
    </relation>
    <relation entry1="164" entry2="29" type="maplink">
        <subtype name="compound" value="60"/>
    </relation>
    <relation entry1="164" entry2="27" type="maplink">
        <subtype name="compound" value="60"/>
    </relation>
    <relation entry1="164" entry2="47" type="ECrel">
        <subtype name="compound" value="60"/>
    </relation>
    <relation entry1="162" entry2="51" type="ECrel">
        <subtype name="compound" value="60"/>
    </relation>
    <relation entry1="162" entry2="29" type="maplink">
        <subtype name="compound" value="60"/>
    </relation>
    <relation entry1="162" entry2="27" type="maplink">
        <subtype name="compound" value="60"/>
    </relation>
    <relation entry1="162" entry2="47" type="ECrel">
        <subtype name="compound" value="60"/>
    </relation>
    <relation entry1="160" entry2="51" type="ECrel">
        <subtype name="compound" value="60"/>
    </relation>
    <relation entry1="160" entry2="29" type="maplink">
        <subtype name="compound" value="60"/>
    </relation>
    <relation entry1="160" entry2="27" type="maplink">
        <subtype name="compound" value="60"/>
    </relation>
    <relation entry1="160" entry2="47" type="ECrel">
        <subtype name="compound" value="60"/>
    </relation>
    <relation entry1="28" entry2="160" type="maplink">
        <subtype name="compound" value="62"/>
    </relation>
    <relation entry1="28" entry2="162" type="maplink">
        <subtype name="compound" value="62"/>
    </relation>
    <relation entry1="28" entry2="164" type="maplink">
        <subtype name="compound" value="62"/>
    </relation>
    <relation entry1="28" entry2="166" type="maplink">
        <subtype name="compound" value="62"/>
    </relation>
    <relation entry1="160" entry2="46" type="ECrel">
        <subtype name="compound" value="62"/>
    </relation>
    <relation entry1="162" entry2="46" type="ECrel">
        <subtype name="compound" value="62"/>
    </relation>
    <relation entry1="164" entry2="46" type="ECrel">
        <subtype name="compound" value="62"/>
    </relation>
    <relation entry1="166" entry2="46" type="ECrel">
        <subtype name="compound" value="62"/>
    </relation>
    <relation entry1="32" entry2="161" type="ECrel">
        <subtype name="compound" value="75"/>
    </relation>
    <relation entry1="32" entry2="163" type="ECrel">
        <subtype name="compound" value="75"/>
    </relation>
    <relation entry1="32" entry2="167" type="ECrel">
        <subtype name="compound" value="75"/>
    </relation>
    <relation entry1="32" entry2="165" type="ECrel">
        <subtype name="compound" value="75"/>
    </relation>
    <relation entry1="169" entry2="52" type="ECrel">
        <subtype name="compound" value="63"/>
    </relation>
    <relation entry1="169" entry2="48" type="ECrel">
        <subtype name="compound" value="63"/>
    </relation>
    <relation entry1="28" entry2="169" type="maplink">
        <subtype name="compound" value="62"/>
    </relation>
    <relation entry1="169" entry2="46" type="ECrel">
        <subtype name="compound" value="62"/>
    </relation>
    <relation entry1="51" entry2="169" type="ECrel">
        <subtype name="compound" value="60"/>
    </relation>
    <relation entry1="29" entry2="169" type="maplink">
        <subtype name="compound" value="60"/>
    </relation>
    <relation entry1="27" entry2="169" type="maplink">
        <subtype name="compound" value="60"/>
    </relation>
    <relation entry1="47" entry2="169" type="ECrel">
        <subtype name="compound" value="60"/>
    </relation>
    <relation entry1="32" entry2="170" type="ECrel">
        <subtype name="compound" value="75"/>
    </relation>
    <reaction id="31" name="rn:R04951" type="irreversible">
        <substrate id="75" name="cpd:C05729"/>
        <product id="77" name="cpd:C05726"/>
        <product id="76" name="cpd:C00037"/>
    </reaction>
    <reaction id="32" name="rn:R03916" type="irreversible">
        <substrate id="72" name="cpd:C02320"/>
        <product id="74" name="cpd:C00025"/>
        <product id="75" name="cpd:C05729"/>
    </reaction>
    <reaction id="33" name="rn:R00274" type="irreversible">
        <substrate id="65" name="cpd:C00051"/>
        <product id="68" name="cpd:C00127"/>
    </reaction>
    <reaction id="40" name="rn:R03167" type="irreversible">
        <substrate id="65" name="cpd:C00051"/>
        <product id="68" name="cpd:C00127"/>
    </reaction>
    <reaction id="41" name="rn:R03915 rn:R02824" type="irreversible">
        <substrate id="65" name="cpd:C00051"/>
        <product id="68" name="cpd:C00127"/>
    </reaction>
    <reaction id="42" name="rn:R03984" type="reversible">
        <substrate id="68" name="cpd:C00127"/>
        <product id="65" name="cpd:C00051"/>
    </reaction>
    <reaction id="43" name="rn:R02736" type="irreversible">
        <substrate id="70" name="cpd:C00006"/>
        <product id="69" name="cpd:C00005"/>
    </reaction>
    <reaction id="44" name="rn:R02034" type="irreversible">
        <substrate id="70" name="cpd:C00006"/>
        <product id="69" name="cpd:C00005"/>
    </reaction>
    <reaction id="45" name="rn:R00267" type="irreversible">
        <substrate id="70" name="cpd:C00006"/>
        <product id="69" name="cpd:C00005"/>
    </reaction>
    <reaction id="85" name="rn:R00115" type="irreversible">
        <substrate id="68" name="cpd:C00127"/>
        <substrate id="69" name="cpd:C00005"/>
        <product id="65" name="cpd:C00051"/>
        <product id="70" name="cpd:C00006"/>
    </reaction>
    <reaction id="46" name="rn:R00497" type="irreversible">
        <substrate id="62" name="cpd:C00037"/>
        <substrate id="66" name="cpd:C00669"/>
        <product id="65" name="cpd:C00051"/>
    </reaction>
    <reaction id="47" name="rn:R00894" type="irreversible">
        <substrate id="61" name="cpd:C00025"/>
        <substrate id="60" name="cpd:C00097"/>
        <product id="66" name="cpd:C00669"/>
    </reaction>
    <reaction id="48" name="rn:R00494" type="irreversible">
        <substrate id="65" name="cpd:C00051"/>
        <product id="61" name="cpd:C00025"/>
        <product id="63" name="cpd:C01419"/>
    </reaction>
    <reaction id="49" name="rn:R00899" type="irreversible">
        <substrate id="63" name="cpd:C01419"/>
        <product id="62" name="cpd:C00037"/>
        <product id="60" name="cpd:C00097"/>
    </reaction>
    <reaction id="50" name="rn:R00251" type="irreversible">
        <substrate id="59" name="cpd:C01879"/>
        <product id="61" name="cpd:C00025"/>
    </reaction>
    <reaction id="51" name="rn:R02743" type="irreversible">
        <substrate id="66" name="cpd:C00669"/>
        <product id="59" name="cpd:C01879"/>
        <product id="60" name="cpd:C00097"/>
    </reaction>
    <reaction id="52" name="rn:R01262" type="irreversible">
        <substrate id="65" name="cpd:C00051"/>
        <substrate id="58" name="cpd:C00151"/>
        <product id="64" name="cpd:C03740"/>
        <product id="63" name="cpd:C01419"/>
    </reaction>
    <reaction id="53" name="rn:R03749" type="irreversible">
        <substrate id="64" name="cpd:C03740"/>
        <product id="59" name="cpd:C01879"/>
        <product id="58" name="cpd:C00151"/>
    </reaction>
    <reaction id="55" name="rn:R03522" type="irreversible">
        <substrate id="71" name="cpd:C01322"/>
        <substrate id="65" name="cpd:C00051"/>
        <product id="72" name="cpd:C02320"/>
    </reaction>
    <reaction id="56" name="rn:R01917" type="irreversible">
        <substrate id="92" name="cpd:C00315"/>
        <substrate id="65" name="cpd:C00051"/>
        <product id="73" name="cpd:C05730"/>
    </reaction>
    <reaction id="57" name="rn:R01918" type="irreversible">
        <substrate id="73" name="cpd:C05730"/>
        <product id="92" name="cpd:C00315"/>
        <product id="65" name="cpd:C00051"/>
    </reaction>
    <reaction id="134" name="rn:R01528" type="irreversible">
        <substrate id="70" name="cpd:C00006"/>
        <product id="69" name="cpd:C00005"/>
    </reaction>
    <reaction id="135" name="rn:R00670" type="irreversible">
        <substrate id="90" name="cpd:C00077"/>
        <product id="91" name="cpd:C00134"/>
    </reaction>
    <reaction id="136" name="rn:R01920" type="irreversible">
        <substrate id="91" name="cpd:C00134"/>
        <product id="92" name="cpd:C00315"/>
    </reaction>
    <reaction id="137" name="rn:R01918" type="irreversible">
        <substrate id="73" name="cpd:C05730"/>
        <product id="92" name="cpd:C00315"/>
        <product id="65" name="cpd:C00051"/>
    </reaction>
    <reaction id="138" name="rn:R01917" type="irreversible">
        <substrate id="92" name="cpd:C00315"/>
        <substrate id="65" name="cpd:C00051"/>
        <product id="73" name="cpd:C05730"/>
    </reaction>
    <reaction id="139" name="rn:R08350" type="irreversible">
        <substrate id="99" name="cpd:C02090"/>
        <product id="73" name="cpd:C05730"/>
    </reaction>
    <reaction id="140" name="rn:R03822" type="irreversible">
        <substrate id="73" name="cpd:C05730"/>
        <product id="99" name="cpd:C02090"/>
    </reaction>
    <reaction id="141" name="rn:R02869" type="irreversible">
        <substrate id="92" name="cpd:C00315"/>
        <product id="115" name="cpd:C00750"/>
    </reaction>
    <reaction id="142" name="rn:R08352" type="irreversible">
        <substrate id="115" name="cpd:C00750"/>
        <substrate id="65" name="cpd:C00051"/>
        <product id="117" name="cpd:C16562"/>
    </reaction>
    <reaction id="143" name="rn:R08353" type="irreversible">
        <substrate id="117" name="cpd:C16562"/>
        <product id="118" name="cpd:C16563"/>
    </reaction>
    <reaction id="144" name="rn:R08359" type="irreversible">
        <substrate id="123" name="cpd:C01672"/>
        <product id="124" name="cpd:C16565"/>
    </reaction>
    <reaction id="145" name="rn:R08354" type="irreversible">
        <substrate id="65" name="cpd:C00051"/>
        <substrate id="124" name="cpd:C16565"/>
        <product id="125" name="cpd:C16566"/>
    </reaction>
    <reaction id="146" name="rn:R08355" type="irreversible">
        <substrate id="125" name="cpd:C16566"/>
        <product id="129" name="cpd:C16567"/>
    </reaction>
    <reaction id="148" name="rn:R08351" type="irreversible">
        <substrate id="129" name="cpd:C16567"/>
        <product id="125" name="cpd:C16566"/>
    </reaction>
    <reaction id="149" name="rn:R00644" type="irreversible">
        <substrate id="109" name="cpd:C00072"/>
        <product id="108" name="cpd:C05422"/>
    </reaction>
    <reaction id="150" name="rn:R03821" type="irreversible">
        <substrate id="106" name="cpd:C00005"/>
        <substrate id="100" name="cpd:C03170"/>
        <product id="99" name="cpd:C02090"/>
        <product id="107" name="cpd:C00006"/>
    </reaction>
    <reaction id="151" name="rn:R08363" type="irreversible">
        <substrate id="113" name="cpd:C16663"/>
        <product id="112" name="cpd:C16664"/>
    </reaction>
    <reaction id="152" name="rn:R08360" type="irreversible">
        <substrate id="113" name="cpd:C16663"/>
        <product id="112" name="cpd:C16664"/>
    </reaction>
    <reaction id="153" name="rn:R08364" type="irreversible">
        <substrate id="99" name="cpd:C02090"/>
        <product id="100" name="cpd:C03170"/>
    </reaction>
    <reaction id="154" name="rn:R08362" type="irreversible">
        <substrate id="99" name="cpd:C02090"/>
        <product id="100" name="cpd:C03170"/>
    </reaction>
    <reaction id="155" name="rn:R08356" type="irreversible">
        <substrate id="121" name="cpd:C16564"/>
        <product id="118" name="cpd:C16563"/>
    </reaction>
    <reaction id="156" name="rn:R08357" type="irreversible">
        <substrate id="130" name="cpd:C16568"/>
        <product id="129" name="cpd:C16567"/>
    </reaction>
    <reaction id="160" name="rn:R00899" type="irreversible">
        <substrate id="63" name="cpd:C01419"/>
        <product id="62" name="cpd:C00037"/>
        <product id="60" name="cpd:C00097"/>
    </reaction>
    <reaction id="161" name="rn:R04951" type="irreversible">
        <substrate id="75" name="cpd:C05729"/>
        <product id="77" name="cpd:C05726"/>
        <product id="76" name="cpd:C00037"/>
    </reaction>
    <reaction id="162" name="rn:R00899" type="irreversible">
        <substrate id="63" name="cpd:C01419"/>
        <product id="62" name="cpd:C00037"/>
        <product id="60" name="cpd:C00097"/>
    </reaction>
    <reaction id="163" name="rn:R04951" type="irreversible">
        <substrate id="75" name="cpd:C05729"/>
        <product id="77" name="cpd:C05726"/>
        <product id="76" name="cpd:C00037"/>
    </reaction>
    <reaction id="164" name="rn:R00899" type="irreversible">
        <substrate id="63" name="cpd:C01419"/>
        <product id="62" name="cpd:C00037"/>
        <product id="60" name="cpd:C00097"/>
    </reaction>
    <reaction id="165" name="rn:R04951" type="irreversible">
        <substrate id="75" name="cpd:C05729"/>
        <product id="77" name="cpd:C05726"/>
        <product id="76" name="cpd:C00037"/>
    </reaction>
    <reaction id="166" name="rn:R00899" type="irreversible">
        <substrate id="63" name="cpd:C01419"/>
        <product id="62" name="cpd:C00037"/>
        <product id="60" name="cpd:C00097"/>
    </reaction>
    <reaction id="167" name="rn:R04951" type="irreversible">
        <substrate id="75" name="cpd:C05729"/>
        <product id="77" name="cpd:C05726"/>
        <product id="76" name="cpd:C00037"/>
    </reaction>
    <reaction id="168" name="rn:R08360" type="irreversible">
        <substrate id="113" name="cpd:C16663"/>
        <product id="112" name="cpd:C16664"/>
    </reaction>
    <reaction id="169" name="rn:R00899" type="irreversible">
        <substrate id="63" name="cpd:C01419"/>
        <product id="62" name="cpd:C00037"/>
        <product id="60" name="cpd:C00097"/>
    </reaction>
    <reaction id="170" name="rn:R04951" type="irreversible">
        <substrate id="75" name="cpd:C05729"/>
        <product id="77" name="cpd:C05726"/>
        <product id="76" name="cpd:C00037"/>
    </reaction>
</pathway>
