<?xml version="1.0"?>
<!DOCTYPE pathway SYSTEM "http://www.kegg.jp/kegg/xml/KGML_v0.7.2_.dtd">
<!-- Creation date: Jul 14, 2016 15:07:52 +0900 (GMT+9) -->
<pathway name="path:ko00404" org="ko" number="00404"
         title="Staurosporine biosynthesis"
         image="http://www.kegg.jp/kegg/pathway/ko/ko00404.png"
         link="http://www.kegg.jp/kegg-bin/show_pathway?ko00404">
    <entry id="1" name="path:ko00404" type="map"
        link="http://www.kegg.jp/dbget-bin/www_bget?ko00404">
        <graphics name="TITLE:Staurosporine biosynthesis" fgcolor="#000000" bgcolor="#FFFFFF"
             type="roundrectangle" x="162" y="58" width="244" height="25"/>
    </entry>
    <entry id="10" name="cpd:C20512" type="compound"
        link="http://www.kegg.jp/dbget-bin/www_bget?C20512">
        <graphics name="C20512" fgcolor="#000000" bgcolor="#FFFFFF"
             type="circle" x="118" y="308" width="8" height="8"/>
    </entry>
    <entry id="11" name="cpd:C20513" type="compound"
        link="http://www.kegg.jp/dbget-bin/www_bget?C20513">
        <graphics name="C20513" fgcolor="#000000" bgcolor="#FFFFFF"
             type="circle" x="118" y="412" width="8" height="8"/>
    </entry>
    <entry id="12" name="cpd:C20607" type="compound"
        link="http://www.kegg.jp/dbget-bin/www_bget?C20607">
        <graphics name="C20607" fgcolor="#000000" bgcolor="#FFFFFF"
             type="circle" x="118" y="516" width="8" height="8"/>
    </entry>
    <entry id="13" name="cpd:C20604" type="compound"
        link="http://www.kegg.jp/dbget-bin/www_bget?C20604">
        <graphics name="C20604" fgcolor="#000000" bgcolor="#FFFFFF"
             type="circle" x="252" y="516" width="8" height="8"/>
    </entry>
    <entry id="14" name="cpd:C20605" type="compound"
        link="http://www.kegg.jp/dbget-bin/www_bget?C20605">
        <graphics name="C20605" fgcolor="#000000" bgcolor="#FFFFFF"
             type="circle" x="386" y="516" width="8" height="8"/>
    </entry>
    <entry id="15" name="cpd:C20630" type="compound"
        link="http://www.kegg.jp/dbget-bin/www_bget?C20630">
        <graphics name="C20630" fgcolor="#000000" bgcolor="#FFFFFF"
             type="circle" x="520" y="516" width="8" height="8"/>
    </entry>
    <entry id="16" name="cpd:C20045" type="compound"
        link="http://www.kegg.jp/dbget-bin/www_bget?C20045">
        <graphics name="C20045" fgcolor="#000000" bgcolor="#FFFFFF"
             type="circle" x="654" y="516" width="8" height="8"/>
    </entry>
    <entry id="17" name="cpd:C20564" type="compound"
        link="http://www.kegg.jp/dbget-bin/www_bget?C20564">
        <graphics name="C20564" fgcolor="#000000" bgcolor="#FFFFFF"
             type="circle" x="788" y="516" width="8" height="8"/>
    </entry>
    <entry id="18" name="ko:K17475" type="ortholog" reaction="rn:R10321"
        link="http://www.kegg.jp/dbget-bin/www_bget?K17475">
        <graphics name="K17475" fgcolor="#000000" bgcolor="#BFBFFF"
             type="rectangle" x="117" y="347" width="46" height="17"/>
    </entry>
    <entry id="19" name="ko:K18280" type="ortholog" reaction="rn:R10588"
        link="http://www.kegg.jp/dbget-bin/www_bget?K18280">
        <graphics name="K18280" fgcolor="#000000" bgcolor="#BFBFFF"
             type="rectangle" x="118" y="465" width="46" height="17"/>
    </entry>
    <entry id="20" name="ko:K17827" type="ortholog" reaction="rn:R10416"
        link="http://www.kegg.jp/dbget-bin/www_bget?K17827">
        <graphics name="K17827" fgcolor="#000000" bgcolor="#BFBFFF"
             type="rectangle" x="175" y="516" width="46" height="17"/>
    </entry>
    <entry id="21" name="ko:K17826" type="ortholog" reaction="rn:R10414"
        link="http://www.kegg.jp/dbget-bin/www_bget?K17826">
        <graphics name="K17826" fgcolor="#000000" bgcolor="#BFBFFF"
             type="rectangle" x="312" y="516" width="46" height="17"/>
    </entry>
    <entry id="22" name="ko:K14134" type="ortholog" reaction="rn:R10457"
        link="http://www.kegg.jp/dbget-bin/www_bget?K14134">
        <graphics name="K14134" fgcolor="#000000" bgcolor="#BFBFFF"
             type="rectangle" x="445" y="516" width="46" height="17"/>
    </entry>
    <entry id="23" name="ko:K17825" type="ortholog" reaction="rn:R10445"
        link="http://www.kegg.jp/dbget-bin/www_bget?K17825">
        <graphics name="K17825" fgcolor="#000000" bgcolor="#BFBFFF"
             type="rectangle" x="581" y="516" width="46" height="17"/>
    </entry>
    <entry id="24" name="ko:K18279" type="ortholog" reaction="rn:R10341"
        link="http://www.kegg.jp/dbget-bin/www_bget?K18279">
        <graphics name="K18279" fgcolor="#000000" bgcolor="#BFBFFF"
             type="rectangle" x="718" y="516" width="46" height="17"/>
    </entry>
    <entry id="27" name="cpd:C00148" type="compound"
        link="http://www.kegg.jp/dbget-bin/www_bget?C00148">
        <graphics name="C00148" fgcolor="#000000" bgcolor="#FFFFFF"
             type="circle" x="211" y="232" width="8" height="8"/>
    </entry>
    <entry id="28" name="cpd:C20563" type="compound"
        link="http://www.kegg.jp/dbget-bin/www_bget?C20563">
        <graphics name="C20563" fgcolor="#000000" bgcolor="#FFFFFF"
             type="circle" x="118" y="204" width="8" height="8"/>
    </entry>
    <entry id="29" name="ko:K18281" type="ortholog" reaction="rn:R10661"
        link="http://www.kegg.jp/dbget-bin/www_bget?K18281">
        <graphics name="K18281" fgcolor="#000000" bgcolor="#BFBFFF"
             type="rectangle" x="175" y="204" width="46" height="17"/>
    </entry>
    <entry id="30" name="ko:K14132" type="ortholog" reaction="rn:R10340"
        link="http://www.kegg.jp/dbget-bin/www_bget?K14132">
        <graphics name="K14132" fgcolor="#000000" bgcolor="#BFBFFF"
             type="rectangle" x="119" y="253" width="46" height="17"/>
    </entry>
    <entry id="37" name="cpd:C00078" type="compound"
        link="http://www.kegg.jp/dbget-bin/www_bget?C00078">
        <graphics name="C00078" fgcolor="#000000" bgcolor="#FFFFFF"
             type="circle" x="232" y="204" width="8" height="8"/>
    </entry>
    <entry id="43" name="cpd:C21124" type="compound"
        link="http://www.kegg.jp/dbget-bin/www_bget?C21124">
        <graphics name="C21124" fgcolor="#000000" bgcolor="#FFFFFF"
             type="circle" x="363" y="204" width="8" height="8"/>
    </entry>
    <entry id="44" name="cpd:C21125" type="compound"
        link="http://www.kegg.jp/dbget-bin/www_bget?C21125">
        <graphics name="C21125" fgcolor="#000000" bgcolor="#FFFFFF"
             type="circle" x="474" y="204" width="8" height="8"/>
    </entry>
    <entry id="45" name="cpd:C21126" type="compound"
        link="http://www.kegg.jp/dbget-bin/www_bget?C21126">
        <graphics name="C21126" fgcolor="#000000" bgcolor="#FFFFFF"
             type="circle" x="603" y="204" width="8" height="8"/>
    </entry>
    <entry id="46" name="cpd:C21127" type="compound"
        link="http://www.kegg.jp/dbget-bin/www_bget?C21127">
        <graphics name="C21127" fgcolor="#000000" bgcolor="#FFFFFF"
             type="circle" x="727" y="204" width="8" height="8"/>
    </entry>
    <entry id="47" name="cpd:C21128" type="compound"
        link="http://www.kegg.jp/dbget-bin/www_bget?C21128">
        <graphics name="C21128" fgcolor="#000000" bgcolor="#FFFFFF"
             type="circle" x="818" y="204" width="8" height="8"/>
    </entry>
    <entry id="48" name="cpd:C07349" type="compound"
        link="http://www.kegg.jp/dbget-bin/www_bget?C07349">
        <graphics name="C07349" fgcolor="#000000" bgcolor="#FFFFFF"
             type="circle" x="909" y="204" width="8" height="8"/>
    </entry>
    <entry id="49" name="cpd:C02079" type="compound"
        link="http://www.kegg.jp/dbget-bin/www_bget?C02079">
        <graphics name="C02079" fgcolor="#000000" bgcolor="#FFFFFF"
             type="circle" x="999" y="204" width="8" height="8"/>
    </entry>
    <entry id="50" name="ko:K20075 ko:K20086" type="ortholog" reaction="rn:R11119"
        link="http://www.kegg.jp/dbget-bin/www_bget?K20075+K20086">
        <graphics name="K20075..." fgcolor="#000000" bgcolor="#BFBFFF"
             type="rectangle" x="291" y="204" width="46" height="17"/>
    </entry>
    <entry id="51" name="ko:K20076" type="ortholog" reaction="rn:R11120"
        link="http://www.kegg.jp/dbget-bin/www_bget?K20076">
        <graphics name="K20076" fgcolor="#000000" bgcolor="#BFBFFF"
             type="rectangle" x="412" y="204" width="46" height="17"/>
    </entry>
    <entry id="52" name="ko:K20079" type="ortholog" reaction="rn:R11122"
        link="http://www.kegg.jp/dbget-bin/www_bget?K20079">
        <graphics name="K20079" fgcolor="#000000" bgcolor="#BFBFFF"
             type="rectangle" x="675" y="204" width="46" height="17"/>
    </entry>
    <entry id="53" name="ko:K20080" type="ortholog" reaction="rn:R11123"
        link="http://www.kegg.jp/dbget-bin/www_bget?K20080">
        <graphics name="K20080" fgcolor="#000000" bgcolor="#BFBFFF"
             type="rectangle" x="770" y="204" width="46" height="17"/>
    </entry>
    <entry id="54" name="ko:K20081" type="ortholog" reaction="rn:R11129"
        link="http://www.kegg.jp/dbget-bin/www_bget?K20081">
        <graphics name="K20081" fgcolor="#000000" bgcolor="#BFBFFF"
             type="rectangle" x="857" y="204" width="46" height="17"/>
    </entry>
    <entry id="55" name="ko:K20082" type="ortholog" reaction="rn:R05757"
        link="http://www.kegg.jp/dbget-bin/www_bget?K20082">
        <graphics name="K20082" fgcolor="#000000" bgcolor="#BFBFFF"
             type="rectangle" x="951" y="204" width="46" height="17"/>
    </entry>
    <entry id="57" name="ko:K20077 ko:K20078" type="ortholog" reaction="rn:R11121"
        link="http://www.kegg.jp/dbget-bin/www_bget?K20077+K20078">
        <graphics name="K20077..." fgcolor="#000000" bgcolor="#BFBFFF"
             type="rectangle" x="541" y="196" width="46" height="17"/>
    </entry>
    <entry id="58" name="ko:K14266" type="ortholog" reaction="rn:R09570"
        link="http://www.kegg.jp/dbget-bin/www_bget?K14266">
        <graphics name="K14266" fgcolor="#000000" bgcolor="#BFBFFF"
             type="rectangle" x="231" y="283" width="46" height="17"/>
    </entry>
    <entry id="60" name="cpd:C21110" type="compound"
        link="http://www.kegg.jp/dbget-bin/www_bget?C21110">
        <graphics name="C21110" fgcolor="#000000" bgcolor="#FFFFFF"
             type="circle" x="232" y="444" width="8" height="8"/>
    </entry>
    <entry id="61" name="ko:K19981" type="ortholog" reaction="rn:R11105"
        link="http://www.kegg.jp/dbget-bin/www_bget?K19981">
        <graphics name="K19981" fgcolor="#000000" bgcolor="#BFBFFF"
             type="rectangle" x="233" y="401" width="46" height="17"/>
    </entry>
    <entry id="63" name="cpd:C21109" type="compound"
        link="http://www.kegg.jp/dbget-bin/www_bget?C21109">
        <graphics name="C21109" fgcolor="#000000" bgcolor="#FFFFFF"
             type="circle" x="388" y="444" width="8" height="8"/>
    </entry>
    <entry id="65" name="cpd:C12491" type="compound"
        link="http://www.kegg.jp/dbget-bin/www_bget?C12491">
        <graphics name="C12491" fgcolor="#000000" bgcolor="#FFFFFF"
             type="circle" x="544" y="444" width="8" height="8"/>
    </entry>
    <entry id="66" name="ko:K14257" type="ortholog" reaction="rn:R11106"
        link="http://www.kegg.jp/dbget-bin/www_bget?K14257">
        <graphics name="K14257" fgcolor="#000000" bgcolor="#BFBFFF"
             type="rectangle" x="301" y="444" width="46" height="17"/>
    </entry>
    <entry id="67" name="ko:K19982" type="ortholog" reaction="rn:R11107"
        link="http://www.kegg.jp/dbget-bin/www_bget?K19982">
        <graphics name="K19982" fgcolor="#000000" bgcolor="#BFBFFF"
             type="rectangle" x="462" y="444" width="46" height="17"/>
    </entry>
    <entry id="73" name="cpd:C19687" type="compound"
        link="http://www.kegg.jp/dbget-bin/www_bget?C19687">
        <graphics name="C19687" fgcolor="#000000" bgcolor="#FFFFFF"
             type="circle" x="232" y="364" width="8" height="8"/>
    </entry>
    <entry id="74" name="cpd:C19688" type="compound"
        link="http://www.kegg.jp/dbget-bin/www_bget?C19688">
        <graphics name="C19688" fgcolor="#000000" bgcolor="#FFFFFF"
             type="circle" x="363" y="364" width="8" height="8"/>
    </entry>
    <entry id="75" name="cpd:C19698" type="compound"
        link="http://www.kegg.jp/dbget-bin/www_bget?C19698">
        <graphics name="C19698" fgcolor="#000000" bgcolor="#FFFFFF"
             type="circle" x="475" y="364" width="8" height="8"/>
    </entry>
    <entry id="76" name="cpd:C19699" type="compound"
        link="http://www.kegg.jp/dbget-bin/www_bget?C19699">
        <graphics name="C19699" fgcolor="#000000" bgcolor="#FFFFFF"
             type="circle" x="603" y="364" width="8" height="8"/>
    </entry>
    <entry id="77" name="cpd:C19700" type="compound"
        link="http://www.kegg.jp/dbget-bin/www_bget?C19700">
        <graphics name="C19700" fgcolor="#000000" bgcolor="#FFFFFF"
             type="circle" x="727" y="364" width="8" height="8"/>
    </entry>
    <entry id="78" name="ko:K19884" type="ortholog" reaction="rn:R09560"
        link="http://www.kegg.jp/dbget-bin/www_bget?K19884">
        <graphics name="K19884" fgcolor="#000000" bgcolor="#BFBFFF"
             type="rectangle" x="291" y="364" width="46" height="17"/>
    </entry>
    <entry id="79" name="ko:K19885" type="ortholog" reaction="rn:R09566"
        link="http://www.kegg.jp/dbget-bin/www_bget?K19885">
        <graphics name="K19885" fgcolor="#000000" bgcolor="#BFBFFF"
             type="rectangle" x="412" y="364" width="46" height="17"/>
    </entry>
    <entry id="80" name="ko:K19886 ko:K19887" type="ortholog" reaction="rn:R09567"
        link="http://www.kegg.jp/dbget-bin/www_bget?K19886+K19887">
        <graphics name="K19886..." fgcolor="#000000" bgcolor="#BFBFFF"
             type="rectangle" x="537" y="364" width="46" height="17"/>
    </entry>
    <entry id="81" name="ko:K19888" type="ortholog" reaction="rn:R09568"
        link="http://www.kegg.jp/dbget-bin/www_bget?K19888">
        <graphics name="K19888" fgcolor="#000000" bgcolor="#BFBFFF"
             type="rectangle" x="675" y="364" width="46" height="17"/>
    </entry>
    <entry id="82" name="cpd:C19701" type="compound"
        link="http://www.kegg.jp/dbget-bin/www_bget?C19701">
        <graphics name="C19701" fgcolor="#000000" bgcolor="#FFFFFF"
             type="circle" x="999" y="364" width="8" height="8"/>
    </entry>
    <entry id="83" name="ko:K19889" type="ortholog" reaction="rn:R09569"
        link="http://www.kegg.jp/dbget-bin/www_bget?K19889">
        <graphics name="K19889" fgcolor="#000000" bgcolor="#BFBFFF"
             type="rectangle" x="856" y="364" width="46" height="17"/>
    </entry>
    <entry id="84" name="path:ko00400" type="map"
        link="http://www.kegg.jp/dbget-bin/www_bget?ko00400">
        <graphics name="Phenylalanine, tyrosine and tryptophan biosynthesis" fgcolor="#000000" bgcolor="#FFFFFF"
             type="roundrectangle" x="233" y="117" width="157" height="34"/>
    </entry>
    <entry id="85" name="cpd:C21131" type="compound"
        link="http://www.kegg.jp/dbget-bin/www_bget?C21131">
        <graphics name="C21131" fgcolor="#000000" bgcolor="#FFFFFF"
             type="circle" x="363" y="265" width="8" height="8"/>
    </entry>
    <entry id="86" name="cpd:C21134" type="compound"
        link="http://www.kegg.jp/dbget-bin/www_bget?C21134">
        <graphics name="C21134" fgcolor="#000000" bgcolor="#FFFFFF"
             type="circle" x="363" y="326" width="8" height="8"/>
    </entry>
    <entry id="87" name="cpd:C21135" type="compound"
        link="http://www.kegg.jp/dbget-bin/www_bget?C21135">
        <graphics name="C21135" fgcolor="#000000" bgcolor="#FFFFFF"
             type="circle" x="504" y="326" width="8" height="8"/>
    </entry>
    <entry id="88" name="cpd:C21132" type="compound"
        link="http://www.kegg.jp/dbget-bin/www_bget?C21132">
        <graphics name="C21132" fgcolor="#000000" bgcolor="#FFFFFF"
             type="circle" x="504" y="265" width="8" height="8"/>
    </entry>
    <entry id="89" name="ko:K20087 ko:K20088" type="ortholog" reaction="rn:R11131"
        link="http://www.kegg.jp/dbget-bin/www_bget?K20087+K20088">
        <graphics name="K20087..." fgcolor="#000000" bgcolor="#BFBFFF"
             type="rectangle" x="363" y="232" width="46" height="17"/>
    </entry>
    <entry id="90" name="ko:K20090" type="ortholog" reaction="rn:R11135"
        link="http://www.kegg.jp/dbget-bin/www_bget?K20090">
        <graphics name="K20090" fgcolor="#000000" bgcolor="#BFBFFF"
             type="rectangle" x="433" y="326" width="46" height="17"/>
    </entry>
    <entry id="93" name="ko:K20090" type="ortholog" reaction="rn:R11132"
        link="http://www.kegg.jp/dbget-bin/www_bget?K20090">
        <graphics name="K20090" fgcolor="#000000" bgcolor="#BFBFFF"
             type="rectangle" x="433" y="265" width="46" height="17"/>
    </entry>
    <entry id="94" name="ko:K20089" type="ortholog" reaction="rn:R11134 rn:R11158"
        link="http://www.kegg.jp/dbget-bin/www_bget?K20089">
        <graphics name="K20089" fgcolor="#000000" bgcolor="#BFBFFF"
             type="rectangle" x="363" y="293" width="46" height="17"/>
    </entry>
    <entry id="95" name="cpd:C21136" type="compound"
        link="http://www.kegg.jp/dbget-bin/www_bget?C21136">
        <graphics name="C21136" fgcolor="#000000" bgcolor="#FFFFFF"
             type="circle" x="625" y="326" width="8" height="8"/>
    </entry>
    <entry id="97" name="cpd:C21133" type="compound"
        link="http://www.kegg.jp/dbget-bin/www_bget?C21133">
        <graphics name="C21133" fgcolor="#000000" bgcolor="#FFFFFF"
             type="circle" x="625" y="265" width="8" height="8"/>
    </entry>
    <entry id="98" name="cpd:C18092" type="compound"
        link="http://www.kegg.jp/dbget-bin/www_bget?C18092">
        <graphics name="C18092" fgcolor="#000000" bgcolor="#FFFFFF"
             type="circle" x="636" y="156" width="8" height="8"/>
    </entry>
    <entry id="99" name="cpd:C12318" type="compound"
        link="http://www.kegg.jp/dbget-bin/www_bget?C12318">
        <graphics name="C12318" fgcolor="#000000" bgcolor="#FFFFFF"
             type="circle" x="417" y="156" width="8" height="8"/>
    </entry>
    <entry id="100" name="path:ko00523" type="map"
        link="http://www.kegg.jp/dbget-bin/www_bget?ko00523">
        <graphics name="Polyketide sugar unit biosynthesis" fgcolor="#000000" bgcolor="#FFFFFF"
             type="roundrectangle" x="318" y="156" width="100" height="34"/>
    </entry>
    <entry id="103" name="ko:K16438" type="ortholog" reaction="rn:R11138"
        link="http://www.kegg.jp/dbget-bin/www_bget?K16438">
        <graphics name="K16438" fgcolor="#000000" bgcolor="#BFBFFF"
             type="rectangle" x="467" y="157" width="46" height="17"/>
    </entry>
    <entry id="104" name="ko:K20085" type="ortholog" reaction="rn:R11139"
        link="http://www.kegg.jp/dbget-bin/www_bget?K20085">
        <graphics name="K20085" fgcolor="#000000" bgcolor="#BFBFFF"
             type="rectangle" x="579" y="156" width="46" height="17"/>
    </entry>
    <entry id="105" name="cpd:C21137" type="compound"
        link="http://www.kegg.jp/dbget-bin/www_bget?C21137">
        <graphics name="C21137" fgcolor="#000000" bgcolor="#FFFFFF"
             type="circle" x="530" y="155" width="8" height="8"/>
    </entry>
    <entry id="106" name="ko:K20077 ko:K20078" type="ortholog" reaction="rn:R11121"
        link="http://www.kegg.jp/dbget-bin/www_bget?K20077+K20078">
        <graphics name="K20077..." fgcolor="#000000" bgcolor="#BFBFFF"
             type="rectangle" x="541" y="213" width="46" height="17"/>
    </entry>
    <relation entry1="50" entry2="58" type="ECrel">
        <subtype name="compound" value="37"/>
    </relation>
    <relation entry1="50" entry2="29" type="ECrel">
        <subtype name="compound" value="37"/>
    </relation>
    <relation entry1="58" entry2="29" type="ECrel">
        <subtype name="compound" value="37"/>
    </relation>
    <relation entry1="50" entry2="89" type="ECrel">
        <subtype name="compound" value="43"/>
    </relation>
    <relation entry1="50" entry2="51" type="ECrel">
        <subtype name="compound" value="43"/>
    </relation>
    <relation entry1="89" entry2="51" type="ECrel">
        <subtype name="compound" value="43"/>
    </relation>
    <relation entry1="51" entry2="57" type="ECrel">
        <subtype name="compound" value="44"/>
    </relation>
    <relation entry1="57" entry2="52" type="ECrel">
        <subtype name="compound" value="45"/>
    </relation>
    <relation entry1="52" entry2="53" type="ECrel">
        <subtype name="compound" value="46"/>
    </relation>
    <relation entry1="53" entry2="54" type="ECrel">
        <subtype name="compound" value="47"/>
    </relation>
    <relation entry1="54" entry2="55" type="ECrel">
        <subtype name="compound" value="48"/>
    </relation>
    <relation entry1="104" entry2="52" type="ECrel">
        <subtype name="compound" value="98"/>
    </relation>
    <relation entry1="103" entry2="104" type="ECrel">
        <subtype name="compound" value="105"/>
    </relation>
    <relation entry1="84" entry2="50" type="maplink">
        <subtype name="compound" value="37"/>
    </relation>
    <relation entry1="84" entry2="58" type="maplink">
        <subtype name="compound" value="37"/>
    </relation>
    <relation entry1="84" entry2="29" type="maplink">
        <subtype name="compound" value="37"/>
    </relation>
    <relation entry1="58" entry2="78" type="ECrel">
        <subtype name="compound" value="73"/>
    </relation>
    <relation entry1="58" entry2="61" type="ECrel">
        <subtype name="compound" value="73"/>
    </relation>
    <relation entry1="78" entry2="61" type="ECrel">
        <subtype name="compound" value="73"/>
    </relation>
    <relation entry1="78" entry2="79" type="ECrel">
        <subtype name="compound" value="74"/>
    </relation>
    <relation entry1="79" entry2="80" type="ECrel">
        <subtype name="compound" value="75"/>
    </relation>
    <relation entry1="80" entry2="81" type="ECrel">
        <subtype name="compound" value="76"/>
    </relation>
    <relation entry1="81" entry2="83" type="ECrel">
        <subtype name="compound" value="77"/>
    </relation>
    <relation entry1="89" entry2="93" type="ECrel">
        <subtype name="compound" value="85"/>
    </relation>
    <relation entry1="89" entry2="94" type="ECrel">
        <subtype name="compound" value="85"/>
    </relation>
    <relation entry1="93" entry2="94" type="ECrel">
        <subtype name="compound" value="85"/>
    </relation>
    <relation entry1="94" entry2="90" type="ECrel">
        <subtype name="compound" value="86"/>
    </relation>
    <relation entry1="29" entry2="30" type="ECrel">
        <subtype name="compound" value="28"/>
    </relation>
    <relation entry1="30" entry2="18" type="ECrel">
        <subtype name="compound" value="10"/>
    </relation>
    <relation entry1="18" entry2="19" type="ECrel">
        <subtype name="compound" value="11"/>
    </relation>
    <relation entry1="19" entry2="20" type="ECrel">
        <subtype name="compound" value="12"/>
    </relation>
    <relation entry1="20" entry2="21" type="ECrel">
        <subtype name="compound" value="13"/>
    </relation>
    <relation entry1="21" entry2="22" type="ECrel">
        <subtype name="compound" value="14"/>
    </relation>
    <relation entry1="22" entry2="23" type="ECrel">
        <subtype name="compound" value="15"/>
    </relation>
    <relation entry1="23" entry2="24" type="ECrel">
        <subtype name="compound" value="16"/>
    </relation>
    <relation entry1="61" entry2="66" type="ECrel">
        <subtype name="compound" value="60"/>
    </relation>
    <relation entry1="66" entry2="67" type="ECrel">
        <subtype name="compound" value="63"/>
    </relation>
    <relation entry1="103" entry2="100" type="maplink">
        <subtype name="compound" value="99"/>
    </relation>
    <relation entry1="106" entry2="51" type="ECrel">
        <subtype name="compound" value="44"/>
    </relation>
    <relation entry1="106" entry2="52" type="ECrel">
        <subtype name="compound" value="45"/>
    </relation>
    <reaction id="104" name="rn:R11139" type="irreversible">
        <substrate id="105" name="cpd:C21137"/>
        <product id="98" name="cpd:C18092"/>
    </reaction>
    <reaction id="103" name="rn:R11138" type="irreversible">
        <substrate id="99" name="cpd:C12318"/>
        <product id="105" name="cpd:C21137"/>
    </reaction>
    <reaction id="94" name="rn:R11134 rn:R11158" type="irreversible">
        <substrate id="85" name="cpd:C21131"/>
        <product id="86" name="cpd:C21134"/>
    </reaction>
    <reaction id="93" name="rn:R11132" type="irreversible">
        <substrate id="85" name="cpd:C21131"/>
        <product id="88" name="cpd:C21132"/>
    </reaction>
    <reaction id="90" name="rn:R11135" type="irreversible">
        <substrate id="86" name="cpd:C21134"/>
        <product id="87" name="cpd:C21135"/>
    </reaction>
    <reaction id="89" name="rn:R11131" type="irreversible">
        <substrate id="43" name="cpd:C21124"/>
        <product id="85" name="cpd:C21131"/>
    </reaction>
    <reaction id="83" name="rn:R09569" type="irreversible">
        <substrate id="77" name="cpd:C19700"/>
        <product id="82" name="cpd:C19701"/>
    </reaction>
    <reaction id="81" name="rn:R09568" type="irreversible">
        <substrate id="76" name="cpd:C19699"/>
        <product id="77" name="cpd:C19700"/>
    </reaction>
    <reaction id="80" name="rn:R09567" type="irreversible">
        <substrate id="75" name="cpd:C19698"/>
        <product id="76" name="cpd:C19699"/>
    </reaction>
    <reaction id="79" name="rn:R09566" type="irreversible">
        <substrate id="74" name="cpd:C19688"/>
        <product id="75" name="cpd:C19698"/>
    </reaction>
    <reaction id="78" name="rn:R09560" type="irreversible">
        <substrate id="73" name="cpd:C19687"/>
        <product id="74" name="cpd:C19688"/>
    </reaction>
    <reaction id="67" name="rn:R11107" type="irreversible">
        <substrate id="63" name="cpd:C21109"/>
        <product id="65" name="cpd:C12491"/>
    </reaction>
    <reaction id="66" name="rn:R11106" type="irreversible">
        <substrate id="60" name="cpd:C21110"/>
        <product id="63" name="cpd:C21109"/>
    </reaction>
    <reaction id="61" name="rn:R11105" type="irreversible">
        <substrate id="73" name="cpd:C19687"/>
        <product id="60" name="cpd:C21110"/>
    </reaction>
    <reaction id="58" name="rn:R09570" type="irreversible">
        <substrate id="37" name="cpd:C00078"/>
        <product id="73" name="cpd:C19687"/>
    </reaction>
    <reaction id="57" name="rn:R11121" type="irreversible">
        <substrate id="44" name="cpd:C21125"/>
        <product id="45" name="cpd:C21126"/>
    </reaction>
    <reaction id="55" name="rn:R05757" type="irreversible">
        <substrate id="48" name="cpd:C07349"/>
        <product id="49" name="cpd:C02079"/>
    </reaction>
    <reaction id="54" name="rn:R11129" type="irreversible">
        <substrate id="47" name="cpd:C21128"/>
        <product id="48" name="cpd:C07349"/>
    </reaction>
    <reaction id="53" name="rn:R11123" type="irreversible">
        <substrate id="46" name="cpd:C21127"/>
        <product id="47" name="cpd:C21128"/>
    </reaction>
    <reaction id="52" name="rn:R11122" type="irreversible">
        <substrate id="45" name="cpd:C21126"/>
        <substrate id="98" name="cpd:C18092"/>
        <product id="46" name="cpd:C21127"/>
    </reaction>
    <reaction id="51" name="rn:R11120" type="irreversible">
        <substrate id="43" name="cpd:C21124"/>
        <product id="44" name="cpd:C21125"/>
    </reaction>
    <reaction id="50" name="rn:R11119" type="irreversible">
        <substrate id="37" name="cpd:C00078"/>
        <product id="43" name="cpd:C21124"/>
    </reaction>
    <reaction id="30" name="rn:R10340" type="irreversible">
        <substrate id="28" name="cpd:C20563"/>
        <product id="10" name="cpd:C20512"/>
    </reaction>
    <reaction id="29" name="rn:R10661" type="irreversible">
        <substrate id="37" name="cpd:C00078"/>
        <substrate id="27" name="cpd:C00148"/>
        <product id="28" name="cpd:C20563"/>
    </reaction>
    <reaction id="24" name="rn:R10341" type="irreversible">
        <substrate id="16" name="cpd:C20045"/>
        <product id="17" name="cpd:C20564"/>
    </reaction>
    <reaction id="23" name="rn:R10445" type="irreversible">
        <substrate id="15" name="cpd:C20630"/>
        <product id="16" name="cpd:C20045"/>
    </reaction>
    <reaction id="22" name="rn:R10457" type="irreversible">
        <substrate id="14" name="cpd:C20605"/>
        <product id="15" name="cpd:C20630"/>
    </reaction>
    <reaction id="21" name="rn:R10414" type="irreversible">
        <substrate id="13" name="cpd:C20604"/>
        <product id="14" name="cpd:C20605"/>
    </reaction>
    <reaction id="20" name="rn:R10416" type="irreversible">
        <substrate id="12" name="cpd:C20607"/>
        <product id="13" name="cpd:C20604"/>
    </reaction>
    <reaction id="19" name="rn:R10588" type="irreversible">
        <substrate id="11" name="cpd:C20513"/>
        <product id="12" name="cpd:C20607"/>
    </reaction>
    <reaction id="18" name="rn:R10321" type="irreversible">
        <substrate id="10" name="cpd:C20512"/>
        <product id="11" name="cpd:C20513"/>
    </reaction>
    <reaction id="106" name="rn:R11121" type="irreversible">
        <substrate id="44" name="cpd:C21125"/>
        <product id="45" name="cpd:C21126"/>
    </reaction>
</pathway>
