<?xml version="1.0"?>
<!DOCTYPE pathway SYSTEM "http://www.kegg.jp/kegg/xml/KGML_v0.7.2_.dtd">
<!-- Creation date: Mar 10, 2016 12:14:10 +0900 (GMT+9) -->
<pathway name="path:ko00790" org="ko" number="00790"
         title="Folate biosynthesis"
         image="http://www.kegg.jp/kegg/pathway/ko/ko00790.png"
         link="http://www.kegg.jp/kegg-bin/show_pathway?ko00790">
    <entry id="4" name="cpd:C11355" type="compound"
        link="http://www.kegg.jp/dbget-bin/www_bget?C11355">
        <graphics name="C11355" fgcolor="#000000" bgcolor="#FFFFFF"
             type="circle" x="345" y="460" width="8" height="8"/>
    </entry>
    <entry id="5" name="cpd:C00251" type="compound"
        link="http://www.kegg.jp/dbget-bin/www_bget?C00251">
        <graphics name="C00251" fgcolor="#000000" bgcolor="#FFFFFF"
             type="circle" x="345" y="522" width="8" height="8"/>
    </entry>
    <entry id="6" name="path:ko00790" type="map"
        link="http://www.kegg.jp/dbget-bin/www_bget?ko00790">
        <graphics name="TITLE:Folate biosynthesis" fgcolor="#000000" bgcolor="#FFFFFF"
             type="roundrectangle" x="134" y="58" width="187" height="25"/>
    </entry>
    <entry id="7" name="path:ko00670" type="map"
        link="http://www.kegg.jp/dbget-bin/www_bget?ko00670">
        <graphics name="One carbon pool by folate" fgcolor="#000000" bgcolor="#FFFFFF"
             type="roundrectangle" x="647" y="552" width="98" height="34"/>
    </entry>
    <entry id="8" name="path:ko00400" type="map"
        link="http://www.kegg.jp/dbget-bin/www_bget?ko00400">
        <graphics name="Phenylalanine, tyrosine and tryptophan biosynthesis" fgcolor="#000000" bgcolor="#FFFFFF"
             type="roundrectangle" x="347" y="580" width="93" height="34"/>
    </entry>
    <entry id="9" name="path:ko00230" type="map"
        link="http://www.kegg.jp/dbget-bin/www_bget?ko00230">
        <graphics name="Purine metabolism" fgcolor="#000000" bgcolor="#FFFFFF"
             type="roundrectangle" x="64" y="272" width="75" height="34"/>
    </entry>
    <entry id="10" name="cpd:C00044" type="compound"
        link="http://www.kegg.jp/dbget-bin/www_bget?C00044">
        <graphics name="C00044" fgcolor="#000000" bgcolor="#FFFFFF"
             type="circle" x="138" y="272" width="8" height="8"/>
    </entry>
    <entry id="11" name="cpd:C04895" type="compound"
        link="http://www.kegg.jp/dbget-bin/www_bget?C04895">
        <graphics name="C04895" fgcolor="#000000" bgcolor="#FFFFFF"
             type="circle" x="499" y="136" width="8" height="8"/>
    </entry>
    <entry id="12" name="cpd:C03684" type="compound"
        link="http://www.kegg.jp/dbget-bin/www_bget?C03684">
        <graphics name="C03684" fgcolor="#000000" bgcolor="#FFFFFF"
             type="circle" x="383" y="181" width="8" height="8"/>
    </entry>
    <entry id="13" name="cpd:C00266" type="compound"
        link="http://www.kegg.jp/dbget-bin/www_bget?C00266">
        <graphics name="C00266" fgcolor="#000000" bgcolor="#FFFFFF"
             type="circle" x="206" y="258" width="8" height="8"/>
    </entry>
    <entry id="14" name="cpd:C04244" type="compound"
        link="http://www.kegg.jp/dbget-bin/www_bget?C04244">
        <graphics name="C04244" fgcolor="#000000" bgcolor="#FFFFFF"
             type="circle" x="383" y="241" width="8" height="8"/>
    </entry>
    <entry id="15" name="cpd:C00272" type="compound"
        link="http://www.kegg.jp/dbget-bin/www_bget?C00272">
        <graphics name="C00272" fgcolor="#000000" bgcolor="#FFFFFF"
             type="circle" x="383" y="310" width="8" height="8"/>
    </entry>
    <entry id="16" name="cpd:C00268" type="compound"
        link="http://www.kegg.jp/dbget-bin/www_bget?C00268">
        <graphics name="C00268" fgcolor="#000000" bgcolor="#FFFFFF"
             type="circle" x="383" y="374" width="8" height="8"/>
    </entry>
    <entry id="17" name="cpd:C04874" type="compound"
        link="http://www.kegg.jp/dbget-bin/www_bget?C04874">
        <graphics name="C04874" fgcolor="#000000" bgcolor="#FFFFFF"
             type="circle" x="501" y="234" width="8" height="8"/>
    </entry>
    <entry id="18" name="cpd:C00266" type="compound"
        link="http://www.kegg.jp/dbget-bin/www_bget?C00266">
        <graphics name="C00266" fgcolor="#000000" bgcolor="#FFFFFF"
             type="circle" x="580" y="276" width="8" height="8"/>
    </entry>
    <entry id="19" name="cpd:C01300" type="compound"
        link="http://www.kegg.jp/dbget-bin/www_bget?C01300">
        <graphics name="C01300" fgcolor="#000000" bgcolor="#FFFFFF"
             type="circle" x="501" y="303" width="8" height="8"/>
    </entry>
    <entry id="20" name="cpd:C04807" type="compound"
        link="http://www.kegg.jp/dbget-bin/www_bget?C04807">
        <graphics name="C04807" fgcolor="#000000" bgcolor="#FFFFFF"
             type="circle" x="501" y="380" width="8" height="8"/>
    </entry>
    <entry id="21" name="cpd:C00921" type="compound"
        link="http://www.kegg.jp/dbget-bin/www_bget?C00921">
        <graphics name="C00921" fgcolor="#000000" bgcolor="#FFFFFF"
             type="circle" x="497" y="473" width="8" height="8"/>
    </entry>
    <entry id="22" name="cpd:C00568" type="compound"
        link="http://www.kegg.jp/dbget-bin/www_bget?C00568">
        <graphics name="C00568" fgcolor="#000000" bgcolor="#FFFFFF"
             type="circle" x="345" y="397" width="8" height="8"/>
    </entry>
    <entry id="23" name="cpd:C00415" type="compound"
        link="http://www.kegg.jp/dbget-bin/www_bget?C00415">
        <graphics name="C00415" fgcolor="#000000" bgcolor="#FFFFFF"
             type="circle" x="497" y="552" width="8" height="8"/>
    </entry>
    <entry id="24" name="cpd:C00504" type="compound"
        link="http://www.kegg.jp/dbget-bin/www_bget?C00504">
        <graphics name="C00504" fgcolor="#000000" bgcolor="#FFFFFF"
             type="circle" x="405" y="552" width="8" height="8"/>
    </entry>
    <entry id="25" name="cpd:C00101" type="compound"
        link="http://www.kegg.jp/dbget-bin/www_bget?C00101">
        <graphics name="C00101" fgcolor="#000000" bgcolor="#FFFFFF"
             type="circle" x="497" y="639" width="8" height="8"/>
    </entry>
    <entry id="26" name="cpd:C09332" type="compound"
        link="http://www.kegg.jp/dbget-bin/www_bget?C09332">
        <graphics name="C09332" fgcolor="#000000" bgcolor="#FFFFFF"
             type="circle" x="497" y="725" width="8" height="8"/>
    </entry>
    <entry id="27" name="cpd:C03541" type="compound"
        link="http://www.kegg.jp/dbget-bin/www_bget?C03541">
        <graphics name="C03541" fgcolor="#000000" bgcolor="#FFFFFF"
             type="circle" x="497" y="812" width="8" height="8"/>
    </entry>
    <entry id="28" name="cpd:C05927" type="compound"
        link="http://www.kegg.jp/dbget-bin/www_bget?C05927">
        <graphics name="C05927" fgcolor="#000000" bgcolor="#FFFFFF"
             type="circle" x="267" y="428" width="8" height="8"/>
    </entry>
    <entry id="29" name="cpd:C05926" type="compound"
        link="http://www.kegg.jp/dbget-bin/www_bget?C05926">
        <graphics name="C05926" fgcolor="#000000" bgcolor="#FFFFFF"
             type="circle" x="580" y="236" width="8" height="8"/>
    </entry>
    <entry id="30" name="cpd:C05925" type="compound"
        link="http://www.kegg.jp/dbget-bin/www_bget?C05925">
        <graphics name="C05925" fgcolor="#000000" bgcolor="#FFFFFF"
             type="circle" x="554" y="187" width="8" height="8"/>
    </entry>
    <entry id="31" name="cpd:C05924" type="compound"
        link="http://www.kegg.jp/dbget-bin/www_bget?C05924">
        <graphics name="C05924" fgcolor="#000000" bgcolor="#FFFFFF"
             type="circle" x="138" y="408" width="8" height="8"/>
    </entry>
    <entry id="32" name="cpd:C05923" type="compound"
        link="http://www.kegg.jp/dbget-bin/www_bget?C05923">
        <graphics name="C05923" fgcolor="#000000" bgcolor="#FFFFFF"
             type="circle" x="138" y="136" width="8" height="8"/>
    </entry>
    <entry id="33" name="cpd:C05922" type="compound"
        link="http://www.kegg.jp/dbget-bin/www_bget?C05922">
        <graphics name="C05922" fgcolor="#000000" bgcolor="#FFFFFF"
             type="circle" x="138" y="204" width="8" height="8"/>
    </entry>
    <entry id="34" name="cpd:C01217" type="compound"
        link="http://www.kegg.jp/dbget-bin/www_bget?C01217">
        <graphics name="C01217" fgcolor="#000000" bgcolor="#FFFFFF"
             type="circle" x="267" y="516" width="8" height="8"/>
    </entry>
    <entry id="35" name="cpd:C06148" type="compound"
        link="http://www.kegg.jp/dbget-bin/www_bget?C06148">
        <graphics name="C06148" fgcolor="#000000" bgcolor="#FFFFFF"
             type="circle" x="267" y="136" width="8" height="8"/>
    </entry>
    <entry id="36" name="cpd:C06149" type="compound"
        link="http://www.kegg.jp/dbget-bin/www_bget?C06149">
        <graphics name="C06149" fgcolor="#000000" bgcolor="#FFFFFF"
             type="circle" x="267" y="211" width="8" height="8"/>
    </entry>
    <entry id="66" name="ko:K13950 ko:K01664 ko:K01665 ko:K03342" type="ortholog" reaction="rn:R01716"
        link="http://www.kegg.jp/dbget-bin/www_bget?K13950+K01664+K01665+K03342">
        <graphics name="K13950..." fgcolor="#000000" bgcolor="#BFBFFF"
             type="rectangle" x="345" y="495" width="46" height="17"/>
    </entry>
    <entry id="67" name="ko:K00072" type="ortholog" reaction="rn:R04285"
        link="http://www.kegg.jp/dbget-bin/www_bget?K00072">
        <graphics name="K00072" fgcolor="#000000" bgcolor="#BFBFFF"
             type="rectangle" x="358" y="208" width="46" height="17"/>
    </entry>
    <entry id="68" name="ko:K02619 ko:K18482 ko:K03342" type="ortholog" reaction="rn:R05553"
        link="http://www.kegg.jp/dbget-bin/www_bget?K02619+K18482+K03342">
        <graphics name="K02619..." fgcolor="#000000" bgcolor="#BFBFFF"
             type="rectangle" x="345" y="435" width="46" height="17"/>
    </entry>
    <entry id="69" name="ko:K01930 ko:K11754" type="ortholog" reaction="rn:R04241"
        link="http://www.kegg.jp/dbget-bin/www_bget?K01930+K11754">
        <graphics name="K01930..." fgcolor="#000000" bgcolor="#BFBFFF"
             type="rectangle" x="497" y="771" width="46" height="17"/>
    </entry>
    <entry id="70" name="ko:K01930 ko:K11754" type="ortholog" reaction="rn:R00942"
        link="http://www.kegg.jp/dbget-bin/www_bget?K01930+K11754">
        <graphics name="K01930..." fgcolor="#000000" bgcolor="#BFBFFF"
             type="rectangle" x="497" y="685" width="46" height="17"/>
    </entry>
    <entry id="71" name="ko:K00287 ko:K18589 ko:K19643 ko:K18590 ko:K19644 ko:K19645 ko:K18591 ko:K13998 ko:K13938" type="ortholog" reaction="rn:R00936 rn:R00939"
        link="http://www.kegg.jp/dbget-bin/www_bget?K00287+K18589+K19643+K18590+K19644+K19645+K18591+K13998+K13938">
        <graphics name="K00287..." fgcolor="#000000" bgcolor="#BFBFFF"
             type="rectangle" x="497" y="598" width="46" height="17"/>
    </entry>
    <entry id="72" name="ko:K00287 ko:K18589 ko:K19643 ko:K18590 ko:K19644 ko:K18591 ko:K13998" type="ortholog" reaction="rn:R02235 rn:R02236"
        link="http://www.kegg.jp/dbget-bin/www_bget?K00287+K18589+K19643+K18590+K19644+K18591+K13998">
        <graphics name="K00287..." fgcolor="#000000" bgcolor="#BFBFFF"
             type="rectangle" x="451" y="553" width="46" height="17"/>
    </entry>
    <entry id="73" name="ko:K11754 ko:K20457" type="ortholog" reaction="rn:R02237"
        link="http://www.kegg.jp/dbget-bin/www_bget?K11754+K20457">
        <graphics name="K11754..." fgcolor="#000000" bgcolor="#BFBFFF"
             type="rectangle" x="522" y="506" width="46" height="17"/>
    </entry>
    <entry id="74" name="ko:K13939 ko:K00796 ko:K13941 ko:K18974 ko:K18824 ko:K18825" type="ortholog" reaction="rn:R03067"
        link="http://www.kegg.jp/dbget-bin/www_bget?K13939+K00796+K13941+K18974+K18824+K18825">
        <graphics name="K13939..." fgcolor="#000000" bgcolor="#BFBFFF"
             type="rectangle" x="522" y="430" width="46" height="17"/>
    </entry>
    <entry id="75" name="ko:K13939 ko:K00796 ko:K13941 ko:K18974 ko:K18824 ko:K18825" type="ortholog" reaction="rn:R03066"
        link="http://www.kegg.jp/dbget-bin/www_bget?K13939+K00796+K13941+K18974+K18824+K18825">
        <graphics name="K13939..." fgcolor="#000000" bgcolor="#BFBFFF"
             type="rectangle" x="474" y="430" width="46" height="17"/>
    </entry>
    <entry id="76" name="ko:K13939 ko:K13940 ko:K00950 ko:K13941" type="ortholog" reaction="rn:R03503"
        link="http://www.kegg.jp/dbget-bin/www_bget?K13939+K13940+K00950+K13941">
        <graphics name="K13939..." fgcolor="#000000" bgcolor="#BFBFFF"
             type="rectangle" x="502" y="340" width="46" height="17"/>
    </entry>
    <entry id="77" name="ko:K13939 ko:K13940 ko:K01633" type="ortholog" reaction="rn:R03504"
        link="http://www.kegg.jp/dbget-bin/www_bget?K13939+K13940+K01633">
        <graphics name="K13939..." fgcolor="#000000" bgcolor="#BFBFFF"
             type="rectangle" x="502" y="259" width="46" height="17"/>
    </entry>
    <entry id="79" name="ko:K08310 ko:K19965" type="ortholog" reaction="rn:R04638"
        link="http://www.kegg.jp/dbget-bin/www_bget?K08310+K19965">
        <graphics name="K08310..." fgcolor="#000000" bgcolor="#BFBFFF"
             type="rectangle" x="554" y="156" width="46" height="17"/>
    </entry>
    <entry id="80" name="ko:K00357" type="ortholog" reaction="rn:R01793 rn:R01794"
        link="http://www.kegg.jp/dbget-bin/www_bget?K00357">
        <graphics name="K00357" fgcolor="#000000" bgcolor="#BFBFFF"
             type="rectangle" x="384" y="343" width="46" height="17"/>
    </entry>
    <entry id="81" name="ko:K00072" type="ortholog" reaction="rn:R01813"
        link="http://www.kegg.jp/dbget-bin/www_bget?K00072">
        <graphics name="K00072" fgcolor="#000000" bgcolor="#BFBFFF"
             type="rectangle" x="384" y="274" width="46" height="17"/>
    </entry>
    <entry id="82" name="ko:K04071" type="ortholog" reaction="rn:R04285"
        link="http://www.kegg.jp/dbget-bin/www_bget?K04071">
        <graphics name="K04071" fgcolor="#000000" bgcolor="#BFBFFF"
             type="rectangle" x="408" y="208" width="46" height="17"/>
    </entry>
    <entry id="83" name="ko:K01495 ko:K09007" type="ortholog" reaction="rn:R04639"
        link="http://www.kegg.jp/dbget-bin/www_bget?K01495+K09007">
        <graphics name="K01495..." fgcolor="#000000" bgcolor="#BFBFFF"
             type="rectangle" x="387" y="137" width="46" height="17"/>
    </entry>
    <entry id="84" name="ko:K01495 ko:K09007" type="ortholog" reaction="rn:R05048"
        link="http://www.kegg.jp/dbget-bin/www_bget?K01495+K09007">
        <graphics name="K01495..." fgcolor="#000000" bgcolor="#BFBFFF"
             type="rectangle" x="208" y="137" width="46" height="17"/>
    </entry>
    <entry id="85" name="ko:K01495 ko:K09007" type="ortholog" reaction="rn:R05046"
        link="http://www.kegg.jp/dbget-bin/www_bget?K01495+K09007">
        <graphics name="K01495..." fgcolor="#000000" bgcolor="#BFBFFF"
             type="rectangle" x="138" y="175" width="46" height="17"/>
    </entry>
    <entry id="86" name="ko:K01495 ko:K09007" type="ortholog" reaction="rn:R00428"
        link="http://www.kegg.jp/dbget-bin/www_bget?K01495+K09007">
        <graphics name="K01495..." fgcolor="#000000" bgcolor="#BFBFFF"
             type="rectangle" x="138" y="244" width="46" height="17"/>
    </entry>
    <entry id="87" name="ko:K00287 ko:K18589 ko:K19643 ko:K18590 ko:K19644 ko:K18591 ko:K13998" type="ortholog" reaction="rn:R00937 rn:R00940"
        link="http://www.kegg.jp/dbget-bin/www_bget?K00287+K18589+K19643+K18590+K19644+K18591+K13998">
        <graphics name="K00287..." fgcolor="#000000" bgcolor="#BFBFFF"
             type="rectangle" x="451" y="640" width="46" height="17"/>
    </entry>
    <entry id="88" name="ko:K01930 ko:K11754" type="ortholog" reaction="rn:R02237"
        link="http://www.kegg.jp/dbget-bin/www_bget?K01930+K11754">
        <graphics name="K01930..." fgcolor="#000000" bgcolor="#BFBFFF"
             type="rectangle" x="472" y="506" width="46" height="17"/>
    </entry>
    <entry id="89" name="ko:K01307" type="ortholog" reaction="rn:R04242"
        link="http://www.kegg.jp/dbget-bin/www_bget?K01307">
        <graphics name="K01307" fgcolor="#000000" bgcolor="#BFBFFF"
             type="rectangle" x="555" y="721" width="46" height="17"/>
    </entry>
    <entry id="90" name="ko:K01077 ko:K01113" type="ortholog" reaction="rn:R04620"
        link="http://www.kegg.jp/dbget-bin/www_bget?K01077+K01113">
        <graphics name="K01077..." fgcolor="#000000" bgcolor="#BFBFFF"
             type="rectangle" x="501" y="196" width="46" height="17"/>
    </entry>
    <entry id="91" name="ko:K01737" type="ortholog" reaction="rn:R04286"
        link="http://www.kegg.jp/dbget-bin/www_bget?K01737">
        <graphics name="K01737" fgcolor="#000000" bgcolor="#BFBFFF"
             type="rectangle" x="444" y="181" width="46" height="17"/>
    </entry>
    <entry id="95" name="path:ko00680" type="map"
        link="http://www.kegg.jp/dbget-bin/www_bget?ko00680">
        <graphics name="Methane metabolism" fgcolor="#000000" bgcolor="#FFFFFF"
             type="roundrectangle" x="148" y="516" width="85" height="34"/>
    </entry>
    <entry id="97" name="cpd:C18239" type="compound"
        link="http://www.kegg.jp/dbget-bin/www_bget?C18239">
        <graphics name="C18239" fgcolor="#000000" bgcolor="#FFFFFF"
             type="circle" x="138" y="340" width="8" height="8"/>
    </entry>
    <entry id="99" name="ko:K03639 ko:K03637" type="ortholog" reaction="rn:R09394"
        link="http://www.kegg.jp/dbget-bin/www_bget?K03639+K03637">
        <graphics name="K03639..." fgcolor="#000000" bgcolor="#BFBFFF"
             type="rectangle" x="139" y="303" width="46" height="17"/>
    </entry>
    <entry id="100" name="ko:K03635 ko:K03636" type="ortholog" reaction="rn:R09395"
        link="http://www.kegg.jp/dbget-bin/www_bget?K03635+K03636">
        <graphics name="K03635..." fgcolor="#000000" bgcolor="#BFBFFF"
             type="rectangle" x="139" y="371" width="46" height="17"/>
    </entry>
    <entry id="102" name="ko:K01737" type="ortholog" reaction="rn:R09959"
        link="http://www.kegg.jp/dbget-bin/www_bget?K01737">
        <graphics name="K01737" fgcolor="#000000" bgcolor="#BFBFFF"
             type="rectangle" x="615" y="137" width="46" height="17"/>
    </entry>
    <entry id="103" name="cpd:C20239" type="compound"
        link="http://www.kegg.jp/dbget-bin/www_bget?C20239">
        <graphics name="C20239" fgcolor="#000000" bgcolor="#FFFFFF"
             type="circle" x="670" y="176" width="8" height="8"/>
    </entry>
    <entry id="105" name="cpd:C20248" type="compound"
        link="http://www.kegg.jp/dbget-bin/www_bget?C20248">
        <graphics name="C20248" fgcolor="#000000" bgcolor="#FFFFFF"
             type="circle" x="670" y="246" width="8" height="8"/>
    </entry>
    <entry id="106" name="cpd:C15996" type="compound"
        link="http://www.kegg.jp/dbget-bin/www_bget?C15996">
        <graphics name="C15996" fgcolor="#000000" bgcolor="#FFFFFF"
             type="circle" x="670" y="316" width="8" height="8"/>
    </entry>
    <entry id="107" name="cpd:C16675" type="compound"
        link="http://www.kegg.jp/dbget-bin/www_bget?C16675">
        <graphics name="C16675" fgcolor="#000000" bgcolor="#FFFFFF"
             type="circle" x="670" y="386" width="8" height="8"/>
    </entry>
    <entry id="108" name="ko:K10026" type="ortholog" reaction="rn:R10002"
        link="http://www.kegg.jp/dbget-bin/www_bget?K10026">
        <graphics name="K10026" fgcolor="#000000" bgcolor="#BFBFFF"
             type="rectangle" x="671" y="206" width="46" height="17"/>
    </entry>
    <entry id="109" name="ko:K06920" type="ortholog" reaction="rn:R09978"
        link="http://www.kegg.jp/dbget-bin/www_bget?K06920">
        <graphics name="K06920" fgcolor="#000000" bgcolor="#BFBFFF"
             type="rectangle" x="671" y="276" width="46" height="17"/>
    </entry>
    <entry id="110" name="ko:K06879 ko:K09457" type="ortholog" reaction="rn:R07605"
        link="http://www.kegg.jp/dbget-bin/www_bget?K06879+K09457">
        <graphics name="K06879..." fgcolor="#000000" bgcolor="#BFBFFF"
             type="rectangle" x="671" y="347" width="46" height="17"/>
    </entry>
    <entry id="111" name="ko:K17364" type="ortholog" reaction="rn:R03388"
        link="http://www.kegg.jp/dbget-bin/www_bget?K17364">
        <graphics name="K17364" fgcolor="#000000" bgcolor="#BFBFFF"
             type="rectangle" x="242" y="468" width="46" height="17"/>
    </entry>
    <entry id="113" name="cpd:C18802" type="compound"
        link="http://www.kegg.jp/dbget-bin/www_bget?C18802">
        <graphics name="C18802" fgcolor="#000000" bgcolor="#FFFFFF"
             type="circle" x="267" y="595" width="8" height="8"/>
    </entry>
    <entry id="114" name="ko:K15740" type="ortholog" reaction="rn:R09594"
        link="http://www.kegg.jp/dbget-bin/www_bget?K15740">
        <graphics name="K15740" fgcolor="#000000" bgcolor="#BFBFFF"
             type="rectangle" x="267" y="551" width="46" height="17"/>
    </entry>
    <entry id="116" name="cpd:C02587" type="compound"
        link="http://www.kegg.jp/dbget-bin/www_bget?C02587">
        <graphics name="C02587" fgcolor="#000000" bgcolor="#FFFFFF"
             type="circle" x="306" y="239" width="8" height="8"/>
    </entry>
    <entry id="117" name="ko:K00310" type="ortholog" reaction="rn:R03984"
        link="http://www.kegg.jp/dbget-bin/www_bget?K00310">
        <graphics name="K00310" fgcolor="#000000" bgcolor="#BFBFFF"
             type="rectangle" x="306" y="208" width="46" height="17"/>
    </entry>
    <entry id="118" name="ko:K18853" type="ortholog" reaction="rn:R10802"
        link="http://www.kegg.jp/dbget-bin/www_bget?K18853">
        <graphics name="K18853" fgcolor="#000000" bgcolor="#BFBFFF"
             type="rectangle" x="292" y="468" width="46" height="17"/>
    </entry>
    <relation entry1="83" entry2="91" type="ECrel">
        <subtype name="compound" value="11"/>
    </relation>
    <relation entry1="83" entry2="90" type="ECrel">
        <subtype name="compound" value="11"/>
    </relation>
    <relation entry1="79" entry2="83" type="ECrel">
        <subtype name="compound" value="11"/>
    </relation>
    <relation entry1="90" entry2="91" type="ECrel">
        <subtype name="compound" value="11"/>
    </relation>
    <relation entry1="79" entry2="91" type="ECrel">
        <subtype name="compound" value="11"/>
    </relation>
    <relation entry1="79" entry2="90" type="ECrel">
        <subtype name="compound" value="11"/>
    </relation>
    <relation entry1="77" entry2="90" type="ECrel">
        <subtype name="compound" value="17"/>
    </relation>
    <relation entry1="76" entry2="77" type="ECrel">
        <subtype name="compound" value="19"/>
    </relation>
    <relation entry1="75" entry2="77" type="ECrel">
        <subtype name="compound" value="19"/>
    </relation>
    <relation entry1="75" entry2="76" type="ECrel">
        <subtype name="compound" value="19"/>
    </relation>
    <relation entry1="74" entry2="76" type="ECrel">
        <subtype name="compound" value="20"/>
    </relation>
    <relation entry1="75" entry2="88" type="ECrel">
        <subtype name="compound" value="21"/>
    </relation>
    <relation entry1="73" entry2="75" type="ECrel">
        <subtype name="compound" value="21"/>
    </relation>
    <relation entry1="74" entry2="88" type="ECrel">
        <subtype name="compound" value="21"/>
    </relation>
    <relation entry1="73" entry2="74" type="ECrel">
        <subtype name="compound" value="21"/>
    </relation>
    <relation entry1="72" entry2="88" type="ECrel">
        <subtype name="compound" value="23"/>
    </relation>
    <relation entry1="71" entry2="88" type="ECrel">
        <subtype name="compound" value="23"/>
    </relation>
    <relation entry1="72" entry2="73" type="ECrel">
        <subtype name="compound" value="23"/>
    </relation>
    <relation entry1="71" entry2="73" type="ECrel">
        <subtype name="compound" value="23"/>
    </relation>
    <relation entry1="70" entry2="87" type="ECrel">
        <subtype name="compound" value="25"/>
    </relation>
    <relation entry1="87" entry2="89" type="ECrel">
        <subtype name="compound" value="25"/>
    </relation>
    <relation entry1="70" entry2="71" type="ECrel">
        <subtype name="compound" value="25"/>
    </relation>
    <relation entry1="71" entry2="89" type="ECrel">
        <subtype name="compound" value="25"/>
    </relation>
    <relation entry1="70" entry2="89" type="ECrel">
        <subtype name="compound" value="25"/>
    </relation>
    <relation entry1="69" entry2="89" type="ECrel">
        <subtype name="compound" value="27"/>
    </relation>
    <relation entry1="82" entry2="91" type="ECrel">
        <subtype name="compound" value="12"/>
    </relation>
    <relation entry1="81" entry2="82" type="ECrel">
        <subtype name="compound" value="14"/>
    </relation>
    <relation entry1="86" entry2="9" type="maplink">
        <subtype name="compound" value="10"/>
    </relation>
    <relation entry1="88" entry2="7" type="maplink">
        <subtype name="compound" value="23"/>
    </relation>
    <relation entry1="73" entry2="7" type="maplink">
        <subtype name="compound" value="23"/>
    </relation>
    <relation entry1="72" entry2="7" type="maplink">
        <subtype name="compound" value="23"/>
    </relation>
    <relation entry1="71" entry2="7" type="maplink">
        <subtype name="compound" value="23"/>
    </relation>
    <relation entry1="81" entry2="80" type="ECrel">
        <subtype name="compound" value="15"/>
    </relation>
    <relation entry1="66" entry2="8" type="maplink">
        <subtype name="compound" value="5"/>
    </relation>
    <relation entry1="66" entry2="68" type="ECrel">
        <subtype name="compound" value="4"/>
    </relation>
    <relation entry1="68" entry2="75" type="ECrel">
        <subtype name="compound" value="22"/>
    </relation>
    <relation entry1="68" entry2="74" type="ECrel">
        <subtype name="compound" value="22"/>
    </relation>
    <relation entry1="86" entry2="99" type="ECrel">
        <subtype name="compound" value="10"/>
    </relation>
    <relation entry1="9" entry2="99" type="maplink">
        <subtype name="compound" value="10"/>
    </relation>
    <relation entry1="99" entry2="100" type="ECrel">
        <subtype name="compound" value="97"/>
    </relation>
    <relation entry1="83" entry2="102" type="ECrel">
        <subtype name="compound" value="11"/>
    </relation>
    <relation entry1="91" entry2="102" type="ECrel">
        <subtype name="compound" value="11"/>
    </relation>
    <relation entry1="90" entry2="102" type="ECrel">
        <subtype name="compound" value="11"/>
    </relation>
    <relation entry1="79" entry2="102" type="ECrel">
        <subtype name="compound" value="11"/>
    </relation>
    <relation entry1="102" entry2="108" type="ECrel">
        <subtype name="compound" value="103"/>
    </relation>
    <relation entry1="108" entry2="109" type="ECrel">
        <subtype name="compound" value="105"/>
    </relation>
    <relation entry1="109" entry2="110" type="ECrel">
        <subtype name="compound" value="106"/>
    </relation>
    <relation entry1="95" entry2="111" type="maplink">
        <subtype name="compound" value="34"/>
    </relation>
    <relation entry1="111" entry2="114" type="ECrel">
        <subtype name="compound" value="34"/>
    </relation>
    <relation entry1="95" entry2="114" type="maplink">
        <subtype name="compound" value="34"/>
    </relation>
    <relation entry1="117" entry2="67" type="ECrel">
        <subtype name="compound" value="12"/>
    </relation>
    <relation entry1="117" entry2="82" type="ECrel">
        <subtype name="compound" value="12"/>
    </relation>
    <relation entry1="117" entry2="91" type="ECrel">
        <subtype name="compound" value="12"/>
    </relation>
    <relation entry1="67" entry2="91" type="ECrel">
        <subtype name="compound" value="12"/>
    </relation>
    <relation entry1="67" entry2="81" type="ECrel">
        <subtype name="compound" value="14"/>
    </relation>
    <relation entry1="118" entry2="114" type="ECrel">
        <subtype name="compound" value="34"/>
    </relation>
    <relation entry1="118" entry2="95" type="maplink">
        <subtype name="compound" value="34"/>
    </relation>
    <reaction id="66" name="rn:R01716" type="irreversible">
        <substrate id="5" name="cpd:C00251"/>
        <product id="4" name="cpd:C11355"/>
    </reaction>
    <reaction id="67" name="rn:R04285" type="irreversible">
        <substrate id="12" name="cpd:C03684"/>
        <product id="14" name="cpd:C04244"/>
    </reaction>
    <reaction id="68" name="rn:R05553" type="irreversible">
        <substrate id="4" name="cpd:C11355"/>
        <product id="22" name="cpd:C00568"/>
    </reaction>
    <reaction id="69" name="rn:R04241" type="reversible">
        <substrate id="26" name="cpd:C03541"/>
        <product id="27" name="cpd:C03541"/>
    </reaction>
    <reaction id="70" name="rn:R00942" type="reversible">
        <substrate id="25" name="cpd:C00101"/>
        <product id="26" name="cpd:C09332"/>
    </reaction>
    <reaction id="71" name="rn:R00936 rn:R00939" type="reversible">
        <substrate id="25" name="cpd:C00101"/>
        <product id="23" name="cpd:C00415"/>
    </reaction>
    <reaction id="72" name="rn:R02235 rn:R02236" type="reversible">
        <substrate id="23" name="cpd:C00415"/>
        <product id="24" name="cpd:C00504"/>
    </reaction>
    <reaction id="73" name="rn:R02237" type="irreversible">
        <substrate id="21" name="cpd:C00921"/>
        <product id="23" name="cpd:C00415"/>
    </reaction>
    <reaction id="74" name="rn:R03067" type="irreversible">
        <substrate id="22" name="cpd:C00568"/>
        <substrate id="20" name="cpd:C04807"/>
        <product id="21" name="cpd:C00921"/>
    </reaction>
    <reaction id="75" name="rn:R03066" type="irreversible">
        <substrate id="19" name="cpd:C01300"/>
        <substrate id="22" name="cpd:C00568"/>
        <product id="21" name="cpd:C00921"/>
    </reaction>
    <reaction id="76" name="rn:R03503" type="irreversible">
        <substrate id="19" name="cpd:C01300"/>
        <product id="20" name="cpd:C04807"/>
    </reaction>
    <reaction id="77" name="rn:R03504" type="irreversible">
        <substrate id="17" name="cpd:C04874"/>
        <product id="19" name="cpd:C01300"/>
        <product id="18" name="cpd:C00266"/>
    </reaction>
    <reaction id="79" name="rn:R04638" type="irreversible">
        <substrate id="11" name="cpd:C04895"/>
        <product id="30" name="cpd:C05925"/>
    </reaction>
    <reaction id="80" name="rn:R01793 rn:R01794" type="reversible">
        <substrate id="16" name="cpd:C00268"/>
        <product id="15" name="cpd:C00272"/>
    </reaction>
    <reaction id="81" name="rn:R01813" type="irreversible">
        <substrate id="14" name="cpd:C04244"/>
        <product id="15" name="cpd:C00272"/>
    </reaction>
    <reaction id="82" name="rn:R04285" type="irreversible">
        <substrate id="12" name="cpd:C03684"/>
        <product id="14" name="cpd:C04244"/>
    </reaction>
    <reaction id="83" name="rn:R04639" type="irreversible">
        <substrate id="35" name="cpd:C06148"/>
        <product id="11" name="cpd:C04895"/>
    </reaction>
    <reaction id="84" name="rn:R05048" type="irreversible">
        <substrate id="32" name="cpd:C05923"/>
        <product id="35" name="cpd:C06148"/>
    </reaction>
    <reaction id="85" name="rn:R05046" type="irreversible">
        <substrate id="33" name="cpd:C05922"/>
        <product id="32" name="cpd:C05923"/>
    </reaction>
    <reaction id="86" name="rn:R00428" type="irreversible">
        <substrate id="10" name="cpd:C00044"/>
        <product id="33" name="cpd:C05922"/>
    </reaction>
    <reaction id="87" name="rn:R00937 rn:R00940" type="irreversible">
        <substrate id="24" name="cpd:C00504"/>
        <product id="25" name="cpd:C00101"/>
    </reaction>
    <reaction id="88" name="rn:R02237" type="irreversible">
        <substrate id="21" name="cpd:C00921"/>
        <product id="23" name="cpd:C00415"/>
    </reaction>
    <reaction id="89" name="rn:R04242" type="irreversible">
        <substrate id="27" name="cpd:C03541"/>
        <product id="25" name="cpd:C00101"/>
    </reaction>
    <reaction id="90" name="rn:R04620" type="irreversible">
        <substrate id="11" name="cpd:C04895"/>
        <product id="17" name="cpd:C04874"/>
    </reaction>
    <reaction id="91" name="rn:R04286" type="irreversible">
        <substrate id="11" name="cpd:C04895"/>
        <product id="12" name="cpd:C03684"/>
    </reaction>
    <reaction id="99" name="rn:R09394" type="irreversible">
        <substrate id="10" name="cpd:C00044"/>
        <product id="97" name="cpd:C18239"/>
    </reaction>
    <reaction id="100" name="rn:R09395" type="irreversible">
        <substrate id="97" name="cpd:C18239"/>
        <product id="31" name="cpd:C05924"/>
    </reaction>
    <reaction id="102" name="rn:R09959" type="irreversible">
        <substrate id="11" name="cpd:C04895"/>
        <product id="103" name="cpd:C20239"/>
    </reaction>
    <reaction id="108" name="rn:R10002" type="irreversible">
        <substrate id="103" name="cpd:C20239"/>
        <product id="105" name="cpd:C20248"/>
    </reaction>
    <reaction id="109" name="rn:R09978" type="irreversible">
        <substrate id="105" name="cpd:C20248"/>
        <product id="106" name="cpd:C15996"/>
    </reaction>
    <reaction id="110" name="rn:R07605" type="irreversible">
        <substrate id="106" name="cpd:C15996"/>
        <product id="107" name="cpd:C16675"/>
    </reaction>
    <reaction id="111" name="rn:R03388" type="irreversible">
        <substrate id="28" name="cpd:C05927"/>
        <product id="34" name="cpd:C01217"/>
    </reaction>
    <reaction id="114" name="rn:R09594" type="irreversible">
        <substrate id="34" name="cpd:C01217"/>
        <product id="113" name="cpd:C18802"/>
    </reaction>
    <reaction id="117" name="rn:R03984" type="irreversible">
        <substrate id="12" name="cpd:C03684"/>
        <product id="116" name="cpd:C02587"/>
    </reaction>
    <reaction id="118" name="rn:R10802" type="irreversible">
        <substrate id="28" name="cpd:C05927"/>
        <product id="34" name="cpd:C01217"/>
    </reaction>
</pathway>
