<?xml version="1.0"?>
<!DOCTYPE pathway SYSTEM "http://www.kegg.jp/kegg/xml/KGML_v0.7.2_.dtd">
<!-- Creation date: Sep 29, 2016 14:15:33 +0900 (GMT+9) -->
<pathway name="path:ko00523" org="ko" number="00523"
         title="Polyketide sugar unit biosynthesis"
         image="http://www.kegg.jp/kegg/pathway/ko/ko00523.png"
         link="http://www.kegg.jp/kegg-bin/show_pathway?ko00523">
    <entry id="2" name="cpd:C07277" type="compound"
        link="http://www.kegg.jp/dbget-bin/www_bget?C07277">
        <graphics name="C07277" fgcolor="#000000" bgcolor="#FFFFFF"
             type="circle" x="477" y="184" width="8" height="8"/>
    </entry>
    <entry id="3" name="path:ko00522" type="map"
        link="http://www.kegg.jp/dbget-bin/www_bget?ko00522">
        <graphics name="Biosynthesis of 12-, 14- and 16-membered macrolides" fgcolor="#000000" bgcolor="#FFFFFF"
             type="roundrectangle" x="614" y="684" width="157" height="34"/>
    </entry>
    <entry id="4" name="cpd:C00103" type="compound"
        link="http://www.kegg.jp/dbget-bin/www_bget?C00103">
        <graphics name="C00103" fgcolor="#000000" bgcolor="#FFFFFF"
             type="circle" x="754" y="117" width="8" height="8"/>
    </entry>
    <entry id="5" name="cpd:C11911" type="compound"
        link="http://www.kegg.jp/dbget-bin/www_bget?C11911">
        <graphics name="C11911" fgcolor="#000000" bgcolor="#FFFFFF"
             type="circle" x="384" y="523" width="8" height="8"/>
    </entry>
    <entry id="6" name="cpd:C00688" type="compound"
        link="http://www.kegg.jp/dbget-bin/www_bget?C00688">
        <graphics name="C00688" fgcolor="#000000" bgcolor="#FFFFFF"
             type="circle" x="754" y="388" width="8" height="8"/>
    </entry>
    <entry id="7" name="path:ko00520" type="map"
        link="http://www.kegg.jp/dbget-bin/www_bget?ko00520">
        <graphics name="Amino sugar and nucleotide sugar metabolism" fgcolor="#000000" bgcolor="#FFFFFF"
             type="roundrectangle" x="539" y="117" width="160" height="34"/>
    </entry>
    <entry id="8" name="path:ko00523" type="map"
        link="http://www.kegg.jp/dbget-bin/www_bget?ko00523">
        <graphics name="TITLE:Polyketide sugar unit biosynthesis" fgcolor="#000000" bgcolor="#FFFFFF"
             type="roundrectangle" x="192" y="58" width="304" height="25"/>
    </entry>
    <entry id="9" name="cpd:C11908" type="compound"
        link="http://www.kegg.jp/dbget-bin/www_bget?C11908">
        <graphics name="C11908" fgcolor="#000000" bgcolor="#FFFFFF"
             type="circle" x="254" y="388" width="8" height="8"/>
    </entry>
    <entry id="10" name="cpd:C11925" type="compound"
        link="http://www.kegg.jp/dbget-bin/www_bget?C11925">
        <graphics name="C11925" fgcolor="#000000" bgcolor="#FFFFFF"
             type="circle" x="254" y="456" width="8" height="8"/>
    </entry>
    <entry id="11" name="cpd:C11918" type="compound"
        link="http://www.kegg.jp/dbget-bin/www_bget?C11918">
        <graphics name="C11918" fgcolor="#000000" bgcolor="#FFFFFF"
             type="circle" x="1125" y="178" width="8" height="8"/>
    </entry>
    <entry id="12" name="cpd:C11933" type="compound"
        link="http://www.kegg.jp/dbget-bin/www_bget?C11933">
        <graphics name="C11933" fgcolor="#000000" bgcolor="#FFFFFF"
             type="circle" x="254" y="523" width="8" height="8"/>
    </entry>
    <entry id="13" name="cpd:C00842" type="compound"
        link="http://www.kegg.jp/dbget-bin/www_bget?C00842">
        <graphics name="C00842" fgcolor="#000000" bgcolor="#FFFFFF"
             type="circle" x="754" y="184" width="8" height="8"/>
    </entry>
    <entry id="22" name="ko:K16435" type="ortholog" reaction="rn:R05518"
        link="http://www.kegg.jp/dbget-bin/www_bget?K16435">
        <graphics name="K16435" fgcolor="#000000" bgcolor="#BFBFFF"
             type="rectangle" x="859" y="250" width="46" height="17"/>
    </entry>
    <entry id="24" name="ko:K13306" type="ortholog" reaction="rn:R05687"
        link="http://www.kegg.jp/dbget-bin/www_bget?K13306">
        <graphics name="K13306" fgcolor="#000000" bgcolor="#BFBFFF"
             type="rectangle" x="478" y="218" width="46" height="17"/>
    </entry>
    <entry id="25" name="ko:K01710" type="ortholog" reaction="rn:R06513"
        link="http://www.kegg.jp/dbget-bin/www_bget?K01710">
        <graphics name="K01710" fgcolor="#000000" bgcolor="#BFBFFF"
             type="rectangle" x="755" y="211" width="46" height="17"/>
    </entry>
    <entry id="26" name="ko:K00973" type="ortholog" reaction="rn:R02328"
        link="http://www.kegg.jp/dbget-bin/www_bget?K00973">
        <graphics name="K00973" fgcolor="#000000" bgcolor="#BFBFFF"
             type="rectangle" x="755" y="144" width="46" height="17"/>
    </entry>
    <entry id="27" name="ko:K00067" type="ortholog" reaction="rn:R02777"
        link="http://www.kegg.jp/dbget-bin/www_bget?K00067">
        <graphics name="K00067" fgcolor="#000000" bgcolor="#BFBFFF"
             type="rectangle" x="755" y="415" width="46" height="17"/>
    </entry>
    <entry id="28" name="ko:K13326" type="ortholog" reaction="rn:R11045"
        link="http://www.kegg.jp/dbget-bin/www_bget?K13326">
        <graphics name="K13326" fgcolor="#000000" bgcolor="#BFBFFF"
             type="rectangle" x="1256" y="347" width="46" height="17"/>
    </entry>
    <entry id="29" name="ko:K13307" type="ortholog" reaction="rn:R06439"
        link="http://www.kegg.jp/dbget-bin/www_bget?K13307">
        <graphics name="K13307" fgcolor="#000000" bgcolor="#BFBFFF"
             type="rectangle" x="255" y="483" width="46" height="17"/>
    </entry>
    <entry id="31" name="ko:K19854" type="ortholog" reaction="rn:R06423"
        link="http://www.kegg.jp/dbget-bin/www_bget?K19854">
        <graphics name="K19854" fgcolor="#000000" bgcolor="#BFBFFF"
             type="rectangle" x="255" y="415" width="46" height="17"/>
    </entry>
    <entry id="32" name="cpd:C18032" type="compound"
        link="http://www.kegg.jp/dbget-bin/www_bget?C18032">
        <graphics name="C18032" fgcolor="#000000" bgcolor="#FFFFFF"
             type="circle" x="1129" y="456" width="8" height="8"/>
    </entry>
    <entry id="33" name="cpd:C18034" type="compound"
        link="http://www.kegg.jp/dbget-bin/www_bget?C18034">
        <graphics name="C18034" fgcolor="#000000" bgcolor="#FFFFFF"
             type="circle" x="1129" y="591" width="8" height="8"/>
    </entry>
    <entry id="34" name="cpd:C18033" type="compound"
        link="http://www.kegg.jp/dbget-bin/www_bget?C18033">
        <graphics name="C18033" fgcolor="#000000" bgcolor="#FFFFFF"
             type="circle" x="1129" y="523" width="8" height="8"/>
    </entry>
    <entry id="36" name="ko:K13330" type="ortholog" reaction="rn:R08932"
        link="http://www.kegg.jp/dbget-bin/www_bget?K13330">
        <graphics name="K13330" fgcolor="#000000" bgcolor="#BFBFFF"
             type="rectangle" x="1130" y="550" width="46" height="17"/>
    </entry>
    <entry id="38" name="ko:K13329" type="ortholog" reaction="rn:R08931"
        link="http://www.kegg.jp/dbget-bin/www_bget?K13329">
        <graphics name="K13329" fgcolor="#000000" bgcolor="#BFBFFF"
             type="rectangle" x="1130" y="484" width="46" height="17"/>
    </entry>
    <entry id="40" name="ko:K13308" type="ortholog" reaction="rn:R02773"
        link="http://www.kegg.jp/dbget-bin/www_bget?K13308">
        <graphics name="K13308" fgcolor="#000000" bgcolor="#BFBFFF"
             type="rectangle" x="385" y="279" width="46" height="17"/>
    </entry>
    <entry id="41" name="cpd:C11910" type="compound"
        link="http://www.kegg.jp/dbget-bin/www_bget?C11910">
        <graphics name="C11910" fgcolor="#000000" bgcolor="#FFFFFF"
             type="circle" x="384" y="456" width="8" height="8"/>
    </entry>
    <entry id="43" name="ko:K13309" type="ortholog" reaction="rn:R08583"
        link="http://www.kegg.jp/dbget-bin/www_bget?K13309">
        <graphics name="K13309" fgcolor="#000000" bgcolor="#BFBFFF"
             type="rectangle" x="385" y="347" width="46" height="17"/>
    </entry>
    <entry id="45" name="ko:K13310 ko:K16436" type="ortholog" reaction="rn:R06426"
        link="http://www.kegg.jp/dbget-bin/www_bget?K13310+K16436">
        <graphics name="K13310..." fgcolor="#000000" bgcolor="#BFBFFF"
             type="rectangle" x="385" y="415" width="46" height="17"/>
    </entry>
    <entry id="46" name="cpd:C04268" type="compound"
        link="http://www.kegg.jp/dbget-bin/www_bget?C04268">
        <graphics name="C04268" fgcolor="#000000" bgcolor="#FFFFFF"
             type="circle" x="384" y="320" width="8" height="8"/>
    </entry>
    <entry id="48" name="ko:K13311 ko:K13326" type="ortholog" reaction="rn:R06427"
        link="http://www.kegg.jp/dbget-bin/www_bget?K13311+K13326">
        <graphics name="K13311..." fgcolor="#000000" bgcolor="#BFBFFF"
             type="rectangle" x="385" y="483" width="46" height="17"/>
    </entry>
    <entry id="51" name="ko:K16438" type="ortholog" reaction="rn:R11046"
        link="http://www.kegg.jp/dbget-bin/www_bget?K16438">
        <graphics name="K16438" fgcolor="#000000" bgcolor="#BFBFFF"
             type="rectangle" x="1256" y="415" width="46" height="17"/>
    </entry>
    <entry id="52" name="ko:K13322" type="ortholog" reaction="rn:R11047"
        link="http://www.kegg.jp/dbget-bin/www_bget?K13322">
        <graphics name="K13322" fgcolor="#000000" bgcolor="#BFBFFF"
             type="rectangle" x="1256" y="484" width="46" height="17"/>
    </entry>
    <entry id="53" name="cpd:C18030" type="compound"
        link="http://www.kegg.jp/dbget-bin/www_bget?C18030">
        <graphics name="C18030" fgcolor="#000000" bgcolor="#FFFFFF"
             type="circle" x="1381" y="388" width="8" height="8"/>
    </entry>
    <entry id="54" name="cpd:C18031" type="compound"
        link="http://www.kegg.jp/dbget-bin/www_bget?C18031">
        <graphics name="C18031" fgcolor="#000000" bgcolor="#FFFFFF"
             type="circle" x="1381" y="456" width="8" height="8"/>
    </entry>
    <entry id="55" name="cpd:C18029" type="compound"
        link="http://www.kegg.jp/dbget-bin/www_bget?C18029">
        <graphics name="C18029" fgcolor="#000000" bgcolor="#FFFFFF"
             type="circle" x="1381" y="320" width="8" height="8"/>
    </entry>
    <entry id="58" name="ko:K16436" type="ortholog" reaction="rn:R08928"
        link="http://www.kegg.jp/dbget-bin/www_bget?K16436">
        <graphics name="K16436" fgcolor="#000000" bgcolor="#BFBFFF"
             type="rectangle" x="1382" y="347" width="46" height="17"/>
    </entry>
    <entry id="59" name="ko:K13332" type="ortholog" reaction="rn:R08929"
        link="http://www.kegg.jp/dbget-bin/www_bget?K13332">
        <graphics name="K13332" fgcolor="#000000" bgcolor="#BFBFFF"
             type="rectangle" x="1382" y="415" width="46" height="17"/>
    </entry>
    <entry id="62" name="ko:K01790" type="ortholog" reaction="rn:R06514"
        link="http://www.kegg.jp/dbget-bin/www_bget?K01790">
        <graphics name="K01790" fgcolor="#000000" bgcolor="#BFBFFF"
             type="rectangle" x="755" y="313" width="46" height="17"/>
    </entry>
    <entry id="63" name="ko:K12451" type="ortholog" reaction="rn:R08935"
        link="http://www.kegg.jp/dbget-bin/www_bget?K12451">
        <graphics name="K12451" fgcolor="#000000" bgcolor="#BFBFFF"
             type="rectangle" x="813" y="380" width="46" height="17"/>
    </entry>
    <entry id="64" name="cpd:C11926" type="compound"
        link="http://www.kegg.jp/dbget-bin/www_bget?C11926">
        <graphics name="C11926" fgcolor="#000000" bgcolor="#FFFFFF"
             type="circle" x="477" y="388" width="8" height="8"/>
    </entry>
    <entry id="66" name="ko:K13313" type="ortholog" reaction="rn:R06438 rn:R10573"
        link="http://www.kegg.jp/dbget-bin/www_bget?K13313">
        <graphics name="K13313" fgcolor="#000000" bgcolor="#BFBFFF"
             type="rectangle" x="478" y="415" width="46" height="17"/>
    </entry>
    <entry id="68" name="ko:K13312 ko:K19855" type="ortholog" reaction="rn:R06437"
        link="http://www.kegg.jp/dbget-bin/www_bget?K13312+K19855">
        <graphics name="K13312..." fgcolor="#000000" bgcolor="#BFBFFF"
             type="rectangle" x="478" y="313" width="46" height="17"/>
    </entry>
    <entry id="71" name="ko:K13327" type="ortholog" reaction="rn:R05526"
        link="http://www.kegg.jp/dbget-bin/www_bget?K13327">
        <graphics name="K13327" fgcolor="#000000" bgcolor="#BFBFFF"
             type="rectangle" x="1126" y="279" width="46" height="17"/>
    </entry>
    <entry id="72" name="cpd:C11922" type="compound"
        link="http://www.kegg.jp/dbget-bin/www_bget?C11922">
        <graphics name="C11922" fgcolor="#000000" bgcolor="#FFFFFF"
             type="circle" x="1125" y="319" width="8" height="8"/>
    </entry>
    <entry id="74" name="cpd:C11909" type="compound"
        link="http://www.kegg.jp/dbget-bin/www_bget?C11909">
        <graphics name="C11909" fgcolor="#000000" bgcolor="#FFFFFF"
             type="circle" x="384" y="388" width="8" height="8"/>
    </entry>
    <entry id="75" name="cpd:C11915" type="compound"
        link="http://www.kegg.jp/dbget-bin/www_bget?C11915">
        <graphics name="C11915" fgcolor="#000000" bgcolor="#FFFFFF"
             type="circle" x="858" y="456" width="8" height="8"/>
    </entry>
    <entry id="76" name="cpd:C11928" type="compound"
        link="http://www.kegg.jp/dbget-bin/www_bget?C11928">
        <graphics name="C11928" fgcolor="#000000" bgcolor="#FFFFFF"
             type="circle" x="1015" y="319" width="8" height="8"/>
    </entry>
    <entry id="79" name="ko:K13315" type="ortholog" reaction="rn:R11051"
        link="http://www.kegg.jp/dbget-bin/www_bget?K13315">
        <graphics name="K13315" fgcolor="#000000" bgcolor="#BFBFFF"
             type="rectangle" x="1016" y="279" width="46" height="17"/>
    </entry>
    <entry id="82" name="cpd:C11920" type="compound"
        link="http://www.kegg.jp/dbget-bin/www_bget?C11920">
        <graphics name="C11920" fgcolor="#000000" bgcolor="#FFFFFF"
             type="circle" x="966" y="523" width="8" height="8"/>
    </entry>
    <entry id="84" name="ko:K19856" type="ortholog" reaction="rn:R11041"
        link="http://www.kegg.jp/dbget-bin/www_bget?K19856">
        <graphics name="K19856" fgcolor="#000000" bgcolor="#BFBFFF"
             type="rectangle" x="1016" y="415" width="46" height="17"/>
    </entry>
    <entry id="85" name="ko:K13319" type="ortholog" reaction="rn:R06434"
        link="http://www.kegg.jp/dbget-bin/www_bget?K13319">
        <graphics name="K13319" fgcolor="#000000" bgcolor="#BFBFFF"
             type="rectangle" x="967" y="484" width="46" height="17"/>
    </entry>
    <entry id="86" name="cpd:C11927" type="compound"
        link="http://www.kegg.jp/dbget-bin/www_bget?C11927">
        <graphics name="C11927" fgcolor="#000000" bgcolor="#FFFFFF"
             type="circle" x="1015" y="388" width="8" height="8"/>
    </entry>
    <entry id="88" name="ko:K13328" type="ortholog" reaction="rn:R08930"
        link="http://www.kegg.jp/dbget-bin/www_bget?K13328">
        <graphics name="K13328" fgcolor="#000000" bgcolor="#BFBFFF"
             type="rectangle" x="1129" y="415" width="46" height="17"/>
    </entry>
    <entry id="89" name="ko:K13316 ko:K16438" type="ortholog" reaction="rn:R08934"
        link="http://www.kegg.jp/dbget-bin/www_bget?K13316+K16438">
        <graphics name="K13316..." fgcolor="#000000" bgcolor="#BFBFFF"
             type="rectangle" x="859" y="415" width="46" height="17"/>
    </entry>
    <entry id="90" name="ko:K13318" type="ortholog" reaction="rn:R06436"
        link="http://www.kegg.jp/dbget-bin/www_bget?K13318">
        <graphics name="K13318" fgcolor="#000000" bgcolor="#BFBFFF"
             type="rectangle" x="859" y="484" width="46" height="17"/>
    </entry>
    <entry id="91" name="ko:K13317" type="ortholog" reaction="rn:R08933"
        link="http://www.kegg.jp/dbget-bin/www_bget?K13317">
        <graphics name="K13317" fgcolor="#000000" bgcolor="#BFBFFF"
             type="rectangle" x="859" y="347" width="46" height="17"/>
    </entry>
    <entry id="92" name="path:ko00401" type="map"
        link="http://www.kegg.jp/dbget-bin/www_bget?ko00401">
        <graphics name="Novobiocin biosynthesis" fgcolor="#000000" bgcolor="#FFFFFF"
             type="roundrectangle" x="580" y="535" width="79" height="34"/>
    </entry>
    <entry id="93" name="cpd:C11907" type="compound"
        link="http://www.kegg.jp/dbget-bin/www_bget?C11907">
        <graphics name="C11907" fgcolor="#000000" bgcolor="#FFFFFF"
             type="circle" x="754" y="252" width="8" height="8"/>
    </entry>
    <entry id="94" name="cpd:C11921" type="compound"
        link="http://www.kegg.jp/dbget-bin/www_bget?C11921">
        <graphics name="C11921" fgcolor="#000000" bgcolor="#FFFFFF"
             type="circle" x="1015" y="523" width="8" height="8"/>
    </entry>
    <entry id="95" name="cpd:C11916" type="compound"
        link="http://www.kegg.jp/dbget-bin/www_bget?C11916">
        <graphics name="C11916" fgcolor="#000000" bgcolor="#FFFFFF"
             type="circle" x="858" y="523" width="8" height="8"/>
    </entry>
    <entry id="96" name="cpd:C03319" type="compound"
        link="http://www.kegg.jp/dbget-bin/www_bget?C03319">
        <graphics name="C03319" fgcolor="#000000" bgcolor="#FFFFFF"
             type="circle" x="754" y="456" width="8" height="8"/>
    </entry>
    <entry id="97" name="cpd:C11912" type="compound"
        link="http://www.kegg.jp/dbget-bin/www_bget?C11912">
        <graphics name="C11912" fgcolor="#000000" bgcolor="#FFFFFF"
             type="circle" x="477" y="456" width="8" height="8"/>
    </entry>
    <entry id="99" name="ko:K12710" type="ortholog" reaction="rn:R11020"
        link="http://www.kegg.jp/dbget-bin/www_bget?K12710">
        <graphics name="K12710" fgcolor="#000000" bgcolor="#BFBFFF"
             type="rectangle" x="524" y="388" width="46" height="17"/>
    </entry>
    <entry id="100" name="cpd:C11460" type="compound"
        link="http://www.kegg.jp/dbget-bin/www_bget?C11460">
        <graphics name="C11460" fgcolor="#000000" bgcolor="#FFFFFF"
             type="circle" x="579" y="388" width="8" height="8"/>
    </entry>
    <entry id="102" name="ko:K17625" type="ortholog" reaction="rn:R10459"
        link="http://www.kegg.jp/dbget-bin/www_bget?K17625">
        <graphics name="K17625" fgcolor="#000000" bgcolor="#BFBFFF"
             type="rectangle" x="579" y="415" width="46" height="17"/>
    </entry>
    <entry id="103" name="cpd:C12481" type="compound"
        link="http://www.kegg.jp/dbget-bin/www_bget?C12481">
        <graphics name="C12481" fgcolor="#000000" bgcolor="#FFFFFF"
             type="circle" x="579" y="456" width="8" height="8"/>
    </entry>
    <entry id="105" name="ko:K19180" type="ortholog" reaction="rn:R10190"
        link="http://www.kegg.jp/dbget-bin/www_bget?K19180">
        <graphics name="K19180" fgcolor="#000000" bgcolor="#BFBFFF"
             type="rectangle" x="635" y="415" width="46" height="17"/>
    </entry>
    <entry id="107" name="cpd:C03187" type="compound"
        link="http://www.kegg.jp/dbget-bin/www_bget?C03187">
        <graphics name="C03187" fgcolor="#000000" bgcolor="#FFFFFF"
             type="circle" x="660" y="456" width="8" height="8"/>
    </entry>
    <entry id="108" name="ko:K17947" type="ortholog" reaction="rn:R10279"
        link="http://www.kegg.jp/dbget-bin/www_bget?K17947">
        <graphics name="K17947" fgcolor="#000000" bgcolor="#BFBFFF"
             type="rectangle" x="707" y="457" width="46" height="17"/>
    </entry>
    <entry id="109" name="ko:K19652" type="ortholog" reaction="rn:R02776 rn:R10190"
        link="http://www.kegg.jp/dbget-bin/www_bget?K19652">
        <graphics name="K19652" fgcolor="#000000" bgcolor="#BFBFFF"
             type="rectangle" x="685" y="415" width="46" height="17"/>
    </entry>
    <entry id="110" name="ko:K19853" type="ortholog" reaction="rn:R06424"
        link="http://www.kegg.jp/dbget-bin/www_bget?K19853">
        <graphics name="K19853" fgcolor="#000000" bgcolor="#BFBFFF"
             type="rectangle" x="255" y="313" width="46" height="17"/>
    </entry>
    <entry id="111" name="cpd:C06620" type="compound"
        link="http://www.kegg.jp/dbget-bin/www_bget?C06620">
        <graphics name="C06620" fgcolor="#000000" bgcolor="#FFFFFF"
             type="circle" x="1125" y="251" width="8" height="8"/>
    </entry>
    <entry id="112" name="cpd:C18035" type="compound"
        link="http://www.kegg.jp/dbget-bin/www_bget?C18035">
        <graphics name="C18035" fgcolor="#000000" bgcolor="#FFFFFF"
             type="circle" x="858" y="388" width="8" height="8"/>
    </entry>
    <entry id="114" name="ko:K16438" type="ortholog" reaction="rn:R06433"
        link="http://www.kegg.jp/dbget-bin/www_bget?K16438">
        <graphics name="K16438" fgcolor="#000000" bgcolor="#BFBFFF"
             type="rectangle" x="1016" y="347" width="46" height="17"/>
    </entry>
    <entry id="116" name="ko:K19857" type="ortholog" reaction="rn:R11042"
        link="http://www.kegg.jp/dbget-bin/www_bget?K19857">
        <graphics name="K19857" fgcolor="#000000" bgcolor="#BFBFFF"
             type="rectangle" x="1016" y="484" width="46" height="17"/>
    </entry>
    <entry id="119" name="ko:K19858" type="ortholog" reaction="rn:R08597"
        link="http://www.kegg.jp/dbget-bin/www_bget?K19858">
        <graphics name="K19858" fgcolor="#000000" bgcolor="#BFBFFF"
             type="rectangle" x="1103" y="347" width="46" height="17"/>
    </entry>
    <entry id="120" name="cpd:C21071" type="compound"
        link="http://www.kegg.jp/dbget-bin/www_bget?C21071">
        <graphics name="C21071" fgcolor="#000000" bgcolor="#FFFFFF"
             type="circle" x="1015" y="456" width="8" height="8"/>
    </entry>
    <entry id="121" name="cpd:C12318" type="compound"
        link="http://www.kegg.jp/dbget-bin/www_bget?C12318">
        <graphics name="C12318" fgcolor="#000000" bgcolor="#FFFFFF"
             type="circle" x="1255" y="319" width="8" height="8"/>
    </entry>
    <entry id="122" name="ko:K16436" type="ortholog" reaction="rn:R06631"
        link="http://www.kegg.jp/dbget-bin/www_bget?K16436">
        <graphics name="K16436" fgcolor="#000000" bgcolor="#BFBFFF"
             type="rectangle" x="1256" y="279" width="46" height="17"/>
    </entry>
    <entry id="123" name="cpd:C21073" type="compound"
        link="http://www.kegg.jp/dbget-bin/www_bget?C21073">
        <graphics name="C21073" fgcolor="#000000" bgcolor="#FFFFFF"
             type="circle" x="1255" y="388" width="8" height="8"/>
    </entry>
    <entry id="124" name="cpd:C21074" type="compound"
        link="http://www.kegg.jp/dbget-bin/www_bget?C21074">
        <graphics name="C21074" fgcolor="#000000" bgcolor="#FFFFFF"
             type="circle" x="1255" y="456" width="8" height="8"/>
    </entry>
    <entry id="125" name="cpd:C11919" type="compound"
        link="http://www.kegg.jp/dbget-bin/www_bget?C11919">
        <graphics name="C11919" fgcolor="#000000" bgcolor="#FFFFFF"
             type="circle" x="1255" y="523" width="8" height="8"/>
    </entry>
    <entry id="126" name="ko:K19859" type="ortholog" reaction="rn:R08927"
        link="http://www.kegg.jp/dbget-bin/www_bget?K19859">
        <graphics name="K19859" fgcolor="#000000" bgcolor="#BFBFFF"
             type="rectangle" x="1382" y="279" width="46" height="17"/>
    </entry>
    <entry id="127" name="path:ko00521" type="map"
        link="http://www.kegg.jp/dbget-bin/www_bget?ko00521">
        <graphics name="Streptomycin biosynthesis" fgcolor="#000000" bgcolor="#FFFFFF"
             type="roundrectangle" x="755" y="535" width="79" height="34"/>
    </entry>
    <entry id="128" name="path:ko00404" type="map"
        link="http://www.kegg.jp/dbget-bin/www_bget?ko00404">
        <graphics name="Staurosporine biosynthesis" fgcolor="#000000" bgcolor="#FFFFFF"
             type="roundrectangle" x="1189" y="359" width="79" height="34"/>
    </entry>
    <entry id="129" name="ko:K20678" type="ortholog" reaction="rn:R10536"
        link="http://www.kegg.jp/dbget-bin/www_bget?K20678">
        <graphics name="K20678" fgcolor="#000000" bgcolor="#BFBFFF"
             type="rectangle" x="433" y="185" width="46" height="17"/>
    </entry>
    <entry id="130" name="cpd:C20682" type="compound"
        link="http://www.kegg.jp/dbget-bin/www_bget?C20682">
        <graphics name="C20682" fgcolor="#000000" bgcolor="#FFFFFF"
             type="circle" x="381" y="184" width="8" height="8"/>
    </entry>
    <entry id="132" name="cpd:C19960" type="compound"
        link="http://www.kegg.jp/dbget-bin/www_bget?C19960">
        <graphics name="C19960" fgcolor="#000000" bgcolor="#FFFFFF"
             type="circle" x="143" y="388" width="8" height="8"/>
    </entry>
    <entry id="133" name="ko:K20679" type="ortholog" reaction="rn:R09904"
        link="http://www.kegg.jp/dbget-bin/www_bget?K20679">
        <graphics name="K20679" fgcolor="#000000" bgcolor="#BFBFFF"
             type="rectangle" x="143" y="313" width="46" height="17"/>
    </entry>
    <entry id="135" name="cpd:C19947" type="compound"
        link="http://www.kegg.jp/dbget-bin/www_bget?C19947">
        <graphics name="C19947" fgcolor="#000000" bgcolor="#FFFFFF"
             type="circle" x="143" y="456" width="8" height="8"/>
    </entry>
    <entry id="136" name="ko:K20680" type="ortholog" reaction="rn:R09824"
        link="http://www.kegg.jp/dbget-bin/www_bget?K20680">
        <graphics name="K20680" fgcolor="#000000" bgcolor="#BFBFFF"
             type="rectangle" x="143" y="415" width="46" height="17"/>
    </entry>
    <entry id="138" name="cpd:C19948" type="compound"
        link="http://www.kegg.jp/dbget-bin/www_bget?C19948">
        <graphics name="C19948" fgcolor="#000000" bgcolor="#FFFFFF"
             type="circle" x="143" y="523" width="8" height="8"/>
    </entry>
    <entry id="139" name="ko:K20682" type="ortholog" reaction="rn:R09821"
        link="http://www.kegg.jp/dbget-bin/www_bget?K20682">
        <graphics name="K20682" fgcolor="#000000" bgcolor="#BFBFFF"
             type="rectangle" x="143" y="483" width="46" height="17"/>
    </entry>
    <entry id="141" name="cpd:C20156" type="compound"
        link="http://www.kegg.jp/dbget-bin/www_bget?C20156">
        <graphics name="C20156" fgcolor="#000000" bgcolor="#FFFFFF"
             type="circle" x="86" y="523" width="8" height="8"/>
    </entry>
    <entry id="142" name="ko:K20681" type="ortholog" reaction="rn:R09873"
        link="http://www.kegg.jp/dbget-bin/www_bget?K20681">
        <graphics name="K20681" fgcolor="#000000" bgcolor="#BFBFFF"
             type="rectangle" x="86" y="483" width="46" height="17"/>
    </entry>
    <relation entry1="7" entry2="26" type="maplink">
        <subtype name="compound" value="4"/>
    </relation>
    <relation entry1="26" entry2="25" type="ECrel">
        <subtype name="compound" value="13"/>
    </relation>
    <relation entry1="25" entry2="24" type="ECrel">
        <subtype name="compound" value="93"/>
    </relation>
    <relation entry1="25" entry2="110" type="ECrel">
        <subtype name="compound" value="93"/>
    </relation>
    <relation entry1="25" entry2="40" type="ECrel">
        <subtype name="compound" value="93"/>
    </relation>
    <relation entry1="25" entry2="68" type="ECrel">
        <subtype name="compound" value="93"/>
    </relation>
    <relation entry1="25" entry2="62" type="ECrel">
        <subtype name="compound" value="93"/>
    </relation>
    <relation entry1="25" entry2="63" type="ECrel">
        <subtype name="compound" value="93"/>
    </relation>
    <relation entry1="25" entry2="22" type="ECrel">
        <subtype name="compound" value="93"/>
    </relation>
    <relation entry1="24" entry2="110" type="ECrel">
        <subtype name="compound" value="93"/>
    </relation>
    <relation entry1="24" entry2="40" type="ECrel">
        <subtype name="compound" value="93"/>
    </relation>
    <relation entry1="24" entry2="68" type="ECrel">
        <subtype name="compound" value="93"/>
    </relation>
    <relation entry1="24" entry2="62" type="ECrel">
        <subtype name="compound" value="93"/>
    </relation>
    <relation entry1="24" entry2="63" type="ECrel">
        <subtype name="compound" value="93"/>
    </relation>
    <relation entry1="24" entry2="22" type="ECrel">
        <subtype name="compound" value="93"/>
    </relation>
    <relation entry1="110" entry2="40" type="ECrel">
        <subtype name="compound" value="93"/>
    </relation>
    <relation entry1="110" entry2="68" type="ECrel">
        <subtype name="compound" value="93"/>
    </relation>
    <relation entry1="110" entry2="62" type="ECrel">
        <subtype name="compound" value="93"/>
    </relation>
    <relation entry1="110" entry2="63" type="ECrel">
        <subtype name="compound" value="93"/>
    </relation>
    <relation entry1="110" entry2="22" type="ECrel">
        <subtype name="compound" value="93"/>
    </relation>
    <relation entry1="40" entry2="68" type="ECrel">
        <subtype name="compound" value="93"/>
    </relation>
    <relation entry1="40" entry2="62" type="ECrel">
        <subtype name="compound" value="93"/>
    </relation>
    <relation entry1="40" entry2="63" type="ECrel">
        <subtype name="compound" value="93"/>
    </relation>
    <relation entry1="40" entry2="22" type="ECrel">
        <subtype name="compound" value="93"/>
    </relation>
    <relation entry1="68" entry2="62" type="ECrel">
        <subtype name="compound" value="93"/>
    </relation>
    <relation entry1="68" entry2="63" type="ECrel">
        <subtype name="compound" value="93"/>
    </relation>
    <relation entry1="68" entry2="22" type="ECrel">
        <subtype name="compound" value="93"/>
    </relation>
    <relation entry1="62" entry2="63" type="ECrel">
        <subtype name="compound" value="93"/>
    </relation>
    <relation entry1="62" entry2="22" type="ECrel">
        <subtype name="compound" value="93"/>
    </relation>
    <relation entry1="63" entry2="22" type="ECrel">
        <subtype name="compound" value="93"/>
    </relation>
    <relation entry1="110" entry2="31" type="ECrel">
        <subtype name="compound" value="9"/>
    </relation>
    <relation entry1="31" entry2="29" type="ECrel">
        <subtype name="compound" value="10"/>
    </relation>
    <relation entry1="29" entry2="3" type="maplink">
        <subtype name="compound" value="12"/>
    </relation>
    <relation entry1="40" entry2="43" type="ECrel">
        <subtype name="compound" value="46"/>
    </relation>
    <relation entry1="43" entry2="45" type="ECrel">
        <subtype name="compound" value="74"/>
    </relation>
    <relation entry1="45" entry2="48" type="ECrel">
        <subtype name="compound" value="41"/>
    </relation>
    <relation entry1="48" entry2="3" type="maplink">
        <subtype name="compound" value="5"/>
    </relation>
    <relation entry1="68" entry2="66" type="ECrel">
        <subtype name="compound" value="64"/>
    </relation>
    <relation entry1="68" entry2="99" type="ECrel">
        <subtype name="compound" value="64"/>
    </relation>
    <relation entry1="66" entry2="99" type="ECrel">
        <subtype name="compound" value="64"/>
    </relation>
    <relation entry1="66" entry2="3" type="maplink">
        <subtype name="compound" value="97"/>
    </relation>
    <relation entry1="99" entry2="102" type="ECrel">
        <subtype name="compound" value="100"/>
    </relation>
    <relation entry1="102" entry2="92" type="maplink">
        <subtype name="compound" value="103"/>
    </relation>
    <relation entry1="62" entry2="109" type="ECrel">
        <subtype name="compound" value="6"/>
    </relation>
    <relation entry1="62" entry2="105" type="ECrel">
        <subtype name="compound" value="6"/>
    </relation>
    <relation entry1="62" entry2="27" type="ECrel">
        <subtype name="compound" value="6"/>
    </relation>
    <relation entry1="109" entry2="108" type="ECrel">
        <subtype name="compound" value="107"/>
    </relation>
    <relation entry1="27" entry2="108" type="ECrel">
        <subtype name="compound" value="96"/>
    </relation>
    <relation entry1="27" entry2="63" type="ECrel">
        <subtype name="compound" value="96"/>
    </relation>
    <relation entry1="27" entry2="127" type="maplink">
        <subtype name="compound" value="96"/>
    </relation>
    <relation entry1="108" entry2="63" type="ECrel">
        <subtype name="compound" value="96"/>
    </relation>
    <relation entry1="108" entry2="127" type="maplink">
        <subtype name="compound" value="96"/>
    </relation>
    <relation entry1="63" entry2="127" type="maplink">
        <subtype name="compound" value="96"/>
    </relation>
    <relation entry1="22" entry2="79" type="ECrel">
        <subtype name="compound" value="111"/>
    </relation>
    <relation entry1="22" entry2="71" type="ECrel">
        <subtype name="compound" value="111"/>
    </relation>
    <relation entry1="22" entry2="122" type="ECrel">
        <subtype name="compound" value="111"/>
    </relation>
    <relation entry1="22" entry2="126" type="ECrel">
        <subtype name="compound" value="111"/>
    </relation>
    <relation entry1="79" entry2="71" type="ECrel">
        <subtype name="compound" value="111"/>
    </relation>
    <relation entry1="79" entry2="122" type="ECrel">
        <subtype name="compound" value="111"/>
    </relation>
    <relation entry1="79" entry2="126" type="ECrel">
        <subtype name="compound" value="111"/>
    </relation>
    <relation entry1="71" entry2="122" type="ECrel">
        <subtype name="compound" value="111"/>
    </relation>
    <relation entry1="71" entry2="126" type="ECrel">
        <subtype name="compound" value="111"/>
    </relation>
    <relation entry1="122" entry2="126" type="ECrel">
        <subtype name="compound" value="111"/>
    </relation>
    <relation entry1="79" entry2="114" type="ECrel">
        <subtype name="compound" value="76"/>
    </relation>
    <relation entry1="79" entry2="91" type="ECrel">
        <subtype name="compound" value="76"/>
    </relation>
    <relation entry1="114" entry2="91" type="ECrel">
        <subtype name="compound" value="76"/>
    </relation>
    <relation entry1="91" entry2="89" type="ECrel">
        <subtype name="compound" value="112"/>
    </relation>
    <relation entry1="89" entry2="90" type="ECrel">
        <subtype name="compound" value="75"/>
    </relation>
    <relation entry1="90" entry2="3" type="maplink">
        <subtype name="compound" value="95"/>
    </relation>
    <relation entry1="114" entry2="119" type="ECrel">
        <subtype name="compound" value="86"/>
    </relation>
    <relation entry1="114" entry2="84" type="ECrel">
        <subtype name="compound" value="86"/>
    </relation>
    <relation entry1="114" entry2="85" type="ECrel">
        <subtype name="compound" value="86"/>
    </relation>
    <relation entry1="119" entry2="84" type="ECrel">
        <subtype name="compound" value="86"/>
    </relation>
    <relation entry1="119" entry2="85" type="ECrel">
        <subtype name="compound" value="86"/>
    </relation>
    <relation entry1="84" entry2="85" type="ECrel">
        <subtype name="compound" value="86"/>
    </relation>
    <relation entry1="85" entry2="3" type="maplink">
        <subtype name="compound" value="82"/>
    </relation>
    <relation entry1="84" entry2="116" type="ECrel">
        <subtype name="compound" value="120"/>
    </relation>
    <relation entry1="116" entry2="3" type="maplink">
        <subtype name="compound" value="94"/>
    </relation>
    <relation entry1="71" entry2="119" type="ECrel">
        <subtype name="compound" value="72"/>
    </relation>
    <relation entry1="71" entry2="88" type="ECrel">
        <subtype name="compound" value="72"/>
    </relation>
    <relation entry1="119" entry2="88" type="ECrel">
        <subtype name="compound" value="72"/>
    </relation>
    <relation entry1="88" entry2="38" type="ECrel">
        <subtype name="compound" value="32"/>
    </relation>
    <relation entry1="38" entry2="36" type="ECrel">
        <subtype name="compound" value="34"/>
    </relation>
    <relation entry1="122" entry2="28" type="ECrel">
        <subtype name="compound" value="121"/>
    </relation>
    <relation entry1="28" entry2="51" type="ECrel">
        <subtype name="compound" value="123"/>
    </relation>
    <relation entry1="51" entry2="52" type="ECrel">
        <subtype name="compound" value="124"/>
    </relation>
    <relation entry1="52" entry2="3" type="maplink">
        <subtype name="compound" value="125"/>
    </relation>
    <relation entry1="126" entry2="58" type="ECrel">
        <subtype name="compound" value="55"/>
    </relation>
    <relation entry1="58" entry2="59" type="ECrel">
        <subtype name="compound" value="53"/>
    </relation>
    <relation entry1="105" entry2="108" type="ECrel">
        <subtype name="compound" value="107"/>
    </relation>
    <relation entry1="109" entry2="27" type="ECrel">
        <subtype name="compound" value="6"/>
    </relation>
    <relation entry1="105" entry2="27" type="ECrel">
        <subtype name="compound" value="6"/>
    </relation>
    <relation entry1="128" entry2="122" type="maplink">
        <subtype name="compound" value="121"/>
    </relation>
    <relation entry1="128" entry2="28" type="maplink">
        <subtype name="compound" value="121"/>
    </relation>
    <relation entry1="129" entry2="24" type="ECrel">
        <subtype name="compound" value="2"/>
    </relation>
    <relation entry1="142" entry2="139" type="ECrel">
        <subtype name="compound" value="135"/>
    </relation>
    <relation entry1="142" entry2="136" type="ECrel">
        <subtype name="compound" value="135"/>
    </relation>
    <relation entry1="139" entry2="136" type="ECrel">
        <subtype name="compound" value="135"/>
    </relation>
    <relation entry1="136" entry2="133" type="ECrel">
        <subtype name="compound" value="132"/>
    </relation>
    <relation entry1="133" entry2="110" type="ECrel">
        <subtype name="compound" value="93"/>
    </relation>
    <relation entry1="133" entry2="40" type="ECrel">
        <subtype name="compound" value="93"/>
    </relation>
    <relation entry1="133" entry2="68" type="ECrel">
        <subtype name="compound" value="93"/>
    </relation>
    <relation entry1="133" entry2="62" type="ECrel">
        <subtype name="compound" value="93"/>
    </relation>
    <relation entry1="133" entry2="63" type="ECrel">
        <subtype name="compound" value="93"/>
    </relation>
    <relation entry1="133" entry2="22" type="ECrel">
        <subtype name="compound" value="93"/>
    </relation>
    <relation entry1="133" entry2="25" type="ECrel">
        <subtype name="compound" value="93"/>
    </relation>
    <relation entry1="133" entry2="24" type="ECrel">
        <subtype name="compound" value="93"/>
    </relation>
    <reaction id="24" name="rn:R05687" type="irreversible">
        <substrate id="93" name="cpd:C11907"/>
        <product id="2" name="cpd:C07277"/>
    </reaction>
    <reaction id="27" name="rn:R02777" type="irreversible">
        <substrate id="6" name="cpd:C00688"/>
        <product id="96" name="cpd:C03319"/>
    </reaction>
    <reaction id="52" name="rn:R11047" type="irreversible">
        <substrate id="124" name="cpd:C21074"/>
        <product id="125" name="cpd:C11919"/>
    </reaction>
    <reaction id="28" name="rn:R11045" type="irreversible">
        <substrate id="121" name="cpd:C12318"/>
        <product id="123" name="cpd:C21073"/>
    </reaction>
    <reaction id="29" name="rn:R06439" type="irreversible">
        <substrate id="10" name="cpd:C11925"/>
        <product id="12" name="cpd:C11933"/>
    </reaction>
    <reaction id="62" name="rn:R06514" type="irreversible">
        <substrate id="93" name="cpd:C11907"/>
        <product id="6" name="cpd:C00688"/>
    </reaction>
    <reaction id="51" name="rn:R11046" type="irreversible">
        <substrate id="123" name="cpd:C21073"/>
        <product id="124" name="cpd:C21074"/>
    </reaction>
    <reaction id="25" name="rn:R06513" type="irreversible">
        <substrate id="13" name="cpd:C00842"/>
        <product id="93" name="cpd:C11907"/>
    </reaction>
    <reaction id="26" name="rn:R02328" type="irreversible">
        <substrate id="4" name="cpd:C00103"/>
        <product id="13" name="cpd:C00842"/>
    </reaction>
    <reaction id="122" name="rn:R06631" type="irreversible">
        <substrate id="111" name="cpd:C06620"/>
        <product id="121" name="cpd:C12318"/>
    </reaction>
    <reaction id="22" name="rn:R05518" type="irreversible">
        <substrate id="93" name="cpd:C11907"/>
        <product id="111" name="cpd:C06620"/>
    </reaction>
    <reaction id="31" name="rn:R06423" type="irreversible">
        <substrate id="9" name="cpd:C11908"/>
        <product id="10" name="cpd:C11925"/>
    </reaction>
    <reaction id="40" name="rn:R02773" type="irreversible">
        <substrate id="93" name="cpd:C11907"/>
        <product id="46" name="cpd:C04268"/>
    </reaction>
    <reaction id="88" name="rn:R08930" type="irreversible">
        <substrate id="72" name="cpd:C11922"/>
        <product id="32" name="cpd:C18032"/>
    </reaction>
    <reaction id="36" name="rn:R08932" type="irreversible">
        <substrate id="34" name="cpd:C18033"/>
        <product id="33" name="cpd:C18034"/>
    </reaction>
    <reaction id="38" name="rn:R08931" type="irreversible">
        <substrate id="32" name="cpd:C18032"/>
        <product id="34" name="cpd:C18033"/>
    </reaction>
    <reaction id="43" name="rn:R08583" type="irreversible">
        <substrate id="46" name="cpd:C04268"/>
        <product id="74" name="cpd:C11909"/>
    </reaction>
    <reaction id="48" name="rn:R06427" type="irreversible">
        <substrate id="41" name="cpd:C11910"/>
        <product id="5" name="cpd:C11911"/>
    </reaction>
    <reaction id="45" name="rn:R06426" type="irreversible">
        <substrate id="74" name="cpd:C11909"/>
        <product id="41" name="cpd:C11910"/>
    </reaction>
    <reaction id="58" name="rn:R08928" type="irreversible">
        <substrate id="55" name="cpd:C18029"/>
        <product id="53" name="cpd:C18030"/>
    </reaction>
    <reaction id="59" name="rn:R08929" type="irreversible">
        <substrate id="53" name="cpd:C18030"/>
        <product id="54" name="cpd:C18031"/>
    </reaction>
    <reaction id="63" name="rn:R08935" type="irreversible">
        <substrate id="93" name="cpd:C11907"/>
        <product id="96" name="cpd:C03319"/>
    </reaction>
    <reaction id="66" name="rn:R06438 rn:R10573" type="irreversible">
        <substrate id="64" name="cpd:C11926"/>
        <product id="97" name="cpd:C11912"/>
    </reaction>
    <reaction id="68" name="rn:R06437" type="irreversible">
        <substrate id="93" name="cpd:C11907"/>
        <product id="64" name="cpd:C11926"/>
    </reaction>
    <reaction id="71" name="rn:R05526" type="irreversible">
        <substrate id="111" name="cpd:C06620"/>
        <product id="72" name="cpd:C11922"/>
    </reaction>
    <reaction id="90" name="rn:R06436" type="irreversible">
        <substrate id="75" name="cpd:C11915"/>
        <product id="95" name="cpd:C11916"/>
    </reaction>
    <reaction id="79" name="rn:R11051" type="irreversible">
        <substrate id="111" name="cpd:C06620"/>
        <product id="76" name="cpd:C11928"/>
    </reaction>
    <reaction id="91" name="rn:R08933" type="irreversible">
        <substrate id="76" name="cpd:C11928"/>
        <product id="112" name="cpd:C18035"/>
    </reaction>
    <reaction id="89" name="rn:R08934" type="irreversible">
        <substrate id="112" name="cpd:C18035"/>
        <product id="75" name="cpd:C11915"/>
    </reaction>
    <reaction id="84" name="rn:R11041" type="irreversible">
        <substrate id="86" name="cpd:C11927"/>
        <product id="120" name="cpd:C21071"/>
    </reaction>
    <reaction id="85" name="rn:R06434" type="irreversible">
        <substrate id="86" name="cpd:C11927"/>
        <product id="82" name="cpd:C11920"/>
    </reaction>
    <reaction id="99" name="rn:R11020" type="irreversible">
        <substrate id="64" name="cpd:C11926"/>
        <product id="100" name="cpd:C11460"/>
    </reaction>
    <reaction id="102" name="rn:R10459" type="irreversible">
        <substrate id="100" name="cpd:C11460"/>
        <product id="103" name="cpd:C12481"/>
    </reaction>
    <reaction id="105" name="rn:R10190" type="irreversible">
        <substrate id="6" name="cpd:C00688"/>
        <product id="107" name="cpd:C03187"/>
    </reaction>
    <reaction id="108" name="rn:R10279" type="reversible">
        <substrate id="107" name="cpd:C03187"/>
        <product id="96" name="cpd:C03319"/>
    </reaction>
    <reaction id="109" name="rn:R02776 rn:R10190" type="irreversible">
        <substrate id="6" name="cpd:C00688"/>
        <product id="107" name="cpd:C03187"/>
    </reaction>
    <reaction id="110" name="rn:R06424" type="irreversible">
        <substrate id="93" name="cpd:C11907"/>
        <product id="9" name="cpd:C11908"/>
    </reaction>
    <reaction id="114" name="rn:R06433" type="irreversible">
        <substrate id="76" name="cpd:C11928"/>
        <product id="86" name="cpd:C11927"/>
    </reaction>
    <reaction id="116" name="rn:R11042" type="irreversible">
        <substrate id="120" name="cpd:C21071"/>
        <product id="94" name="cpd:C11921"/>
    </reaction>
    <reaction id="119" name="rn:R08597" type="irreversible">
        <substrate id="72" name="cpd:C11922"/>
        <product id="86" name="cpd:C11927"/>
    </reaction>
    <reaction id="126" name="rn:R08927" type="irreversible">
        <substrate id="111" name="cpd:C06620"/>
        <product id="55" name="cpd:C18029"/>
    </reaction>
    <reaction id="129" name="rn:R10536" type="irreversible">
        <substrate id="2" name="cpd:C07277"/>
        <product id="130" name="cpd:C20682"/>
    </reaction>
    <reaction id="133" name="rn:R09904" type="irreversible">
        <substrate id="93" name="cpd:C11907"/>
        <product id="132" name="cpd:C19960"/>
    </reaction>
    <reaction id="136" name="rn:R09824" type="irreversible">
        <substrate id="132" name="cpd:C19960"/>
        <product id="135" name="cpd:C19947"/>
    </reaction>
    <reaction id="139" name="rn:R09821" type="irreversible">
        <substrate id="135" name="cpd:C19947"/>
        <product id="138" name="cpd:C19948"/>
    </reaction>
    <reaction id="142" name="rn:R09873" type="irreversible">
        <substrate id="135" name="cpd:C19947"/>
        <product id="141" name="cpd:C20156"/>
    </reaction>
</pathway>
