<?xml version="1.0"?>
<!DOCTYPE pathway SYSTEM "http://www.kegg.jp/kegg/xml/KGML_v0.7.2_.dtd">
<!-- Creation date: Sep 6, 2016 14:52:03 +0900 (GMT+9) -->
<pathway name="path:ko00561" org="ko" number="00561"
         title="Glycerolipid metabolism"
         image="http://www.kegg.jp/kegg/pathway/ko/ko00561.png"
         link="http://www.kegg.jp/kegg-bin/show_pathway?ko00561">
    <entry id="32" name="ko:K00679" type="ortholog" reaction="rn:R05333"
        link="http://www.kegg.jp/dbget-bin/www_bget?K00679">
        <graphics name="K00679" fgcolor="#000000" bgcolor="#BFBFFF"
             type="rectangle" x="636" y="539" width="46" height="17"/>
    </entry>
    <entry id="33" name="ko:K06118" type="ortholog" reaction="rn:R05775"
        link="http://www.kegg.jp/dbget-bin/www_bget?K06118">
        <graphics name="K06118" fgcolor="#000000" bgcolor="#BFBFFF"
             type="rectangle" x="597" y="694" width="46" height="17"/>
    </entry>
    <entry id="34" name="ko:K06119" type="ortholog" reaction="rn:R06867"
        link="http://www.kegg.jp/dbget-bin/www_bget?K06119">
        <graphics name="K06119" fgcolor="#000000" bgcolor="#BFBFFF"
             type="rectangle" x="636" y="623" width="46" height="17"/>
    </entry>
    <entry id="35" name="ko:K09480" type="ortholog" reaction="rn:R04469"
        link="http://www.kegg.jp/dbget-bin/www_bget?K09480">
        <graphics name="K09480" fgcolor="#000000" bgcolor="#BFBFFF"
             type="rectangle" x="404" y="815" width="46" height="17"/>
    </entry>
    <entry id="37" name="path:ko00564" type="map"
        link="http://www.kegg.jp/dbget-bin/www_bget?ko00564">
        <graphics name="Glycerophospholipid metabolism" fgcolor="#000000" bgcolor="#FFFFFF"
             type="roundrectangle" x="94" y="461" width="117" height="34"/>
    </entry>
    <entry id="38" name="ko:K01046 ko:K12298 ko:K16816 ko:K13534 ko:K14073 ko:K14074 ko:K14075 ko:K14076 ko:K14452 ko:K14674 ko:K14675 ko:K17900" type="ortholog" reaction="rn:R02250"
        link="http://www.kegg.jp/dbget-bin/www_bget?K01046+K12298+K16816+K13534+K14073+K14074+K14075+K14076+K14452+K14674+K14675+K17900">
        <graphics name="K01046..." fgcolor="#000000" bgcolor="#BFBFFF"
             type="rectangle" x="636" y="497" width="46" height="17"/>
    </entry>
    <entry id="39" name="ko:K00635 ko:K11155 ko:K14456 ko:K11160 ko:K18851" type="ortholog" reaction="rn:R02251"
        link="http://www.kegg.jp/dbget-bin/www_bget?K00635+K11155+K14456+K11160+K18851">
        <graphics name="K00635..." fgcolor="#000000" bgcolor="#BFBFFF"
             type="rectangle" x="636" y="559" width="46" height="17"/>
    </entry>
    <entry id="40" name="ko:K03715" type="ortholog" reaction="rn:R02691"
        link="http://www.kegg.jp/dbget-bin/www_bget?K03715">
        <graphics name="K03715" fgcolor="#000000" bgcolor="#BFBFFF"
             type="rectangle" x="515" y="804" width="46" height="17"/>
    </entry>
    <entry id="41" name="ko:K19002" type="ortholog" reaction="rn:R10850"
        link="http://www.kegg.jp/dbget-bin/www_bget?K19002">
        <graphics name="K19002" fgcolor="#000000" bgcolor="#BFBFFF"
             type="rectangle" x="515" y="643" width="46" height="17"/>
    </entry>
    <entry id="42" name="ko:K01080 ko:K15728 ko:K18693" type="ortholog" reaction="rn:R02239"
        link="http://www.kegg.jp/dbget-bin/www_bget?K01080+K15728+K18693">
        <graphics name="K01080..." fgcolor="#000000" bgcolor="#BFBFFF"
             type="rectangle" x="448" y="539" width="46" height="17"/>
    </entry>
    <entry id="43" name="ko:K14458 ko:K14457 ko:K14456" type="ortholog" reaction="rn:R03755 rn:R03756"
        link="http://www.kegg.jp/dbget-bin/www_bget?K14458+K14457+K14456">
        <graphics name="K14458..." fgcolor="#000000" bgcolor="#BFBFFF"
             type="rectangle" x="489" y="497" width="46" height="17"/>
    </entry>
    <entry id="44" name="ko:K01046 ko:K12298 ko:K16816 ko:K13534 ko:K14073 ko:K14074 ko:K14075 ko:K14076 ko:K14452 ko:K14674 ko:K14675 ko:K17900" type="ortholog" reaction="rn:R02687"
        link="http://www.kegg.jp/dbget-bin/www_bget?K01046+K12298+K16816+K13534+K14073+K14074+K14075+K14076+K14452+K14674+K14675+K17900">
        <graphics name="K01046..." fgcolor="#000000" bgcolor="#BFBFFF"
             type="rectangle" x="557" y="487" width="46" height="17"/>
    </entry>
    <entry id="45" name="ko:K00655 ko:K13509 ko:K19007 ko:K13513 ko:K13517 ko:K13519 ko:K13523 ko:K14674" type="ortholog" reaction="rn:R02241"
        link="http://www.kegg.jp/dbget-bin/www_bget?K00655+K13509+K19007+K13513+K13517+K13519+K13523+K14674">
        <graphics name="K00655..." fgcolor="#000000" bgcolor="#BFBFFF"
             type="rectangle" x="382" y="515" width="46" height="17"/>
    </entry>
    <entry id="46" name="path:ko00010" type="map"
        link="http://www.kegg.jp/dbget-bin/www_bget?ko00010">
        <graphics name="Glycolysis / Gluconeogenesis" fgcolor="#000000" bgcolor="#FFFFFF"
             type="roundrectangle" x="93" y="169" width="70" height="25"/>
    </entry>
    <entry id="47" name="ko:K09881" type="ortholog" reaction="rn:R02757"
        link="http://www.kegg.jp/dbget-bin/www_bget?K09881">
        <graphics name="K09881" fgcolor="#000000" bgcolor="#BFBFFF"
             type="rectangle" x="446" y="462" width="46" height="17"/>
    </entry>
    <entry id="48" name="ko:K01054" type="ortholog" reaction="rn:R01351"
        link="http://www.kegg.jp/dbget-bin/www_bget?K01054">
        <graphics name="K01054" fgcolor="#000000" bgcolor="#BFBFFF"
             type="rectangle" x="489" y="423" width="46" height="17"/>
    </entry>
    <entry id="49" name="ko:K00629 ko:K13506 ko:K13507 ko:K00630 ko:K13508 ko:K00631 ko:K03621 ko:K08591" type="ortholog" reaction="rn:R00851"
        link="http://www.kegg.jp/dbget-bin/www_bget?K00629+K13506+K13507+K00630+K13508+K00631+K03621+K08591">
        <graphics name="K00629..." fgcolor="#000000" bgcolor="#BFBFFF"
             type="rectangle" x="382" y="423" width="46" height="17"/>
    </entry>
    <entry id="50" name="ko:K00863 ko:K05878 ko:K05879" type="ortholog" reaction="rn:R01011"
        link="http://www.kegg.jp/dbget-bin/www_bget?K00863+K05878+K05879">
        <graphics name="K00863..." fgcolor="#000000" bgcolor="#BFBFFF"
             type="rectangle" x="157" y="320" width="46" height="17"/>
    </entry>
    <entry id="51" name="ko:K06116 ko:K06117" type="ortholog" reaction="rn:R00841"
        link="http://www.kegg.jp/dbget-bin/www_bget?K06116+K06117">
        <graphics name="K06116..." fgcolor="#000000" bgcolor="#BFBFFF"
             type="rectangle" x="356" y="357" width="46" height="17"/>
    </entry>
    <entry id="52" name="ko:K00864" type="ortholog" reaction="rn:R00847"
        link="http://www.kegg.jp/dbget-bin/www_bget?K00864">
        <graphics name="K00864" fgcolor="#000000" bgcolor="#BFBFFF"
             type="rectangle" x="405" y="357" width="46" height="17"/>
    </entry>
    <entry id="53" name="ko:K00005" type="ortholog" reaction="rn:R01034"
        link="http://www.kegg.jp/dbget-bin/www_bget?K00005">
        <graphics name="K00005" fgcolor="#000000" bgcolor="#BFBFFF"
             type="rectangle" x="294" y="309" width="46" height="17"/>
    </entry>
    <entry id="54" name="ko:K18097" type="ortholog" reaction="rn:R01039"
        link="http://www.kegg.jp/dbget-bin/www_bget?K18097">
        <graphics name="K18097" fgcolor="#000000" bgcolor="#BFBFFF"
             type="rectangle" x="294" y="330" width="46" height="17"/>
    </entry>
    <entry id="55" name="ko:K00011" type="ortholog" reaction="rn:R01036 rn:R01041"
        link="http://www.kegg.jp/dbget-bin/www_bget?K00011">
        <graphics name="K00011" fgcolor="#000000" bgcolor="#BFBFFF"
             type="rectangle" x="484" y="279" width="46" height="17"/>
    </entry>
    <entry id="57" name="ko:K00128 ko:K14085 ko:K00149" type="ortholog" reaction="rn:R01752"
        link="http://www.kegg.jp/dbget-bin/www_bget?K00128+K14085+K00149">
        <graphics name="K00128..." fgcolor="#000000" bgcolor="#BFBFFF"
             type="rectangle" x="380" y="209" width="46" height="17"/>
    </entry>
    <entry id="58" name="ko:K15918" type="ortholog" reaction="rn:R01514"
        link="http://www.kegg.jp/dbget-bin/www_bget?K15918">
        <graphics name="K15918" fgcolor="#000000" bgcolor="#BFBFFF"
             type="rectangle" x="294" y="168" width="46" height="17"/>
    </entry>
    <entry id="59" name="path:ko00071" type="map"
        link="http://www.kegg.jp/dbget-bin/www_bget?ko00071">
        <graphics name="Fatty acid degradation" fgcolor="#000000" bgcolor="#FFFFFF"
             type="roundrectangle" x="701" y="390" width="74" height="34"/>
    </entry>
    <entry id="60" name="path:ko00561" type="map"
        link="http://www.kegg.jp/dbget-bin/www_bget?ko00561">
        <graphics name="TITLE:Glycerolipid metabolism" fgcolor="#000000" bgcolor="#FFFFFF"
             type="roundrectangle" x="150" y="58" width="219" height="25"/>
    </entry>
    <entry id="61" name="ko:K00002" type="ortholog" reaction="rn:R01041"
        link="http://www.kegg.jp/dbget-bin/www_bget?K00002">
        <graphics name="K00002" fgcolor="#000000" bgcolor="#BFBFFF"
             type="rectangle" x="434" y="279" width="46" height="17"/>
    </entry>
    <entry id="62" name="ko:K01059" type="ortholog" reaction="rn:R01350"
        link="http://www.kegg.jp/dbget-bin/www_bget?K01059">
        <graphics name="K01059" fgcolor="#000000" bgcolor="#BFBFFF"
             type="rectangle" x="636" y="518" width="46" height="17"/>
    </entry>
    <entry id="63" name="ko:K01189 ko:K07406 ko:K07407" type="ortholog" reaction="rn:R04470"
        link="http://www.kegg.jp/dbget-bin/www_bget?K01189+K07406+K07407">
        <graphics name="K01189..." fgcolor="#000000" bgcolor="#BFBFFF"
             type="rectangle" x="404" y="776" width="46" height="17"/>
    </entry>
    <entry id="68" name="ko:K19005" type="ortholog" reaction="rn:R10849"
        link="http://www.kegg.jp/dbget-bin/www_bget?K19005">
        <graphics name="K19005" fgcolor="#000000" bgcolor="#BFBFFF"
             type="rectangle" x="297" y="643" width="46" height="17"/>
    </entry>
    <entry id="69" name="ko:K13677" type="ortholog" reaction="rn:R05164"
        link="http://www.kegg.jp/dbget-bin/www_bget?K13677">
        <graphics name="K13677" fgcolor="#000000" bgcolor="#BFBFFF"
             type="rectangle" x="404" y="643" width="46" height="17"/>
    </entry>
    <entry id="70" name="ko:K00901 ko:K07029" type="ortholog" reaction="rn:R02240"
        link="http://www.kegg.jp/dbget-bin/www_bget?K00901+K07029">
        <graphics name="K00901..." fgcolor="#000000" bgcolor="#BFBFFF"
             type="rectangle" x="448" y="584" width="46" height="17"/>
    </entry>
    <entry id="71" name="cpd:C00422" type="compound"
        link="http://www.kegg.jp/dbget-bin/www_bget?C00422">
        <graphics name="C00422" fgcolor="#000000" bgcolor="#FFFFFF"
             type="circle" x="705" y="549" width="8" height="8"/>
    </entry>
    <entry id="72" name="cpd:C00641" type="compound"
        link="http://www.kegg.jp/dbget-bin/www_bget?C00641">
        <graphics name="C00641" fgcolor="#000000" bgcolor="#FFFFFF"
             type="circle" x="561" y="548" width="8" height="8"/>
    </entry>
    <entry id="73" name="cpd:C00111" type="compound"
        link="http://www.kegg.jp/dbget-bin/www_bget?C00111">
        <graphics name="C00111" fgcolor="#000000" bgcolor="#FFFFFF"
             type="circle" x="93" y="319" width="8" height="8"/>
    </entry>
    <entry id="74" name="cpd:C00093" type="compound"
        link="http://www.kegg.jp/dbget-bin/www_bget?C00093">
        <graphics name="C00093" fgcolor="#000000" bgcolor="#FFFFFF"
             type="circle" x="381" y="390" width="8" height="8"/>
    </entry>
    <entry id="75" name="cpd:C00197" type="compound"
        link="http://www.kegg.jp/dbget-bin/www_bget?C00197">
        <graphics name="C00197" fgcolor="#000000" bgcolor="#FFFFFF"
             type="circle" x="215" y="168" width="8" height="8"/>
    </entry>
    <entry id="76" name="cpd:C00258" type="compound"
        link="http://www.kegg.jp/dbget-bin/www_bget?C00258">
        <graphics name="C00258" fgcolor="#000000" bgcolor="#FFFFFF"
             type="circle" x="381" y="168" width="8" height="8"/>
    </entry>
    <entry id="77" name="cpd:C00577" type="compound"
        link="http://www.kegg.jp/dbget-bin/www_bget?C00577">
        <graphics name="C00577" fgcolor="#000000" bgcolor="#FFFFFF"
             type="circle" x="381" y="246" width="8" height="8"/>
    </entry>
    <entry id="78" name="cpd:C00184" type="compound"
        link="http://www.kegg.jp/dbget-bin/www_bget?C00184">
        <graphics name="C00184" fgcolor="#000000" bgcolor="#FFFFFF"
             type="circle" x="214" y="319" width="8" height="8"/>
    </entry>
    <entry id="79" name="cpd:C00116" type="compound"
        link="http://www.kegg.jp/dbget-bin/www_bget?C00116">
        <graphics name="C00116" fgcolor="#000000" bgcolor="#FFFFFF"
             type="circle" x="381" y="319" width="8" height="8"/>
    </entry>
    <entry id="80" name="cpd:C00029" type="compound"
        link="http://www.kegg.jp/dbget-bin/www_bget?C00029">
        <graphics name="C00029" fgcolor="#000000" bgcolor="#FFFFFF"
             type="circle" x="597" y="728" width="8" height="8"/>
    </entry>
    <entry id="81" name="cpd:C00040" type="compound"
        link="http://www.kegg.jp/dbget-bin/www_bget?C00040">
        <graphics name="C00040" fgcolor="#000000" bgcolor="#FFFFFF"
             type="circle" x="597" y="585" width="8" height="8"/>
    </entry>
    <entry id="82" name="cpd:C00162" type="compound"
        link="http://www.kegg.jp/dbget-bin/www_bget?C00162">
        <graphics name="C00162" fgcolor="#000000" bgcolor="#FFFFFF"
             type="circle" x="597" y="389" width="8" height="8"/>
    </entry>
    <entry id="83" name="cpd:C11521" type="compound"
        link="http://www.kegg.jp/dbget-bin/www_bget?C11521">
        <graphics name="C11521" fgcolor="#000000" bgcolor="#FFFFFF"
             type="circle" x="597" y="652" width="8" height="8"/>
    </entry>
    <entry id="84" name="cpd:C00681" type="compound"
        link="http://www.kegg.jp/dbget-bin/www_bget?C00681">
        <graphics name="C00681" fgcolor="#000000" bgcolor="#FFFFFF"
             type="circle" x="381" y="462" width="8" height="8"/>
    </entry>
    <entry id="85" name="cpd:C00416" type="compound"
        link="http://www.kegg.jp/dbget-bin/www_bget?C00416">
        <graphics name="C00416" fgcolor="#000000" bgcolor="#FFFFFF"
             type="circle" x="381" y="549" width="8" height="8"/>
    </entry>
    <entry id="86" name="cpd:C05401" type="compound"
        link="http://www.kegg.jp/dbget-bin/www_bget?C05401">
        <graphics name="C05401" fgcolor="#000000" bgcolor="#FFFFFF"
             type="circle" x="559" y="895" width="8" height="8"/>
    </entry>
    <entry id="87" name="cpd:C00040" type="compound"
        link="http://www.kegg.jp/dbget-bin/www_bget?C00040">
        <graphics name="C00040" fgcolor="#000000" bgcolor="#FFFFFF"
             type="circle" x="345" y="488" width="8" height="8"/>
    </entry>
    <entry id="88" name="cpd:C13508" type="compound"
        link="http://www.kegg.jp/dbget-bin/www_bget?C13508">
        <graphics name="C13508" fgcolor="#000000" bgcolor="#FFFFFF"
             type="circle" x="705" y="622" width="8" height="8"/>
    </entry>
    <entry id="89" name="cpd:C04872" type="compound"
        link="http://www.kegg.jp/dbget-bin/www_bget?C04872">
        <graphics name="C04872" fgcolor="#000000" bgcolor="#FFFFFF"
             type="circle" x="345" y="895" width="8" height="8"/>
    </entry>
    <entry id="90" name="cpd:C00040" type="compound"
        link="http://www.kegg.jp/dbget-bin/www_bget?C00040">
        <graphics name="C00040" fgcolor="#000000" bgcolor="#FFFFFF"
             type="circle" x="345" y="405" width="8" height="8"/>
    </entry>
    <entry id="91" name="cpd:C06037" type="compound"
        link="http://www.kegg.jp/dbget-bin/www_bget?C06037">
        <graphics name="C06037" fgcolor="#000000" bgcolor="#FFFFFF"
             type="circle" x="345" y="814" width="8" height="8"/>
    </entry>
    <entry id="92" name="cpd:C06038" type="compound"
        link="http://www.kegg.jp/dbget-bin/www_bget?C06038">
        <graphics name="C06038" fgcolor="#000000" bgcolor="#FFFFFF"
             type="circle" x="633" y="851" width="8" height="8"/>
    </entry>
    <entry id="93" name="cpd:C04315" type="compound"
        link="http://www.kegg.jp/dbget-bin/www_bget?C04315">
        <graphics name="C04315" fgcolor="#000000" bgcolor="#FFFFFF"
             type="circle" x="669" y="820" width="8" height="8"/>
    </entry>
    <entry id="94" name="cpd:C06365" type="compound"
        link="http://www.kegg.jp/dbget-bin/www_bget?C06365">
        <graphics name="C06365" fgcolor="#000000" bgcolor="#FFFFFF"
             type="circle" x="345" y="642" width="8" height="8"/>
    </entry>
    <entry id="95" name="cpd:C20897" type="compound"
        link="http://www.kegg.jp/dbget-bin/www_bget?C20897">
        <graphics name="C20897" fgcolor="#000000" bgcolor="#FFFFFF"
             type="circle" x="237" y="642" width="8" height="8"/>
    </entry>
    <entry id="96" name="cpd:C03692" type="compound"
        link="http://www.kegg.jp/dbget-bin/www_bget?C03692">
        <graphics name="C03692" fgcolor="#000000" bgcolor="#FFFFFF"
             type="circle" x="453" y="814" width="8" height="8"/>
    </entry>
    <entry id="97" name="cpd:C06364" type="compound"
        link="http://www.kegg.jp/dbget-bin/www_bget?C06364">
        <graphics name="C06364" fgcolor="#000000" bgcolor="#FFFFFF"
             type="circle" x="453" y="642" width="8" height="8"/>
    </entry>
    <entry id="98" name="cpd:C01885" type="compound"
        link="http://www.kegg.jp/dbget-bin/www_bget?C01885">
        <graphics name="C01885" fgcolor="#000000" bgcolor="#FFFFFF"
             type="circle" x="489" y="462" width="8" height="8"/>
    </entry>
    <entry id="111" name="ko:K00086" type="ortholog" reaction="rn:R03119"
        link="http://www.kegg.jp/dbget-bin/www_bget?K00086">
        <graphics name="K00086" fgcolor="#000000" bgcolor="#BFBFFF"
             type="rectangle" x="621" y="320" width="46" height="17"/>
    </entry>
    <entry id="112" name="ko:K06120 ko:K06121 ko:K06122" type="ortholog" reaction="rn:R01047"
        link="http://www.kegg.jp/dbget-bin/www_bget?K06120+K06121+K06122">
        <graphics name="K06120..." fgcolor="#000000" bgcolor="#BFBFFF"
             type="rectangle" x="518" y="320" width="46" height="17"/>
    </entry>
    <entry id="113" name="cpd:C02457" type="compound"
        link="http://www.kegg.jp/dbget-bin/www_bget?C02457">
        <graphics name="C02457" fgcolor="#000000" bgcolor="#FFFFFF"
             type="circle" x="680" y="319" width="8" height="8"/>
    </entry>
    <entry id="114" name="cpd:C00969" type="compound"
        link="http://www.kegg.jp/dbget-bin/www_bget?C00969">
        <graphics name="C00969" fgcolor="#000000" bgcolor="#FFFFFF"
             type="circle" x="574" y="319" width="8" height="8"/>
    </entry>
    <entry id="115" name="ko:K18693" type="ortholog" reaction="rn:R02239"
        link="http://www.kegg.jp/dbget-bin/www_bget?K18693">
        <graphics name="K18693" fgcolor="#000000" bgcolor="#BFBFFF"
             type="rectangle" x="448" y="560" width="46" height="17"/>
    </entry>
    <entry id="119" name="ko:K19005" type="ortholog" reaction="rn:R05081"
        link="http://www.kegg.jp/dbget-bin/www_bget?K19005">
        <graphics name="K19005" fgcolor="#000000" bgcolor="#BFBFFF"
             type="rectangle" x="297" y="700" width="46" height="17"/>
    </entry>
    <entry id="120" name="ko:K03429 ko:K19004" type="ortholog" reaction="rn:R04377"
        link="http://www.kegg.jp/dbget-bin/www_bget?K03429+K19004">
        <graphics name="K03429..." fgcolor="#000000" bgcolor="#BFBFFF"
             type="rectangle" x="404" y="700" width="46" height="17"/>
    </entry>
    <entry id="121" name="cpd:C06040" type="compound"
        link="http://www.kegg.jp/dbget-bin/www_bget?C06040">
        <graphics name="C06040" fgcolor="#000000" bgcolor="#FFFFFF"
             type="circle" x="345" y="699" width="8" height="8"/>
    </entry>
    <entry id="122" name="cpd:C06041" type="compound"
        link="http://www.kegg.jp/dbget-bin/www_bget?C06041">
        <graphics name="C06041" fgcolor="#000000" bgcolor="#FFFFFF"
             type="circle" x="237" y="699" width="8" height="8"/>
    </entry>
    <entry id="123" name="cpd:C04046" type="compound"
        link="http://www.kegg.jp/dbget-bin/www_bget?C04046">
        <graphics name="C04046" fgcolor="#000000" bgcolor="#FFFFFF"
             type="circle" x="453" y="699" width="8" height="8"/>
    </entry>
    <entry id="124" name="ko:K03429 ko:K19004" type="ortholog" reaction="rn:R02689"
        link="http://www.kegg.jp/dbget-bin/www_bget?K03429+K19004">
        <graphics name="K03429..." fgcolor="#000000" bgcolor="#BFBFFF"
             type="rectangle" x="515" y="689" width="46" height="17"/>
    </entry>
    <entry id="125" name="cpd:C06042" type="compound"
        link="http://www.kegg.jp/dbget-bin/www_bget?C06042">
        <graphics name="C06042" fgcolor="#000000" bgcolor="#FFFFFF"
             type="circle" x="129" y="642" width="8" height="8"/>
    </entry>
    <entry id="126" name="cpd:C20898" type="compound"
        link="http://www.kegg.jp/dbget-bin/www_bget?C20898">
        <graphics name="C20898" fgcolor="#000000" bgcolor="#FFFFFF"
             type="circle" x="129" y="699" width="8" height="8"/>
    </entry>
    <entry id="129" name="cpd:C20991" type="compound"
        link="http://www.kegg.jp/dbget-bin/www_bget?C20991">
        <graphics name="C20991" fgcolor="#000000" bgcolor="#FFFFFF"
             type="circle" x="345" y="854" width="8" height="8"/>
    </entry>
    <entry id="130" name="ko:K19003" type="ortholog" reaction="rn:R02689"
        link="http://www.kegg.jp/dbget-bin/www_bget?K19003">
        <graphics name="K19003" fgcolor="#000000" bgcolor="#BFBFFF"
             type="rectangle" x="515" y="710" width="46" height="17"/>
    </entry>
    <entry id="132" name="ko:K20024" type="ortholog" reaction="rn:R11080"
        link="http://www.kegg.jp/dbget-bin/www_bget?K20024">
        <graphics name="K20024" fgcolor="#000000" bgcolor="#BFBFFF"
             type="rectangle" x="453" y="741" width="46" height="17"/>
    </entry>
    <entry id="133" name="ko:K00865 ko:K11529" type="ortholog" reaction="rn:R08572"
        link="http://www.kegg.jp/dbget-bin/www_bget?K00865+K11529">
        <graphics name="K00865..." fgcolor="#000000" bgcolor="#BFBFFF"
             type="rectangle" x="294" y="117" width="46" height="17"/>
    </entry>
    <entry id="134" name="cpd:C00631" type="compound"
        link="http://www.kegg.jp/dbget-bin/www_bget?C00631">
        <graphics name="C00631" fgcolor="#000000" bgcolor="#FFFFFF"
             type="circle" x="215" y="117" width="8" height="8"/>
    </entry>
    <relation entry1="57" entry2="58" type="ECrel">
        <subtype name="compound" value="76"/>
    </relation>
    <relation entry1="57" entry2="61" type="ECrel">
        <subtype name="compound" value="77"/>
    </relation>
    <relation entry1="55" entry2="57" type="ECrel">
        <subtype name="compound" value="77"/>
    </relation>
    <relation entry1="53" entry2="55" type="ECrel">
        <subtype name="compound" value="79"/>
    </relation>
    <relation entry1="54" entry2="55" type="ECrel">
        <subtype name="compound" value="79"/>
    </relation>
    <relation entry1="51" entry2="55" type="ECrel">
        <subtype name="compound" value="79"/>
    </relation>
    <relation entry1="52" entry2="55" type="ECrel">
        <subtype name="compound" value="79"/>
    </relation>
    <relation entry1="53" entry2="61" type="ECrel">
        <subtype name="compound" value="79"/>
    </relation>
    <relation entry1="54" entry2="61" type="ECrel">
        <subtype name="compound" value="79"/>
    </relation>
    <relation entry1="51" entry2="61" type="ECrel">
        <subtype name="compound" value="79"/>
    </relation>
    <relation entry1="52" entry2="61" type="ECrel">
        <subtype name="compound" value="79"/>
    </relation>
    <relation entry1="51" entry2="53" type="ECrel">
        <subtype name="compound" value="79"/>
    </relation>
    <relation entry1="52" entry2="53" type="ECrel">
        <subtype name="compound" value="79"/>
    </relation>
    <relation entry1="51" entry2="54" type="ECrel">
        <subtype name="compound" value="79"/>
    </relation>
    <relation entry1="52" entry2="54" type="ECrel">
        <subtype name="compound" value="79"/>
    </relation>
    <relation entry1="50" entry2="53" type="ECrel">
        <subtype name="compound" value="78"/>
    </relation>
    <relation entry1="50" entry2="54" type="ECrel">
        <subtype name="compound" value="78"/>
    </relation>
    <relation entry1="49" entry2="51" type="ECrel">
        <subtype name="compound" value="74"/>
    </relation>
    <relation entry1="49" entry2="52" type="ECrel">
        <subtype name="compound" value="74"/>
    </relation>
    <relation entry1="47" entry2="49" type="ECrel">
        <subtype name="compound" value="84"/>
    </relation>
    <relation entry1="45" entry2="49" type="ECrel">
        <subtype name="compound" value="84"/>
    </relation>
    <relation entry1="45" entry2="47" type="ECrel">
        <subtype name="compound" value="84"/>
    </relation>
    <relation entry1="47" entry2="48" type="ECrel">
        <subtype name="compound" value="98"/>
    </relation>
    <relation entry1="43" entry2="48" type="ECrel">
        <subtype name="compound" value="98"/>
    </relation>
    <relation entry1="44" entry2="48" type="ECrel">
        <subtype name="compound" value="82"/>
    </relation>
    <relation entry1="44" entry2="48" type="ECrel">
        <subtype name="compound" value="98"/>
    </relation>
    <relation entry1="43" entry2="47" type="ECrel">
        <subtype name="compound" value="98"/>
    </relation>
    <relation entry1="44" entry2="47" type="ECrel">
        <subtype name="compound" value="98"/>
    </relation>
    <relation entry1="43" entry2="44" type="ECrel">
        <subtype name="compound" value="72"/>
    </relation>
    <relation entry1="43" entry2="44" type="ECrel">
        <subtype name="compound" value="98"/>
    </relation>
    <relation entry1="42" entry2="45" type="ECrel">
        <subtype name="compound" value="85"/>
    </relation>
    <relation entry1="45" entry2="70" type="ECrel">
        <subtype name="compound" value="85"/>
    </relation>
    <relation entry1="38" entry2="48" type="ECrel">
        <subtype name="compound" value="82"/>
    </relation>
    <relation entry1="48" entry2="62" type="ECrel">
        <subtype name="compound" value="82"/>
    </relation>
    <relation entry1="38" entry2="44" type="ECrel">
        <subtype name="compound" value="72"/>
    </relation>
    <relation entry1="38" entry2="44" type="ECrel">
        <subtype name="compound" value="82"/>
    </relation>
    <relation entry1="44" entry2="62" type="ECrel">
        <subtype name="compound" value="72"/>
    </relation>
    <relation entry1="44" entry2="62" type="ECrel">
        <subtype name="compound" value="82"/>
    </relation>
    <relation entry1="43" entry2="70" type="ECrel">
        <subtype name="compound" value="72"/>
    </relation>
    <relation entry1="44" entry2="70" type="ECrel">
        <subtype name="compound" value="72"/>
    </relation>
    <relation entry1="38" entry2="70" type="ECrel">
        <subtype name="compound" value="72"/>
    </relation>
    <relation entry1="62" entry2="70" type="ECrel">
        <subtype name="compound" value="72"/>
    </relation>
    <relation entry1="32" entry2="70" type="ECrel">
        <subtype name="compound" value="72"/>
    </relation>
    <relation entry1="39" entry2="70" type="ECrel">
        <subtype name="compound" value="72"/>
    </relation>
    <relation entry1="34" entry2="70" type="ECrel">
        <subtype name="compound" value="72"/>
    </relation>
    <relation entry1="40" entry2="70" type="ECrel">
        <subtype name="compound" value="72"/>
    </relation>
    <relation entry1="41" entry2="70" type="ECrel">
        <subtype name="compound" value="72"/>
    </relation>
    <relation entry1="42" entry2="43" type="ECrel">
        <subtype name="compound" value="72"/>
    </relation>
    <relation entry1="42" entry2="44" type="ECrel">
        <subtype name="compound" value="72"/>
    </relation>
    <relation entry1="38" entry2="42" type="ECrel">
        <subtype name="compound" value="72"/>
    </relation>
    <relation entry1="42" entry2="62" type="ECrel">
        <subtype name="compound" value="72"/>
    </relation>
    <relation entry1="32" entry2="42" type="ECrel">
        <subtype name="compound" value="72"/>
    </relation>
    <relation entry1="39" entry2="42" type="ECrel">
        <subtype name="compound" value="72"/>
    </relation>
    <relation entry1="34" entry2="42" type="ECrel">
        <subtype name="compound" value="72"/>
    </relation>
    <relation entry1="40" entry2="42" type="ECrel">
        <subtype name="compound" value="72"/>
    </relation>
    <relation entry1="41" entry2="42" type="ECrel">
        <subtype name="compound" value="72"/>
    </relation>
    <relation entry1="38" entry2="43" type="ECrel">
        <subtype name="compound" value="72"/>
    </relation>
    <relation entry1="43" entry2="62" type="ECrel">
        <subtype name="compound" value="72"/>
    </relation>
    <relation entry1="32" entry2="43" type="ECrel">
        <subtype name="compound" value="72"/>
    </relation>
    <relation entry1="39" entry2="43" type="ECrel">
        <subtype name="compound" value="72"/>
    </relation>
    <relation entry1="34" entry2="43" type="ECrel">
        <subtype name="compound" value="72"/>
    </relation>
    <relation entry1="40" entry2="43" type="ECrel">
        <subtype name="compound" value="72"/>
    </relation>
    <relation entry1="41" entry2="43" type="ECrel">
        <subtype name="compound" value="72"/>
    </relation>
    <relation entry1="32" entry2="44" type="ECrel">
        <subtype name="compound" value="72"/>
    </relation>
    <relation entry1="39" entry2="44" type="ECrel">
        <subtype name="compound" value="72"/>
    </relation>
    <relation entry1="34" entry2="44" type="ECrel">
        <subtype name="compound" value="72"/>
    </relation>
    <relation entry1="40" entry2="44" type="ECrel">
        <subtype name="compound" value="72"/>
    </relation>
    <relation entry1="41" entry2="44" type="ECrel">
        <subtype name="compound" value="72"/>
    </relation>
    <relation entry1="34" entry2="38" type="ECrel">
        <subtype name="compound" value="72"/>
    </relation>
    <relation entry1="38" entry2="40" type="ECrel">
        <subtype name="compound" value="72"/>
    </relation>
    <relation entry1="38" entry2="41" type="ECrel">
        <subtype name="compound" value="72"/>
    </relation>
    <relation entry1="34" entry2="62" type="ECrel">
        <subtype name="compound" value="72"/>
    </relation>
    <relation entry1="40" entry2="62" type="ECrel">
        <subtype name="compound" value="72"/>
    </relation>
    <relation entry1="41" entry2="62" type="ECrel">
        <subtype name="compound" value="72"/>
    </relation>
    <relation entry1="32" entry2="34" type="ECrel">
        <subtype name="compound" value="72"/>
    </relation>
    <relation entry1="32" entry2="40" type="ECrel">
        <subtype name="compound" value="72"/>
    </relation>
    <relation entry1="32" entry2="41" type="ECrel">
        <subtype name="compound" value="72"/>
    </relation>
    <relation entry1="34" entry2="39" type="ECrel">
        <subtype name="compound" value="72"/>
    </relation>
    <relation entry1="39" entry2="40" type="ECrel">
        <subtype name="compound" value="72"/>
    </relation>
    <relation entry1="39" entry2="41" type="ECrel">
        <subtype name="compound" value="72"/>
    </relation>
    <relation entry1="34" entry2="40" type="ECrel">
        <subtype name="compound" value="72"/>
    </relation>
    <relation entry1="34" entry2="41" type="ECrel">
        <subtype name="compound" value="72"/>
    </relation>
    <relation entry1="40" entry2="41" type="ECrel">
        <subtype name="compound" value="72"/>
    </relation>
    <relation entry1="33" entry2="34" type="ECrel">
        <subtype name="compound" value="83"/>
    </relation>
    <relation entry1="41" entry2="69" type="ECrel">
        <subtype name="compound" value="97"/>
    </relation>
    <relation entry1="68" entry2="69" type="ECrel">
        <subtype name="compound" value="94"/>
    </relation>
    <relation entry1="40" entry2="63" type="ECrel">
        <subtype name="compound" value="96"/>
    </relation>
    <relation entry1="35" entry2="40" type="ECrel">
        <subtype name="compound" value="96"/>
    </relation>
    <relation entry1="58" entry2="46" type="maplink">
        <subtype name="compound" value="75"/>
    </relation>
    <relation entry1="37" entry2="46" type="maplink">
        <subtype name="compound" value="73"/>
    </relation>
    <relation entry1="50" entry2="46" type="maplink">
        <subtype name="compound" value="73"/>
    </relation>
    <relation entry1="50" entry2="37" type="maplink">
        <subtype name="compound" value="73"/>
    </relation>
    <relation entry1="48" entry2="59" type="maplink">
        <subtype name="compound" value="82"/>
    </relation>
    <relation entry1="44" entry2="59" type="maplink">
        <subtype name="compound" value="82"/>
    </relation>
    <relation entry1="38" entry2="59" type="maplink">
        <subtype name="compound" value="82"/>
    </relation>
    <relation entry1="62" entry2="59" type="maplink">
        <subtype name="compound" value="82"/>
    </relation>
    <relation entry1="112" entry2="111" type="ECrel">
        <subtype name="compound" value="114"/>
    </relation>
    <relation entry1="55" entry2="112" type="ECrel">
        <subtype name="compound" value="79"/>
    </relation>
    <relation entry1="112" entry2="53" type="ECrel">
        <subtype name="compound" value="79"/>
    </relation>
    <relation entry1="112" entry2="51" type="ECrel">
        <subtype name="compound" value="79"/>
    </relation>
    <relation entry1="61" entry2="112" type="ECrel">
        <subtype name="compound" value="79"/>
    </relation>
    <relation entry1="54" entry2="112" type="ECrel">
        <subtype name="compound" value="79"/>
    </relation>
    <relation entry1="52" entry2="112" type="ECrel">
        <subtype name="compound" value="79"/>
    </relation>
    <relation entry1="48" entry2="112" type="ECrel">
        <subtype name="compound" value="79"/>
    </relation>
    <relation entry1="48" entry2="55" type="ECrel">
        <subtype name="compound" value="79"/>
    </relation>
    <relation entry1="48" entry2="53" type="ECrel">
        <subtype name="compound" value="79"/>
    </relation>
    <relation entry1="48" entry2="51" type="ECrel">
        <subtype name="compound" value="79"/>
    </relation>
    <relation entry1="48" entry2="61" type="ECrel">
        <subtype name="compound" value="79"/>
    </relation>
    <relation entry1="48" entry2="52" type="ECrel">
        <subtype name="compound" value="79"/>
    </relation>
    <relation entry1="48" entry2="54" type="ECrel">
        <subtype name="compound" value="79"/>
    </relation>
    <relation entry1="115" entry2="45" type="ECrel">
        <subtype name="compound" value="85"/>
    </relation>
    <relation entry1="38" entry2="32" type="ECrel">
        <subtype name="compound" value="72"/>
    </relation>
    <relation entry1="115" entry2="43" type="ECrel">
        <subtype name="compound" value="72"/>
    </relation>
    <relation entry1="115" entry2="38" type="ECrel">
        <subtype name="compound" value="72"/>
    </relation>
    <relation entry1="115" entry2="32" type="ECrel">
        <subtype name="compound" value="72"/>
    </relation>
    <relation entry1="115" entry2="34" type="ECrel">
        <subtype name="compound" value="72"/>
    </relation>
    <relation entry1="115" entry2="41" type="ECrel">
        <subtype name="compound" value="72"/>
    </relation>
    <relation entry1="115" entry2="40" type="ECrel">
        <subtype name="compound" value="72"/>
    </relation>
    <relation entry1="115" entry2="44" type="ECrel">
        <subtype name="compound" value="72"/>
    </relation>
    <relation entry1="115" entry2="62" type="ECrel">
        <subtype name="compound" value="72"/>
    </relation>
    <relation entry1="115" entry2="39" type="ECrel">
        <subtype name="compound" value="72"/>
    </relation>
    <relation entry1="124" entry2="44" type="ECrel">
        <subtype name="compound" value="72"/>
    </relation>
    <relation entry1="124" entry2="43" type="ECrel">
        <subtype name="compound" value="72"/>
    </relation>
    <relation entry1="124" entry2="115" type="ECrel">
        <subtype name="compound" value="72"/>
    </relation>
    <relation entry1="42" entry2="124" type="ECrel">
        <subtype name="compound" value="72"/>
    </relation>
    <relation entry1="70" entry2="124" type="ECrel">
        <subtype name="compound" value="72"/>
    </relation>
    <relation entry1="124" entry2="62" type="ECrel">
        <subtype name="compound" value="72"/>
    </relation>
    <relation entry1="124" entry2="38" type="ECrel">
        <subtype name="compound" value="72"/>
    </relation>
    <relation entry1="124" entry2="32" type="ECrel">
        <subtype name="compound" value="72"/>
    </relation>
    <relation entry1="124" entry2="39" type="ECrel">
        <subtype name="compound" value="72"/>
    </relation>
    <relation entry1="124" entry2="34" type="ECrel">
        <subtype name="compound" value="72"/>
    </relation>
    <relation entry1="124" entry2="41" type="ECrel">
        <subtype name="compound" value="72"/>
    </relation>
    <relation entry1="120" entry2="119" type="ECrel">
        <subtype name="compound" value="121"/>
    </relation>
    <relation entry1="37" entry2="45" type="maplink">
        <subtype name="compound" value="85"/>
    </relation>
    <relation entry1="37" entry2="42" type="maplink">
        <subtype name="compound" value="85"/>
    </relation>
    <relation entry1="37" entry2="115" type="maplink">
        <subtype name="compound" value="85"/>
    </relation>
    <relation entry1="37" entry2="70" type="maplink">
        <subtype name="compound" value="85"/>
    </relation>
    <relation entry1="124" entry2="40" type="ECrel">
        <subtype name="compound" value="72"/>
    </relation>
    <relation entry1="120" entry2="130" type="ECrel">
        <subtype name="compound" value="123"/>
    </relation>
    <relation entry1="130" entry2="70" type="ECrel">
        <subtype name="compound" value="72"/>
    </relation>
    <relation entry1="130" entry2="115" type="ECrel">
        <subtype name="compound" value="72"/>
    </relation>
    <relation entry1="130" entry2="42" type="ECrel">
        <subtype name="compound" value="72"/>
    </relation>
    <relation entry1="130" entry2="43" type="ECrel">
        <subtype name="compound" value="72"/>
    </relation>
    <relation entry1="130" entry2="44" type="ECrel">
        <subtype name="compound" value="72"/>
    </relation>
    <relation entry1="130" entry2="38" type="ECrel">
        <subtype name="compound" value="72"/>
    </relation>
    <relation entry1="130" entry2="62" type="ECrel">
        <subtype name="compound" value="72"/>
    </relation>
    <relation entry1="130" entry2="32" type="ECrel">
        <subtype name="compound" value="72"/>
    </relation>
    <relation entry1="130" entry2="39" type="ECrel">
        <subtype name="compound" value="72"/>
    </relation>
    <relation entry1="130" entry2="41" type="ECrel">
        <subtype name="compound" value="72"/>
    </relation>
    <relation entry1="130" entry2="34" type="ECrel">
        <subtype name="compound" value="72"/>
    </relation>
    <relation entry1="130" entry2="40" type="ECrel">
        <subtype name="compound" value="72"/>
    </relation>
    <relation entry1="120" entry2="132" type="ECrel">
        <subtype name="compound" value="123"/>
    </relation>
    <relation entry1="124" entry2="132" type="ECrel">
        <subtype name="compound" value="123"/>
    </relation>
    <relation entry1="130" entry2="132" type="ECrel">
        <subtype name="compound" value="123"/>
    </relation>
    <relation entry1="63" entry2="132" type="ECrel">
        <subtype name="compound" value="96"/>
    </relation>
    <relation entry1="35" entry2="132" type="ECrel">
        <subtype name="compound" value="96"/>
    </relation>
    <relation entry1="40" entry2="132" type="ECrel">
        <subtype name="compound" value="96"/>
    </relation>
    <relation entry1="57" entry2="133" type="ECrel">
        <subtype name="compound" value="76"/>
    </relation>
    <relation entry1="58" entry2="133" type="ECrel">
        <subtype name="compound" value="76"/>
    </relation>
    <relation entry1="133" entry2="46" type="maplink">
        <subtype name="compound" value="134"/>
    </relation>
    <reaction id="32" name="rn:R05333" type="irreversible">
        <substrate id="72" name="cpd:C00641"/>
        <product id="71" name="cpd:C00422"/>
    </reaction>
    <reaction id="33" name="rn:R05775" type="irreversible">
        <substrate id="80" name="cpd:C00029"/>
        <product id="83" name="cpd:C11521"/>
    </reaction>
    <reaction id="34" name="rn:R06867" type="irreversible">
        <substrate id="72" name="cpd:C00641"/>
        <substrate id="83" name="cpd:C11521"/>
        <product id="88" name="cpd:C13508"/>
    </reaction>
    <reaction id="35" name="rn:R04469" type="irreversible">
        <substrate id="96" name="cpd:C03692"/>
        <product id="91" name="cpd:C06037"/>
    </reaction>
    <reaction id="38" name="rn:R02250" type="irreversible">
        <substrate id="71" name="cpd:C00422"/>
        <product id="72" name="cpd:C00641"/>
        <product id="82" name="cpd:C00162"/>
    </reaction>
    <reaction id="39" name="rn:R02251" type="irreversible">
        <substrate id="81" name="cpd:C00040"/>
        <substrate id="72" name="cpd:C00641"/>
        <product id="71" name="cpd:C00422"/>
    </reaction>
    <reaction id="40" name="rn:R02691" type="irreversible">
        <substrate id="72" name="cpd:C00641"/>
        <product id="96" name="cpd:C03692"/>
    </reaction>
    <reaction id="41" name="rn:R10850" type="irreversible">
        <substrate id="72" name="cpd:C00641"/>
        <product id="97" name="cpd:C06364"/>
    </reaction>
    <reaction id="42" name="rn:R02239" type="irreversible">
        <substrate id="85" name="cpd:C00416"/>
        <product id="72" name="cpd:C00641"/>
    </reaction>
    <reaction id="43" name="rn:R03755 rn:R03756" type="irreversible">
        <substrate id="98" name="cpd:C01885"/>
        <product id="72" name="cpd:C00641"/>
    </reaction>
    <reaction id="44" name="rn:R02687" type="irreversible">
        <substrate id="72" name="cpd:C00641"/>
        <product id="98" name="cpd:C01885"/>
        <product id="82" name="cpd:C00162"/>
    </reaction>
    <reaction id="45" name="rn:R02241" type="irreversible">
        <substrate id="84" name="cpd:C00681"/>
        <substrate id="87" name="cpd:C00040"/>
        <product id="85" name="cpd:C00416"/>
    </reaction>
    <reaction id="47" name="rn:R02757" type="irreversible">
        <substrate id="98" name="cpd:C01885"/>
        <product id="84" name="cpd:C00681"/>
    </reaction>
    <reaction id="48" name="rn:R01351" type="irreversible">
        <substrate id="98" name="cpd:C01885"/>
        <product id="82" name="cpd:C00162"/>
        <product id="79" name="cpd:C00116"/>
    </reaction>
    <reaction id="49" name="rn:R00851" type="irreversible">
        <substrate id="90" name="cpd:C00040"/>
        <substrate id="74" name="cpd:C00093"/>
        <product id="84" name="cpd:C00681"/>
    </reaction>
    <reaction id="50" name="rn:R01011" type="irreversible">
        <substrate id="78" name="cpd:C00184"/>
        <product id="73" name="cpd:C00111"/>
    </reaction>
    <reaction id="51" name="rn:R00841" type="irreversible">
        <substrate id="74" name="cpd:C00093"/>
        <product id="79" name="cpd:C00116"/>
    </reaction>
    <reaction id="52" name="rn:R00847" type="irreversible">
        <substrate id="79" name="cpd:C00116"/>
        <product id="74" name="cpd:C00093"/>
    </reaction>
    <reaction id="53" name="rn:R01034" type="reversible">
        <substrate id="79" name="cpd:C00116"/>
        <product id="78" name="cpd:C00184"/>
    </reaction>
    <reaction id="54" name="rn:R01039" type="reversible">
        <substrate id="79" name="cpd:C00116"/>
        <product id="78" name="cpd:C00184"/>
    </reaction>
    <reaction id="55" name="rn:R01036 rn:R01041" type="reversible">
        <substrate id="79" name="cpd:C00116"/>
        <product id="77" name="cpd:C00577"/>
    </reaction>
    <reaction id="57" name="rn:R01752" type="reversible">
        <substrate id="77" name="cpd:C00577"/>
        <product id="76" name="cpd:C00258"/>
    </reaction>
    <reaction id="58" name="rn:R01514" type="irreversible">
        <substrate id="76" name="cpd:C00258"/>
        <product id="75" name="cpd:C00197"/>
    </reaction>
    <reaction id="61" name="rn:R01041" type="reversible">
        <substrate id="79" name="cpd:C00116"/>
        <product id="77" name="cpd:C00577"/>
    </reaction>
    <reaction id="62" name="rn:R01350" type="irreversible">
        <substrate id="71" name="cpd:C00422"/>
        <product id="72" name="cpd:C00641"/>
        <product id="82" name="cpd:C00162"/>
    </reaction>
    <reaction id="63" name="rn:R04470" type="irreversible">
        <substrate id="91" name="cpd:C06037"/>
        <product id="96" name="cpd:C03692"/>
    </reaction>
    <reaction id="68" name="rn:R10849" type="irreversible">
        <substrate id="94" name="cpd:C06365"/>
        <product id="95" name="cpd:C20897"/>
    </reaction>
    <reaction id="69" name="rn:R05164" type="irreversible">
        <substrate id="97" name="cpd:C06364"/>
        <product id="94" name="cpd:C06365"/>
    </reaction>
    <reaction id="70" name="rn:R02240" type="irreversible">
        <substrate id="72" name="cpd:C00641"/>
        <product id="85" name="cpd:C00416"/>
    </reaction>
    <reaction id="112" name="rn:R01047" type="irreversible">
        <substrate id="79" name="cpd:C00116"/>
        <product id="114" name="cpd:C00969"/>
    </reaction>
    <reaction id="111" name="rn:R03119" type="irreversible">
        <substrate id="114" name="cpd:C00969"/>
        <product id="113" name="cpd:C02457"/>
    </reaction>
    <reaction id="115" name="rn:R02239" type="irreversible">
        <substrate id="85" name="cpd:C00416"/>
        <product id="72" name="cpd:C00641"/>
    </reaction>
    <reaction id="120" name="rn:R04377" type="irreversible">
        <substrate id="123" name="cpd:C04046"/>
        <product id="121" name="cpd:C06040"/>
    </reaction>
    <reaction id="119" name="rn:R05081" type="irreversible">
        <substrate id="121" name="cpd:C06040"/>
        <product id="122" name="cpd:C06041"/>
    </reaction>
    <reaction id="124" name="rn:R02689" type="irreversible">
        <substrate id="72" name="cpd:C00641"/>
        <product id="123" name="cpd:C04046"/>
    </reaction>
    <reaction id="130" name="rn:R02689" type="irreversible">
        <substrate id="72" name="cpd:C00641"/>
        <product id="123" name="cpd:C04046"/>
    </reaction>
    <reaction id="132" name="rn:R11080" type="irreversible">
        <substrate id="123" name="cpd:C04046"/>
        <product id="96" name="cpd:C03692"/>
    </reaction>
    <reaction id="133" name="rn:R08572" type="irreversible">
        <substrate id="76" name="cpd:C00258"/>
        <product id="134" name="cpd:C00631"/>
    </reaction>
</pathway>
