<?xml version="1.0"?>
<!DOCTYPE pathway SYSTEM "http://www.kegg.jp/kegg/xml/KGML_v0.7.2_.dtd">
<!-- Creation date: Mar 3, 2016 16:32:47 +0900 (GMT+9) -->
<pathway name="path:ko00440" org="ko" number="00440"
         title="Phosphonate and phosphinate metabolism"
         image="http://www.kegg.jp/kegg/pathway/ko/ko00440.png"
         link="http://www.kegg.jp/kegg-bin/show_pathway?ko00440">
    <entry id="11" name="path:ko00440" type="map"
        link="http://www.kegg.jp/dbget-bin/www_bget?ko00440">
        <graphics name="TITLE:Phosphonate and phosphinate metabolism" fgcolor="#000000" bgcolor="#FFFFFF"
             type="roundrectangle" x="219" y="58" width="357" height="25"/>
    </entry>
    <entry id="12" name="path:ko00010" type="map"
        link="http://www.kegg.jp/dbget-bin/www_bget?ko00010">
        <graphics name="Glycolysis / Gluconeogenesis" fgcolor="#000000" bgcolor="#FFFFFF"
             type="roundrectangle" x="94" y="124" width="92" height="25"/>
    </entry>
    <entry id="13" name="cpd:C00074" type="compound"
        link="http://www.kegg.jp/dbget-bin/www_bget?C00074">
        <graphics name="C00074" fgcolor="#000000" bgcolor="#FFFFFF"
             type="circle" x="293" y="125" width="8" height="8"/>
    </entry>
    <entry id="15" name="cpd:C02798" type="compound"
        link="http://www.kegg.jp/dbget-bin/www_bget?C02798">
        <graphics name="C02798" fgcolor="#000000" bgcolor="#FFFFFF"
             type="circle" x="293" y="214" width="8" height="8"/>
    </entry>
    <entry id="17" name="cpd:C05672" type="compound"
        link="http://www.kegg.jp/dbget-bin/www_bget?C05672">
        <graphics name="C05672" fgcolor="#000000" bgcolor="#FFFFFF"
             type="circle" x="203" y="214" width="8" height="8"/>
    </entry>
    <entry id="18" name="cpd:C17942" type="compound"
        link="http://www.kegg.jp/dbget-bin/www_bget?C17942">
        <graphics name="C17942" fgcolor="#000000" bgcolor="#FFFFFF"
             type="circle" x="481" y="214" width="8" height="8"/>
    </entry>
    <entry id="19" name="cpd:C03167" type="compound"
        link="http://www.kegg.jp/dbget-bin/www_bget?C03167">
        <graphics name="C03167" fgcolor="#000000" bgcolor="#FFFFFF"
             type="circle" x="293" y="322" width="8" height="8"/>
    </entry>
    <entry id="20" name="cpd:C03557" type="compound"
        link="http://www.kegg.jp/dbget-bin/www_bget?C03557">
        <graphics name="C03557" fgcolor="#000000" bgcolor="#FFFFFF"
             type="circle" x="392" y="322" width="8" height="8"/>
    </entry>
    <entry id="22" name="cpd:C06452" type="compound"
        link="http://www.kegg.jp/dbget-bin/www_bget?C06452">
        <graphics name="C06452" fgcolor="#000000" bgcolor="#FFFFFF"
             type="circle" x="149" y="388" width="8" height="8"/>
    </entry>
    <entry id="24" name="cpd:C06454" type="compound"
        link="http://www.kegg.jp/dbget-bin/www_bget?C06454">
        <graphics name="C06454" fgcolor="#000000" bgcolor="#FFFFFF"
             type="circle" x="60" y="388" width="8" height="8"/>
    </entry>
    <entry id="26" name="cpd:C05682" type="compound"
        link="http://www.kegg.jp/dbget-bin/www_bget?C05682">
        <graphics name="C05682" fgcolor="#000000" bgcolor="#FFFFFF"
             type="circle" x="206" y="322" width="8" height="8"/>
    </entry>
    <entry id="28" name="cpd:C00033" type="compound"
        link="http://www.kegg.jp/dbget-bin/www_bget?C00033">
        <graphics name="C00033" fgcolor="#000000" bgcolor="#FFFFFF"
             type="circle" x="70" y="322" width="8" height="8"/>
    </entry>
    <entry id="31" name="cpd:C17940 cpd:C17944 cpd:C17960 cpd:C17961" type="compound"
        link="http://www.kegg.jp/dbget-bin/www_bget?C17940+C17944+C17960+C17961">
        <graphics name="C17940..." fgcolor="#000000" bgcolor="#FFFFFF"
             type="circle" x="388" y="254" width="8" height="8"/>
    </entry>
    <entry id="32" name="cpd:C06455" type="compound"
        link="http://www.kegg.jp/dbget-bin/www_bget?C06455">
        <graphics name="C06455" fgcolor="#000000" bgcolor="#FFFFFF"
             type="circle" x="293" y="453" width="8" height="8"/>
    </entry>
    <entry id="33" name="cpd:C17943" type="compound"
        link="http://www.kegg.jp/dbget-bin/www_bget?C17943">
        <graphics name="C17943" fgcolor="#000000" bgcolor="#FFFFFF"
             type="circle" x="293" y="516" width="8" height="8"/>
    </entry>
    <entry id="34" name="cpd:C05679" type="compound"
        link="http://www.kegg.jp/dbget-bin/www_bget?C05679">
        <graphics name="C05679" fgcolor="#000000" bgcolor="#FFFFFF"
             type="circle" x="482" y="445" width="8" height="8"/>
    </entry>
    <entry id="35" name="cpd:C05683" type="compound"
        link="http://www.kegg.jp/dbget-bin/www_bget?C05683">
        <graphics name="C05683" fgcolor="#000000" bgcolor="#FFFFFF"
             type="circle" x="482" y="322" width="8" height="8"/>
    </entry>
    <entry id="36" name="cpd:C00189" type="compound"
        link="http://www.kegg.jp/dbget-bin/www_bget?C00189">
        <graphics name="C00189" fgcolor="#000000" bgcolor="#FFFFFF"
             type="circle" x="482" y="262" width="8" height="8"/>
    </entry>
    <entry id="37" name="cpd:C05678" type="compound"
        link="http://www.kegg.jp/dbget-bin/www_bget?C05678">
        <graphics name="C05678" fgcolor="#000000" bgcolor="#FFFFFF"
             type="circle" x="482" y="382" width="8" height="8"/>
    </entry>
    <entry id="38" name="cpd:C05673" type="compound"
        link="http://www.kegg.jp/dbget-bin/www_bget?C05673">
        <graphics name="C05673" fgcolor="#000000" bgcolor="#FFFFFF"
             type="circle" x="482" y="512" width="8" height="8"/>
    </entry>
    <entry id="39" name="cpd:C05677" type="compound"
        link="http://www.kegg.jp/dbget-bin/www_bget?C05677">
        <graphics name="C05677" fgcolor="#000000" bgcolor="#FFFFFF"
             type="circle" x="568" y="382" width="8" height="8"/>
    </entry>
    <entry id="40" name="cpd:C05681" type="compound"
        link="http://www.kegg.jp/dbget-bin/www_bget?C05681">
        <graphics name="C05681" fgcolor="#000000" bgcolor="#FFFFFF"
             type="circle" x="576" y="548" width="8" height="8"/>
    </entry>
    <entry id="41" name="cpd:C05680" type="compound"
        link="http://www.kegg.jp/dbget-bin/www_bget?C05680">
        <graphics name="C05680" fgcolor="#000000" bgcolor="#FFFFFF"
             type="circle" x="567" y="445" width="8" height="8"/>
    </entry>
    <entry id="42" name="cpd:C06459" type="compound"
        link="http://www.kegg.jp/dbget-bin/www_bget?C06459">
        <graphics name="C06459" fgcolor="#000000" bgcolor="#FFFFFF"
             type="circle" x="652" y="445" width="8" height="8"/>
    </entry>
    <entry id="43" name="cpd:C05676" type="compound"
        link="http://www.kegg.jp/dbget-bin/www_bget?C05676">
        <graphics name="C05676" fgcolor="#000000" bgcolor="#FFFFFF"
             type="circle" x="737" y="512" width="8" height="8"/>
    </entry>
    <entry id="44" name="cpd:C06456" type="compound"
        link="http://www.kegg.jp/dbget-bin/www_bget?C06456">
        <graphics name="C06456" fgcolor="#000000" bgcolor="#FFFFFF"
             type="circle" x="293" y="581" width="8" height="8"/>
    </entry>
    <entry id="45" name="cpd:C17945" type="compound"
        link="http://www.kegg.jp/dbget-bin/www_bget?C17945">
        <graphics name="C17945" fgcolor="#000000" bgcolor="#FFFFFF"
             type="circle" x="293" y="646" width="8" height="8"/>
    </entry>
    <entry id="47" name="cpd:C06367" type="compound"
        link="http://www.kegg.jp/dbget-bin/www_bget?C06367">
        <graphics name="C06367" fgcolor="#000000" bgcolor="#FFFFFF"
             type="circle" x="293" y="711" width="8" height="8"/>
    </entry>
    <entry id="48" name="cpd:C17946" type="compound"
        link="http://www.kegg.jp/dbget-bin/www_bget?C17946">
        <graphics name="C17946" fgcolor="#000000" bgcolor="#FFFFFF"
             type="circle" x="373" y="711" width="8" height="8"/>
    </entry>
    <entry id="49" name="cpd:C06368" type="compound"
        link="http://www.kegg.jp/dbget-bin/www_bget?C06368">
        <graphics name="C06368" fgcolor="#000000" bgcolor="#FFFFFF"
             type="circle" x="454" y="711" width="8" height="8"/>
    </entry>
    <entry id="50" name="cpd:C17947" type="compound"
        link="http://www.kegg.jp/dbget-bin/www_bget?C17947">
        <graphics name="C17947" fgcolor="#000000" bgcolor="#FFFFFF"
             type="circle" x="534" y="711" width="8" height="8"/>
    </entry>
    <entry id="51" name="cpd:C17948" type="compound"
        link="http://www.kegg.jp/dbget-bin/www_bget?C17948">
        <graphics name="C17948" fgcolor="#000000" bgcolor="#FFFFFF"
             type="circle" x="608" y="711" width="8" height="8"/>
    </entry>
    <entry id="52" name="cpd:C17949" type="compound"
        link="http://www.kegg.jp/dbget-bin/www_bget?C17949">
        <graphics name="C17949" fgcolor="#000000" bgcolor="#FFFFFF"
             type="circle" x="767" y="711" width="8" height="8"/>
    </entry>
    <entry id="53" name="cpd:C17950" type="compound"
        link="http://www.kegg.jp/dbget-bin/www_bget?C17950">
        <graphics name="C17950" fgcolor="#000000" bgcolor="#FFFFFF"
             type="circle" x="888" y="711" width="8" height="8"/>
    </entry>
    <entry id="54" name="cpd:C17952" type="compound"
        link="http://www.kegg.jp/dbget-bin/www_bget?C17952">
        <graphics name="C17952" fgcolor="#000000" bgcolor="#FFFFFF"
             type="circle" x="767" y="805" width="8" height="8"/>
    </entry>
    <entry id="55" name="cpd:C17951" type="compound"
        link="http://www.kegg.jp/dbget-bin/www_bget?C17951">
        <graphics name="C17951" fgcolor="#000000" bgcolor="#FFFFFF"
             type="circle" x="888" y="804" width="8" height="8"/>
    </entry>
    <entry id="56" name="cpd:C05042" type="compound"
        link="http://www.kegg.jp/dbget-bin/www_bget?C05042">
        <graphics name="C05042" fgcolor="#000000" bgcolor="#FFFFFF"
             type="circle" x="767" y="870" width="8" height="8"/>
    </entry>
    <entry id="57" name="cpd:C06457" type="compound"
        link="http://www.kegg.jp/dbget-bin/www_bget?C06457">
        <graphics name="C06457" fgcolor="#000000" bgcolor="#FFFFFF"
             type="circle" x="888" y="868" width="8" height="8"/>
    </entry>
    <entry id="58" name="path:ko00600" type="map"
        link="http://www.kegg.jp/dbget-bin/www_bget?ko00600">
        <graphics name="Sphingolipid metabolism" fgcolor="#000000" bgcolor="#FFFFFF"
             type="roundrectangle" x="481" y="617" width="92" height="34"/>
    </entry>
    <entry id="59" name="ko:K01841" type="ortholog" reaction="rn:R00661"
        link="http://www.kegg.jp/dbget-bin/www_bget?K01841">
        <graphics name="K01841" fgcolor="#000000" bgcolor="#BFBFFF"
             type="rectangle" x="293" y="165" width="46" height="17"/>
    </entry>
    <entry id="60" name="ko:K09459" type="ortholog" reaction="rn:R04053"
        link="http://www.kegg.jp/dbget-bin/www_bget?K09459">
        <graphics name="K09459" fgcolor="#000000" bgcolor="#BFBFFF"
             type="rectangle" x="293" y="240" width="46" height="17"/>
    </entry>
    <entry id="61" name="ko:K19670" type="ortholog" reaction="rn:R00318"
        link="http://www.kegg.jp/dbget-bin/www_bget?K19670">
        <graphics name="K19670" fgcolor="#000000" bgcolor="#BFBFFF"
             type="rectangle" x="166" y="323" width="46" height="17"/>
    </entry>
    <entry id="62" name="ko:K05306" type="ortholog" reaction="rn:R00747"
        link="http://www.kegg.jp/dbget-bin/www_bget?K05306">
        <graphics name="K05306" fgcolor="#000000" bgcolor="#BFBFFF"
             type="rectangle" x="166" y="263" width="46" height="17"/>
    </entry>
    <entry id="63" name="cpd:C17962" type="compound"
        link="http://www.kegg.jp/dbget-bin/www_bget?C17962">
        <graphics name="C17962" fgcolor="#000000" bgcolor="#FFFFFF"
             type="circle" x="687" y="711" width="8" height="8"/>
    </entry>
    <entry id="64" name="ko:K12902" type="ortholog" reaction="rn:R08862"
        link="http://www.kegg.jp/dbget-bin/www_bget?K12902">
        <graphics name="K12902" fgcolor="#000000" bgcolor="#BFBFFF"
             type="rectangle" x="198" y="389" width="46" height="17"/>
    </entry>
    <entry id="65" name="ko:K12903" type="ortholog" reaction="rn:R08863"
        link="http://www.kegg.jp/dbget-bin/www_bget?K12903">
        <graphics name="K12903" fgcolor="#000000" bgcolor="#BFBFFF"
             type="rectangle" x="111" y="389" width="46" height="17"/>
    </entry>
    <entry id="66" name="ko:K12914" type="ortholog" reaction="rn:R08873"
        link="http://www.kegg.jp/dbget-bin/www_bget?K12914">
        <graphics name="K12914" fgcolor="#000000" bgcolor="#BFBFFF"
             type="rectangle" x="769" y="759" width="46" height="17"/>
    </entry>
    <entry id="67" name="ko:K12915" type="ortholog" reaction="rn:R08874"
        link="http://www.kegg.jp/dbget-bin/www_bget?K12915">
        <graphics name="K12915" fgcolor="#000000" bgcolor="#BFBFFF"
             type="rectangle" x="768" y="833" width="46" height="17"/>
    </entry>
    <entry id="68" name="ko:K12906" type="ortholog" reaction="rn:R08865"
        link="http://www.kegg.jp/dbget-bin/www_bget?K12906">
        <graphics name="K12906" fgcolor="#000000" bgcolor="#BFBFFF"
             type="rectangle" x="294" y="478" width="46" height="17"/>
    </entry>
    <entry id="69" name="ko:K12907" type="ortholog" reaction="rn:R08866"
        link="http://www.kegg.jp/dbget-bin/www_bget?K12907">
        <graphics name="K12907" fgcolor="#000000" bgcolor="#BFBFFF"
             type="rectangle" x="293" y="543" width="46" height="17"/>
    </entry>
    <entry id="70" name="ko:K12908" type="ortholog" reaction="rn:R08867"
        link="http://www.kegg.jp/dbget-bin/www_bget?K12908">
        <graphics name="K12908" fgcolor="#000000" bgcolor="#BFBFFF"
             type="rectangle" x="295" y="609" width="46" height="17"/>
    </entry>
    <entry id="75" name="ko:K00968" type="ortholog" reaction="rn:R02590"
        link="http://www.kegg.jp/dbget-bin/www_bget?K00968">
        <graphics name="K00968" fgcolor="#000000" bgcolor="#BFBFFF"
             type="rectangle" x="687" y="446" width="46" height="17"/>
    </entry>
    <entry id="76" name="ko:K00993 ko:K13644" type="ortholog" reaction="rn:R04920"
        link="http://www.kegg.jp/dbget-bin/www_bget?K00993+K13644">
        <graphics name="K00993..." fgcolor="#000000" bgcolor="#BFBFFF"
             type="rectangle" x="523" y="513" width="46" height="17"/>
    </entry>
    <entry id="78" name="ko:K00994 ko:K13644" type="ortholog" reaction="rn:R04922"
        link="http://www.kegg.jp/dbget-bin/www_bget?K00994+K13644">
        <graphics name="K00994..." fgcolor="#000000" bgcolor="#BFBFFF"
             type="rectangle" x="737" y="475" width="46" height="17"/>
    </entry>
    <entry id="80" name="ko:K12901" type="ortholog" reaction="rn:R08861"
        link="http://www.kegg.jp/dbget-bin/www_bget?K12901">
        <graphics name="K12901" fgcolor="#000000" bgcolor="#BFBFFF"
             type="rectangle" x="268" y="349" width="46" height="17"/>
    </entry>
    <entry id="82" name="ko:K12909" type="ortholog" reaction="rn:R08868"
        link="http://www.kegg.jp/dbget-bin/www_bget?K12909">
        <graphics name="K12909" fgcolor="#000000" bgcolor="#BFBFFF"
             type="rectangle" x="328" y="711" width="46" height="17"/>
    </entry>
    <entry id="84" name="ko:K12909" type="ortholog" reaction="rn:R08869"
        link="http://www.kegg.jp/dbget-bin/www_bget?K12909">
        <graphics name="K12909" fgcolor="#000000" bgcolor="#BFBFFF"
             type="rectangle" x="409" y="711" width="46" height="17"/>
    </entry>
    <entry id="86" name="ko:K12910" type="ortholog" reaction="rn:R08870"
        link="http://www.kegg.jp/dbget-bin/www_bget?K12910">
        <graphics name="K12910" fgcolor="#000000" bgcolor="#BFBFFF"
             type="rectangle" x="488" y="712" width="46" height="17"/>
    </entry>
    <entry id="89" name="ko:K03823" type="ortholog" reaction="rn:R08871"
        link="http://www.kegg.jp/dbget-bin/www_bget?K03823">
        <graphics name="K03823" fgcolor="#000000" bgcolor="#BFBFFF"
             type="rectangle" x="724" y="711" width="46" height="17"/>
    </entry>
    <entry id="91" name="ko:K12912" type="ortholog" reaction="rn:R08872"
        link="http://www.kegg.jp/dbget-bin/www_bget?K12912">
        <graphics name="K12912" fgcolor="#000000" bgcolor="#BFBFFF"
             type="rectangle" x="823" y="712" width="46" height="17"/>
    </entry>
    <entry id="92" name="ko:K12913" type="ortholog" reaction="rn:R08872"
        link="http://www.kegg.jp/dbget-bin/www_bget?K12913">
        <graphics name="K12913" fgcolor="#000000" bgcolor="#BFBFFF"
             type="rectangle" x="823" y="729" width="46" height="17"/>
    </entry>
    <entry id="93" name="ko:K12911" type="ortholog" reaction="rn:R08872"
        link="http://www.kegg.jp/dbget-bin/www_bget?K12911">
        <graphics name="K12911" fgcolor="#000000" bgcolor="#BFBFFF"
             type="rectangle" x="823" y="695" width="46" height="17"/>
    </entry>
    <entry id="94" name="ko:K12914" type="ortholog" reaction="rn:R08875"
        link="http://www.kegg.jp/dbget-bin/www_bget?K12914">
        <graphics name="K12914" fgcolor="#000000" bgcolor="#BFBFFF"
             type="rectangle" x="889" y="759" width="46" height="17"/>
    </entry>
    <entry id="95" name="ko:K12915" type="ortholog" reaction="rn:R08876"
        link="http://www.kegg.jp/dbget-bin/www_bget?K12915">
        <graphics name="K12915" fgcolor="#000000" bgcolor="#BFBFFF"
             type="rectangle" x="888" y="833" width="46" height="17"/>
    </entry>
    <entry id="96" name="ko:K12904" type="ortholog" reaction="rn:R09478"
        link="http://www.kegg.jp/dbget-bin/www_bget?K12904">
        <graphics name="K12904" fgcolor="#000000" bgcolor="#BFBFFF"
             type="rectangle" x="318" y="349" width="46" height="17"/>
    </entry>
    <entry id="110" name="ko:K03430" type="ortholog" reaction="rn:R04152"
        link="http://www.kegg.jp/dbget-bin/www_bget?K03430">
        <graphics name="K03430" fgcolor="#000000" bgcolor="#BFBFFF"
             type="rectangle" x="342" y="323" width="46" height="17"/>
    </entry>
    <entry id="111" name="ko:K12905" type="ortholog" reaction="rn:R08864"
        link="http://www.kegg.jp/dbget-bin/www_bget?K12905">
        <graphics name="K12905" fgcolor="#000000" bgcolor="#BFBFFF"
             type="rectangle" x="293" y="417" width="46" height="17"/>
    </entry>
    <entry id="113" name="ko:K00967" type="ortholog" reaction="rn:R04247"
        link="http://www.kegg.jp/dbget-bin/www_bget?K00967">
        <graphics name="K00967" fgcolor="#000000" bgcolor="#BFBFFF"
             type="rectangle" x="430" y="512" width="46" height="17"/>
    </entry>
    <entry id="114" name="cpd:C17941" type="compound"
        link="http://www.kegg.jp/dbget-bin/www_bget?C17941">
        <graphics name="C17941" fgcolor="#000000" bgcolor="#FFFFFF"
             type="circle" x="387" y="214" width="8" height="8"/>
    </entry>
    <entry id="115" name="cpd:C05674" type="compound"
        link="http://www.kegg.jp/dbget-bin/www_bget?C05674">
        <graphics name="C05674" fgcolor="#000000" bgcolor="#FFFFFF"
             type="circle" x="737" y="445" width="8" height="8"/>
    </entry>
    <entry id="116" name="cpd:C05675" type="compound"
        link="http://www.kegg.jp/dbget-bin/www_bget?C05675">
        <graphics name="C05675" fgcolor="#000000" bgcolor="#FFFFFF"
             type="circle" x="652" y="513" width="8" height="8"/>
    </entry>
    <entry id="117" name="cpd:C00084" type="compound"
        link="http://www.kegg.jp/dbget-bin/www_bget?C00084">
        <graphics name="C00084" fgcolor="#000000" bgcolor="#FFFFFF"
             type="circle" x="93" y="263" width="8" height="8"/>
    </entry>
    <entry id="118" name="cpd:C06451" type="compound"
        link="http://www.kegg.jp/dbget-bin/www_bget?C06451">
        <graphics name="C06451" fgcolor="#000000" bgcolor="#FFFFFF"
             type="circle" x="293" y="388" width="8" height="8"/>
    </entry>
    <entry id="120" name="ko:K18049" type="ortholog" reaction="rn:R10191"
        link="http://www.kegg.jp/dbget-bin/www_bget?K18049">
        <graphics name="K18049" fgcolor="#000000" bgcolor="#BFBFFF"
             type="rectangle" x="225" y="437" width="46" height="17"/>
    </entry>
    <entry id="121" name="cpd:C20396" type="compound"
        link="http://www.kegg.jp/dbget-bin/www_bget?C20396">
        <graphics name="C20396" fgcolor="#000000" bgcolor="#FFFFFF"
             type="circle" x="225" y="473" width="8" height="8"/>
    </entry>
    <entry id="122" name="cpd:C20422" type="compound"
        link="http://www.kegg.jp/dbget-bin/www_bget?C20422">
        <graphics name="C20422" fgcolor="#000000" bgcolor="#FFFFFF"
             type="circle" x="225" y="536" width="8" height="8"/>
    </entry>
    <entry id="123" name="ko:K06164 ko:K05780 ko:K06165 ko:K06166" type="ortholog" reaction="rn:R10185"
        link="http://www.kegg.jp/dbget-bin/www_bget?K06164+K05780+K06165+K06166">
        <graphics name="K06164..." fgcolor="#000000" bgcolor="#BFBFFF"
             type="rectangle" x="224" y="499" width="46" height="17"/>
    </entry>
    <entry id="125" name="cpd:C20423" type="compound"
        link="http://www.kegg.jp/dbget-bin/www_bget?C20423">
        <graphics name="C20423" fgcolor="#000000" bgcolor="#FFFFFF"
             type="circle" x="225" y="601" width="8" height="8"/>
    </entry>
    <entry id="126" name="ko:K06162" type="ortholog" reaction="rn:R10186"
        link="http://www.kegg.jp/dbget-bin/www_bget?K06162">
        <graphics name="K06162" fgcolor="#000000" bgcolor="#BFBFFF"
             type="rectangle" x="224" y="564" width="46" height="17"/>
    </entry>
    <entry id="128" name="cpd:C20440" type="compound"
        link="http://www.kegg.jp/dbget-bin/www_bget?C20440">
        <graphics name="C20440" fgcolor="#000000" bgcolor="#FFFFFF"
             type="circle" x="225" y="666" width="8" height="8"/>
    </entry>
    <entry id="129" name="ko:K06163" type="ortholog" reaction="rn:R10204"
        link="http://www.kegg.jp/dbget-bin/www_bget?K06163">
        <graphics name="K06163" fgcolor="#000000" bgcolor="#BFBFFF"
             type="rectangle" x="225" y="629" width="46" height="17"/>
    </entry>
    <entry id="131" name="ko:K19669" type="ortholog" reaction="rn:R08200"
        link="http://www.kegg.jp/dbget-bin/www_bget?K19669">
        <graphics name="K19669" fgcolor="#000000" bgcolor="#BFBFFF"
             type="rectangle" x="166" y="183" width="46" height="17"/>
    </entry>
    <entry id="132" name="cpd:C00022" type="compound"
        link="http://www.kegg.jp/dbget-bin/www_bget?C00022">
        <graphics name="C00022" fgcolor="#000000" bgcolor="#FFFFFF"
             type="circle" x="116" y="182" width="8" height="8"/>
    </entry>
    <entry id="134" name="cpd:C01151" type="compound"
        link="http://www.kegg.jp/dbget-bin/www_bget?C01151">
        <graphics name="C01151" fgcolor="#000000" bgcolor="#FFFFFF"
             type="circle" x="225" y="732" width="8" height="8"/>
    </entry>
    <entry id="135" name="ko:K06167" type="ortholog" reaction="rn:R10205"
        link="http://www.kegg.jp/dbget-bin/www_bget?K06167">
        <graphics name="K06167" fgcolor="#000000" bgcolor="#BFBFFF"
             type="rectangle" x="225" y="695" width="46" height="17"/>
    </entry>
    <entry id="136" name="path:ko00030" type="map"
        link="http://www.kegg.jp/dbget-bin/www_bget?ko00030">
        <graphics name="Pentose phosphate pathway" fgcolor="#000000" bgcolor="#FFFFFF"
             type="roundrectangle" x="226" y="806" width="109" height="34"/>
    </entry>
    <relation entry1="12" entry2="59" type="maplink">
        <subtype name="compound" value="13"/>
    </relation>
    <relation entry1="12" entry2="62" type="maplink">
        <subtype name="compound" value="117"/>
    </relation>
    <relation entry1="59" entry2="60" type="ECrel">
        <subtype name="compound" value="15"/>
    </relation>
    <relation entry1="62" entry2="110" type="ECrel">
        <subtype name="compound" value="19"/>
    </relation>
    <relation entry1="62" entry2="80" type="ECrel">
        <subtype name="compound" value="19"/>
    </relation>
    <relation entry1="62" entry2="96" type="ECrel">
        <subtype name="compound" value="19"/>
    </relation>
    <relation entry1="110" entry2="80" type="ECrel">
        <subtype name="compound" value="19"/>
    </relation>
    <relation entry1="110" entry2="96" type="ECrel">
        <subtype name="compound" value="19"/>
    </relation>
    <relation entry1="110" entry2="113" type="ECrel">
        <subtype name="compound" value="20"/>
    </relation>
    <relation entry1="113" entry2="58" type="maplink">
        <subtype name="compound" value="38"/>
    </relation>
    <relation entry1="113" entry2="76" type="ECrel">
        <subtype name="compound" value="38"/>
    </relation>
    <relation entry1="58" entry2="76" type="maplink">
        <subtype name="compound" value="38"/>
    </relation>
    <relation entry1="75" entry2="78" type="ECrel">
        <subtype name="compound" value="115"/>
    </relation>
    <relation entry1="64" entry2="65" type="ECrel">
        <subtype name="compound" value="22"/>
    </relation>
    <relation entry1="96" entry2="64" type="ECrel">
        <subtype name="compound" value="118"/>
    </relation>
    <relation entry1="96" entry2="111" type="ECrel">
        <subtype name="compound" value="118"/>
    </relation>
    <relation entry1="80" entry2="64" type="ECrel">
        <subtype name="compound" value="118"/>
    </relation>
    <relation entry1="80" entry2="111" type="ECrel">
        <subtype name="compound" value="118"/>
    </relation>
    <relation entry1="64" entry2="111" type="ECrel">
        <subtype name="compound" value="118"/>
    </relation>
    <relation entry1="111" entry2="68" type="ECrel">
        <subtype name="compound" value="32"/>
    </relation>
    <relation entry1="68" entry2="69" type="ECrel">
        <subtype name="compound" value="33"/>
    </relation>
    <relation entry1="69" entry2="70" type="ECrel">
        <subtype name="compound" value="44"/>
    </relation>
    <relation entry1="82" entry2="84" type="ECrel">
        <subtype name="compound" value="48"/>
    </relation>
    <relation entry1="84" entry2="86" type="ECrel">
        <subtype name="compound" value="49"/>
    </relation>
    <relation entry1="89" entry2="93" type="ECrel">
        <subtype name="compound" value="52"/>
    </relation>
    <relation entry1="89" entry2="91" type="ECrel">
        <subtype name="compound" value="52"/>
    </relation>
    <relation entry1="89" entry2="92" type="ECrel">
        <subtype name="compound" value="52"/>
    </relation>
    <relation entry1="89" entry2="66" type="ECrel">
        <subtype name="compound" value="52"/>
    </relation>
    <relation entry1="93" entry2="91" type="ECrel">
        <subtype name="compound" value="52"/>
    </relation>
    <relation entry1="93" entry2="92" type="ECrel">
        <subtype name="compound" value="52"/>
    </relation>
    <relation entry1="93" entry2="66" type="ECrel">
        <subtype name="compound" value="52"/>
    </relation>
    <relation entry1="91" entry2="92" type="ECrel">
        <subtype name="compound" value="52"/>
    </relation>
    <relation entry1="91" entry2="66" type="ECrel">
        <subtype name="compound" value="52"/>
    </relation>
    <relation entry1="92" entry2="66" type="ECrel">
        <subtype name="compound" value="52"/>
    </relation>
    <relation entry1="93" entry2="91" type="ECrel">
        <subtype name="compound" value="53"/>
    </relation>
    <relation entry1="93" entry2="92" type="ECrel">
        <subtype name="compound" value="53"/>
    </relation>
    <relation entry1="93" entry2="94" type="ECrel">
        <subtype name="compound" value="53"/>
    </relation>
    <relation entry1="91" entry2="92" type="ECrel">
        <subtype name="compound" value="53"/>
    </relation>
    <relation entry1="91" entry2="94" type="ECrel">
        <subtype name="compound" value="53"/>
    </relation>
    <relation entry1="92" entry2="94" type="ECrel">
        <subtype name="compound" value="53"/>
    </relation>
    <relation entry1="66" entry2="67" type="ECrel">
        <subtype name="compound" value="54"/>
    </relation>
    <relation entry1="94" entry2="95" type="ECrel">
        <subtype name="compound" value="55"/>
    </relation>
    <relation entry1="135" entry2="136" type="maplink">
        <subtype name="compound" value="134"/>
    </relation>
    <relation entry1="129" entry2="135" type="ECrel">
        <subtype name="compound" value="128"/>
    </relation>
    <relation entry1="126" entry2="129" type="ECrel">
        <subtype name="compound" value="125"/>
    </relation>
    <relation entry1="123" entry2="126" type="ECrel">
        <subtype name="compound" value="122"/>
    </relation>
    <relation entry1="120" entry2="123" type="ECrel">
        <subtype name="compound" value="121"/>
    </relation>
    <relation entry1="80" entry2="120" type="ECrel">
        <subtype name="compound" value="118"/>
    </relation>
    <relation entry1="96" entry2="120" type="ECrel">
        <subtype name="compound" value="118"/>
    </relation>
    <relation entry1="111" entry2="120" type="ECrel">
        <subtype name="compound" value="118"/>
    </relation>
    <relation entry1="120" entry2="64" type="ECrel">
        <subtype name="compound" value="118"/>
    </relation>
    <relation entry1="12" entry2="131" type="maplink">
        <subtype name="compound" value="132"/>
    </relation>
    <relation entry1="12" entry2="61" type="maplink">
        <subtype name="compound" value="28"/>
    </relation>
    <reaction id="59" name="rn:R00661" type="reversible">
        <substrate id="13" name="cpd:C00074"/>
        <product id="15" name="cpd:C02798"/>
    </reaction>
    <reaction id="60" name="rn:R04053" type="irreversible">
        <substrate id="15" name="cpd:C02798"/>
        <product id="19" name="cpd:C03167"/>
    </reaction>
    <reaction id="61" name="rn:R00318" type="irreversible">
        <substrate id="26" name="cpd:C05682"/>
        <product id="28" name="cpd:C00033"/>
    </reaction>
    <reaction id="62" name="rn:R00747" type="irreversible">
        <substrate id="19" name="cpd:C03167"/>
        <product id="117" name="cpd:C00084"/>
    </reaction>
    <reaction id="110" name="rn:R04152" type="reversible">
        <substrate id="20" name="cpd:C03557"/>
        <product id="19" name="cpd:C03167"/>
    </reaction>
    <reaction id="113" name="rn:R04247" type="irreversible">
        <substrate id="20" name="cpd:C03557"/>
        <product id="38" name="cpd:C05673"/>
    </reaction>
    <reaction id="80" name="rn:R08861" type="irreversible">
        <substrate id="19" name="cpd:C03167"/>
        <product id="118" name="cpd:C06451"/>
    </reaction>
    <reaction id="64" name="rn:R08862" type="irreversible">
        <substrate id="118" name="cpd:C06451"/>
        <product id="22" name="cpd:C06452"/>
    </reaction>
    <reaction id="65" name="rn:R08863" type="irreversible">
        <substrate id="22" name="cpd:C06452"/>
        <product id="24" name="cpd:C06454"/>
    </reaction>
    <reaction id="111" name="rn:R08864" type="irreversible">
        <substrate id="118" name="cpd:C06451"/>
        <product id="32" name="cpd:C06455"/>
    </reaction>
    <reaction id="68" name="rn:R08865" type="irreversible">
        <substrate id="32" name="cpd:C06455"/>
        <product id="33" name="cpd:C17943"/>
    </reaction>
    <reaction id="69" name="rn:R08866" type="irreversible">
        <substrate id="33" name="cpd:C17943"/>
        <product id="44" name="cpd:C06456"/>
    </reaction>
    <reaction id="70" name="rn:R08867" type="irreversible">
        <substrate id="44" name="cpd:C06456"/>
        <product id="45" name="cpd:C17945"/>
    </reaction>
    <reaction id="82" name="rn:R08868" type="irreversible">
        <substrate id="47" name="cpd:C06367"/>
        <product id="48" name="cpd:C17946"/>
    </reaction>
    <reaction id="84" name="rn:R08869" type="irreversible">
        <substrate id="48" name="cpd:C17946"/>
        <product id="49" name="cpd:C06368"/>
    </reaction>
    <reaction id="86" name="rn:R08870" type="irreversible">
        <substrate id="49" name="cpd:C06368"/>
        <product id="50" name="cpd:C17947"/>
    </reaction>
    <reaction id="89" name="rn:R08871" type="irreversible">
        <substrate id="63" name="cpd:C17962"/>
        <product id="52" name="cpd:C17949"/>
    </reaction>
    <reaction id="91" name="rn:R08872" type="irreversible">
        <substrate id="52" name="cpd:C17949"/>
        <product id="53" name="cpd:C17950"/>
    </reaction>
    <reaction id="92" name="rn:R08872" type="irreversible">
        <substrate id="52" name="cpd:C17949"/>
        <product id="53" name="cpd:C17950"/>
    </reaction>
    <reaction id="93" name="rn:R08872" type="irreversible">
        <substrate id="52" name="cpd:C17949"/>
        <product id="53" name="cpd:C17950"/>
    </reaction>
    <reaction id="66" name="rn:R08873" type="irreversible">
        <substrate id="52" name="cpd:C17949"/>
        <product id="54" name="cpd:C17952"/>
    </reaction>
    <reaction id="94" name="rn:R08875" type="irreversible">
        <substrate id="53" name="cpd:C17950"/>
        <product id="55" name="cpd:C17951"/>
    </reaction>
    <reaction id="67" name="rn:R08874" type="irreversible">
        <substrate id="54" name="cpd:C17952"/>
        <product id="56" name="cpd:C05042"/>
    </reaction>
    <reaction id="75" name="rn:R02590" type="irreversible">
        <substrate id="42" name="cpd:C06459"/>
        <product id="115" name="cpd:C05674"/>
    </reaction>
    <reaction id="78" name="rn:R04922" type="irreversible">
        <substrate id="115" name="cpd:C05674"/>
        <product id="43" name="cpd:C05676"/>
    </reaction>
    <reaction id="76" name="rn:R04920" type="irreversible">
        <substrate id="38" name="cpd:C05673"/>
        <product id="116" name="cpd:C05675"/>
    </reaction>
    <reaction id="95" name="rn:R08876" type="irreversible">
        <substrate id="55" name="cpd:C17951"/>
        <product id="57" name="cpd:C06457"/>
    </reaction>
    <reaction id="96" name="rn:R09478" type="irreversible">
        <substrate id="19" name="cpd:C03167"/>
        <product id="118" name="cpd:C06451"/>
    </reaction>
    <reaction id="120" name="rn:R10191" type="irreversible">
        <substrate id="118" name="cpd:C06451"/>
        <product id="121" name="cpd:C20396"/>
    </reaction>
    <reaction id="123" name="rn:R10185" type="irreversible">
        <substrate id="121" name="cpd:C20396"/>
        <product id="122" name="cpd:C20422"/>
    </reaction>
    <reaction id="126" name="rn:R10186" type="irreversible">
        <substrate id="122" name="cpd:C20422"/>
        <product id="125" name="cpd:C20423"/>
    </reaction>
    <reaction id="129" name="rn:R10204" type="irreversible">
        <substrate id="125" name="cpd:C20423"/>
        <product id="128" name="cpd:C20440"/>
    </reaction>
    <reaction id="131" name="rn:R08200" type="irreversible">
        <substrate id="15" name="cpd:C02798"/>
        <product id="132" name="cpd:C00022"/>
    </reaction>
    <reaction id="135" name="rn:R10205" type="irreversible">
        <substrate id="128" name="cpd:C20440"/>
        <product id="134" name="cpd:C01151"/>
    </reaction>
</pathway>
