<?xml version="1.0"?>
<!DOCTYPE pathway SYSTEM "http://www.kegg.jp/kegg/xml/KGML_v0.7.2_.dtd">
<!-- Creation date: Oct 29, 2010 17:53:30 +0900 (JST) -->
<pathway name="path:ko00473" org="ko" number="00473"
         title="D-Alanine metabolism"
         image="http://www.kegg.jp/kegg/pathway/ko/ko00473.png"
         link="http://www.kegg.jp/kegg-bin/show_pathway?ko00473">
    <entry id="5" name="path:ko00473" type="map"
        link="http://www.kegg.jp/dbget-bin/www_bget?ko00473">
        <graphics name="TITLE:D-Alanine metabolism" fgcolor="#000000" bgcolor="#FFFFFF"
             type="roundrectangle" x="140" y="58" width="200" height="25"/>
    </entry>
    <entry id="6" name="path:ko00550" type="map"
        link="http://www.kegg.jp/dbget-bin/www_bget?ko00550">
        <graphics name="Peptidoglycan biosynthesis" fgcolor="#000000" bgcolor="#FFFFFF"
             type="roundrectangle" x="506" y="280" width="87" height="35"/>
    </entry>
    <entry id="7" name="path:ko00472" type="map"
        link="http://www.kegg.jp/dbget-bin/www_bget?ko00472">
        <graphics name="D-Arginine and D-ornithine metabolism" fgcolor="#000000" bgcolor="#FFFFFF"
             type="roundrectangle" x="460" y="192" width="134" height="35"/>
    </entry>
    <entry id="8" name="path:ko00460" type="map"
        link="http://www.kegg.jp/dbget-bin/www_bget?ko00460">
        <graphics name="Cyanoamino acid metabolism" fgcolor="#000000" bgcolor="#FFFFFF"
             type="roundrectangle" x="351" y="129" width="103" height="35"/>
    </entry>
    <entry id="9" name="path:ko00450" type="map"
        link="http://www.kegg.jp/dbget-bin/www_bget?ko00450">
        <graphics name="Selenocompound metabolism" fgcolor="#000000" bgcolor="#FFFFFF"
             type="roundrectangle" x="245" y="129" width="103" height="35"/>
    </entry>
    <entry id="10" name="path:ko00010" type="map"
        link="http://www.kegg.jp/dbget-bin/www_bget?ko00010">
        <graphics name="Glycolysis / Gluconeogenesis" fgcolor="#000000" bgcolor="#FFFFFF"
             type="roundrectangle" x="78" y="227" width="79" height="26"/>
    </entry>
    <entry id="11" name="path:ko00250" type="map"
        link="http://www.kegg.jp/dbget-bin/www_bget?ko00250">
        <graphics name="Alanine, aspartate and glutamate metabolism" fgcolor="#000000" bgcolor="#FFFFFF"
             type="roundrectangle" x="107" y="192" width="137" height="35"/>
    </entry>
    <entry id="13" name="ko:K01921" type="ortholog" reaction="rn:R01150"
        link="http://www.kegg.jp/dbget-bin/www_bget?K01921">
        <graphics name="K01921" fgcolor="#000000" bgcolor="#BFBFFF"
             type="rectangle" x="318" y="280" width="46" height="17"/>
    </entry>
    <entry id="15" name="ko:K00824" type="ortholog" reaction="rn:R01148"
        link="http://www.kegg.jp/dbget-bin/www_bget?K00824">
        <graphics name="K00824" fgcolor="#000000" bgcolor="#BFBFFF"
             type="rectangle" x="160" y="269" width="46" height="17"/>
    </entry>
    <entry id="16" name="ko:K01775" type="ortholog" reaction="rn:R00401"
        link="http://www.kegg.jp/dbget-bin/www_bget?K01775">
        <graphics name="K01775" fgcolor="#000000" bgcolor="#BFBFFF"
             type="rectangle" x="244" y="235" width="46" height="17"/>
    </entry>
    <entry id="17" name="ko:K03367 ko:K14188" type="ortholog" reaction="rn:R02718"
        link="http://www.kegg.jp/dbget-bin/www_bget?K03367+K14188">
        <graphics name="K03367..." fgcolor="#000000" bgcolor="#BFBFFF"
             type="rectangle" x="191" y="347" width="46" height="17"/>
    </entry>
    <entry id="18" name="cpd:C00041" type="compound"
        link="http://www.kegg.jp/dbget-bin/www_bget?C00041">
        <graphics name="C00041" fgcolor="#000000" bgcolor="#FFFFFF"
             type="circle" x="244" y="191" width="8" height="8"/>
    </entry>
    <entry id="19" name="cpd:C00133" type="compound"
        link="http://www.kegg.jp/dbget-bin/www_bget?C00133">
        <graphics name="C00133" fgcolor="#000000" bgcolor="#FFFFFF"
             type="circle" x="244" y="279" width="8" height="8"/>
    </entry>
    <entry id="20" name="cpd:C00993" type="compound"
        link="http://www.kegg.jp/dbget-bin/www_bget?C00993">
        <graphics name="C00993" fgcolor="#000000" bgcolor="#FFFFFF"
             type="circle" x="393" y="279" width="8" height="8"/>
    </entry>
    <entry id="21" name="cpd:C00022" type="compound"
        link="http://www.kegg.jp/dbget-bin/www_bget?C00022">
        <graphics name="C00022" fgcolor="#000000" bgcolor="#FFFFFF"
             type="circle" x="77" y="279" width="8" height="8"/>
    </entry>
    <entry id="22" name="cpd:C04260" type="compound"
        link="http://www.kegg.jp/dbget-bin/www_bget?C04260">
        <graphics name="C04260" fgcolor="#000000" bgcolor="#FFFFFF"
             type="circle" x="140" y="346" width="8" height="8"/>
    </entry>
    <entry id="23" name="cpd:C04457" type="compound"
        link="http://www.kegg.jp/dbget-bin/www_bget?C04457">
        <graphics name="C04457" fgcolor="#000000" bgcolor="#FFFFFF"
             type="circle" x="244" y="429" width="8" height="8"/>
    </entry>
    <relation entry1="15" entry2="16" type="ECrel">
        <subtype name="compound" value="19"/>
    </relation>
    <relation entry1="16" entry2="17" type="ECrel">
        <subtype name="compound" value="19"/>
    </relation>
    <relation entry1="13" entry2="16" type="ECrel">
        <subtype name="compound" value="19"/>
    </relation>
    <relation entry1="15" entry2="17" type="ECrel">
        <subtype name="compound" value="19"/>
    </relation>
    <relation entry1="13" entry2="15" type="ECrel">
        <subtype name="compound" value="19"/>
    </relation>
    <relation entry1="13" entry2="17" type="ECrel">
        <subtype name="compound" value="19"/>
    </relation>
    <relation entry1="9" entry2="11" type="maplink">
        <subtype name="compound" value="18"/>
    </relation>
    <relation entry1="8" entry2="11" type="maplink">
        <subtype name="compound" value="18"/>
    </relation>
    <relation entry1="7" entry2="11" type="maplink">
        <subtype name="compound" value="18"/>
    </relation>
    <relation entry1="16" entry2="11" type="maplink">
        <subtype name="compound" value="18"/>
    </relation>
    <relation entry1="8" entry2="9" type="maplink">
        <subtype name="compound" value="18"/>
    </relation>
    <relation entry1="7" entry2="9" type="maplink">
        <subtype name="compound" value="18"/>
    </relation>
    <relation entry1="16" entry2="9" type="maplink">
        <subtype name="compound" value="18"/>
    </relation>
    <relation entry1="7" entry2="8" type="maplink">
        <subtype name="compound" value="18"/>
    </relation>
    <relation entry1="16" entry2="8" type="maplink">
        <subtype name="compound" value="18"/>
    </relation>
    <relation entry1="16" entry2="7" type="maplink">
        <subtype name="compound" value="18"/>
    </relation>
    <relation entry1="13" entry2="6" type="maplink">
        <subtype name="compound" value="19"/>
    </relation>
    <relation entry1="13" entry2="6" type="maplink">
        <subtype name="compound" value="20"/>
    </relation>
    <relation entry1="17" entry2="6" type="maplink">
        <subtype name="compound" value="19"/>
    </relation>
    <relation entry1="15" entry2="6" type="maplink">
        <subtype name="compound" value="19"/>
    </relation>
    <relation entry1="16" entry2="6" type="maplink">
        <subtype name="compound" value="19"/>
    </relation>
    <relation entry1="15" entry2="10" type="maplink">
        <subtype name="compound" value="21"/>
    </relation>
    <reaction id="13" name="rn:R01150" type="irreversible">
        <substrate id="19" name="cpd:C00133"/>
        <product id="20" name="cpd:C00993"/>
    </reaction>
    <reaction id="15" name="rn:R01148" type="reversible">
        <substrate id="19" name="cpd:C00133"/>
        <product id="21" name="cpd:C00022"/>
    </reaction>
    <reaction id="16" name="rn:R00401" type="reversible">
        <substrate id="18" name="cpd:C00041"/>
        <product id="19" name="cpd:C00133"/>
    </reaction>
    <reaction id="17" name="rn:R02718" type="irreversible">
        <substrate id="19" name="cpd:C00133"/>
        <product id="22" name="cpd:C04260"/>
    </reaction>
</pathway>
