<?xml version="1.0"?>
<!DOCTYPE pathway SYSTEM "http://www.kegg.jp/kegg/xml/KGML_v0.7.2_.dtd">
<!-- Creation date: Mar 3, 2016 11:19:58 +0900 (GMT+9) -->
<pathway name="path:ko00290" org="ko" number="00290"
         title="Valine, leucine and isoleucine biosynthesis"
         image="http://www.kegg.jp/kegg/pathway/ko/ko00290.png"
         link="http://www.kegg.jp/kegg-bin/show_pathway?ko00290">
    <entry id="20" name="ko:K09011" type="ortholog" reaction="rn:R07399"
        link="http://www.kegg.jp/dbget-bin/www_bget?K09011">
        <graphics name="K09011" fgcolor="#000000" bgcolor="#BFBFFF"
             type="rectangle" x="475" y="218" width="46" height="17"/>
    </entry>
    <entry id="21" name="ko:K01703 ko:K01704" type="ortholog" reaction="rn:R03898"
        link="http://www.kegg.jp/dbget-bin/www_bget?K01703+K01704">
        <graphics name="K01703..." fgcolor="#000000" bgcolor="#BFBFFF"
             type="rectangle" x="270" y="183" width="46" height="17"/>
    </entry>
    <entry id="22" name="ko:K00052" type="ortholog" reaction="rn:R00994"
        link="http://www.kegg.jp/dbget-bin/www_bget?K00052">
        <graphics name="K00052" fgcolor="#000000" bgcolor="#BFBFFF"
             type="rectangle" x="179" y="208" width="46" height="17"/>
    </entry>
    <entry id="23" name="ko:K17989 ko:K01754" type="ortholog" reaction="rn:R00996"
        link="http://www.kegg.jp/dbget-bin/www_bget?K17989+K01754">
        <graphics name="K17989..." fgcolor="#000000" bgcolor="#BFBFFF"
             type="rectangle" x="129" y="240" width="46" height="17"/>
    </entry>
    <entry id="24" name="cpd:C00188" type="compound"
        link="http://www.kegg.jp/dbget-bin/www_bget?C00188">
        <graphics name="C00188" fgcolor="#000000" bgcolor="#FFFFFF"
             type="circle" x="93" y="240" width="8" height="8"/>
    </entry>
    <entry id="25" name="cpd:C06032" type="compound"
        link="http://www.kegg.jp/dbget-bin/www_bget?C06032">
        <graphics name="C06032" fgcolor="#000000" bgcolor="#FFFFFF"
             type="circle" x="208" y="182" width="8" height="8"/>
    </entry>
    <entry id="26" name="cpd:C02226" type="compound"
        link="http://www.kegg.jp/dbget-bin/www_bget?C02226">
        <graphics name="C02226" fgcolor="#000000" bgcolor="#FFFFFF"
             type="circle" x="321" y="182" width="8" height="8"/>
    </entry>
    <entry id="27" name="cpd:C02612" type="compound"
        link="http://www.kegg.jp/dbget-bin/www_bget?C02612">
        <graphics name="C02612" fgcolor="#000000" bgcolor="#FFFFFF"
             type="circle" x="474" y="182" width="8" height="8"/>
    </entry>
    <entry id="28" name="cpd:C00024" type="compound"
        link="http://www.kegg.jp/dbget-bin/www_bget?C00024">
        <graphics name="C00024" fgcolor="#000000" bgcolor="#FFFFFF"
             type="circle" x="531" y="240" width="8" height="8"/>
    </entry>
    <entry id="29" name="path:ko00290" type="map"
        link="http://www.kegg.jp/dbget-bin/www_bget?ko00290">
        <graphics name="TITLE:Valine, leucine and isoleucine biosynthesis" fgcolor="#000000" bgcolor="#FFFFFF"
             type="roundrectangle" x="232" y="58" width="383" height="25"/>
    </entry>
    <entry id="30" name="path:ko00260" type="map"
        link="http://www.kegg.jp/dbget-bin/www_bget?ko00260">
        <graphics name="Glycine, serine and threonine metabolism" fgcolor="#000000" bgcolor="#FFFFFF"
             type="roundrectangle" x="94" y="140" width="119" height="34"/>
    </entry>
    <entry id="31" name="ko:K00826" type="ortholog" reaction="rn:R02199"
        link="http://www.kegg.jp/dbget-bin/www_bget?K00826">
        <graphics name="K00826" fgcolor="#000000" bgcolor="#BFBFFF"
             type="rectangle" x="154" y="565" width="46" height="17"/>
    </entry>
    <entry id="33" name="ko:K00826" type="ortholog" reaction="rn:R01090"
        link="http://www.kegg.jp/dbget-bin/www_bget?K00826">
        <graphics name="K00826" fgcolor="#000000" bgcolor="#BFBFFF"
             type="rectangle" x="676" y="704" width="46" height="17"/>
    </entry>
    <entry id="34" name="ko:K00053" type="ortholog" reaction="rn:R05068"
        link="http://www.kegg.jp/dbget-bin/www_bget?K00053">
        <graphics name="K00053" fgcolor="#000000" bgcolor="#BFBFFF"
             type="rectangle" x="179" y="429" width="46" height="17"/>
    </entry>
    <entry id="35" name="ko:K01702 ko:K01703 ko:K01704" type="ortholog" reaction="rn:R03968"
        link="http://www.kegg.jp/dbget-bin/www_bget?K01702+K01703+K01704">
        <graphics name="K01702..." fgcolor="#000000" bgcolor="#BFBFFF"
             type="rectangle" x="533" y="530" width="46" height="17"/>
    </entry>
    <entry id="36" name="ko:K00052" type="ortholog" reaction="rn:R04426"
        link="http://www.kegg.jp/dbget-bin/www_bget?K00052">
        <graphics name="K00052" fgcolor="#000000" bgcolor="#BFBFFF"
             type="rectangle" x="702" y="565" width="46" height="17"/>
    </entry>
    <entry id="37" name="ko:K01702 ko:K01703 ko:K01704" type="ortholog" reaction="rn:R04001"
        link="http://www.kegg.jp/dbget-bin/www_bget?K01702+K01703+K01704">
        <graphics name="K01702..." fgcolor="#000000" bgcolor="#BFBFFF"
             type="rectangle" x="645" y="530" width="46" height="17"/>
    </entry>
    <entry id="38" name="ko:K01649" type="ortholog" reaction="rn:R01213"
        link="http://www.kegg.jp/dbget-bin/www_bget?K01649">
        <graphics name="K01649" fgcolor="#000000" bgcolor="#BFBFFF"
             type="rectangle" x="411" y="524" width="46" height="17"/>
    </entry>
    <entry id="39" name="ko:K00835 ko:K14260" type="ortholog" reaction="rn:R01215"
        link="http://www.kegg.jp/dbget-bin/www_bget?K00835+K14260">
        <graphics name="K00835..." fgcolor="#000000" bgcolor="#BFBFFF"
             type="rectangle" x="396" y="565" width="46" height="17"/>
    </entry>
    <entry id="40" name="ko:K00826" type="ortholog" reaction="rn:R01214"
        link="http://www.kegg.jp/dbget-bin/www_bget?K00826">
        <graphics name="K00826" fgcolor="#000000" bgcolor="#BFBFFF"
             type="rectangle" x="296" y="565" width="46" height="17"/>
    </entry>
    <entry id="41" name="ko:K01687" type="ortholog" reaction="rn:R04441"
        link="http://www.kegg.jp/dbget-bin/www_bget?K01687">
        <graphics name="K01687" fgcolor="#000000" bgcolor="#BFBFFF"
             type="rectangle" x="321" y="495" width="46" height="17"/>
    </entry>
    <entry id="42" name="ko:K00053" type="ortholog" reaction="rn:R05069"
        link="http://www.kegg.jp/dbget-bin/www_bget?K00053">
        <graphics name="K00053" fgcolor="#000000" bgcolor="#BFBFFF"
             type="rectangle" x="154" y="361" width="46" height="17"/>
    </entry>
    <entry id="44" name="ko:K00053" type="ortholog" reaction="rn:R05071"
        link="http://www.kegg.jp/dbget-bin/www_bget?K00053">
        <graphics name="K00053" fgcolor="#000000" bgcolor="#BFBFFF"
             type="rectangle" x="296" y="361" width="46" height="17"/>
    </entry>
    <entry id="45" name="ko:K01687" type="ortholog" reaction="rn:R05070"
        link="http://www.kegg.jp/dbget-bin/www_bget?K01687">
        <graphics name="K01687" fgcolor="#000000" bgcolor="#BFBFFF"
             type="rectangle" x="179" y="495" width="46" height="17"/>
    </entry>
    <entry id="46" name="ko:K00053" type="ortholog" reaction="rn:R04440"
        link="http://www.kegg.jp/dbget-bin/www_bget?K00053">
        <graphics name="K00053" fgcolor="#000000" bgcolor="#BFBFFF"
             type="rectangle" x="321" y="429" width="46" height="17"/>
    </entry>
    <entry id="47" name="ko:K01652 ko:K01653 ko:K11258" type="ortholog" reaction="rn:R08648"
        link="http://www.kegg.jp/dbget-bin/www_bget?K01652+K01653+K11258">
        <graphics name="K01652..." fgcolor="#000000" bgcolor="#BFBFFF"
             type="rectangle" x="179" y="293" width="46" height="17"/>
    </entry>
    <entry id="48" name="path:ko00280" type="map"
        link="http://www.kegg.jp/dbget-bin/www_bget?ko00280">
        <graphics name="Valine, leucine and isoleucine degradation" fgcolor="#000000" bgcolor="#FFFFFF"
             type="roundrectangle" x="325" y="741" width="127" height="34"/>
    </entry>
    <entry id="49" name="path:ko00620" type="map"
        link="http://www.kegg.jp/dbget-bin/www_bget?ko00620">
        <graphics name="Pyruvate metabolism" fgcolor="#000000" bgcolor="#FFFFFF"
             type="roundrectangle" x="475" y="392" width="74" height="34"/>
    </entry>
    <entry id="51" name="ko:K00263" type="ortholog" reaction="rn:R01088"
        link="http://www.kegg.jp/dbget-bin/www_bget?K00263">
        <graphics name="K00263" fgcolor="#000000" bgcolor="#BFBFFF"
             type="rectangle" x="726" y="704" width="46" height="17"/>
    </entry>
    <entry id="52" name="ko:K00263" type="ortholog" reaction="rn:R01434"
        link="http://www.kegg.jp/dbget-bin/www_bget?K00263">
        <graphics name="K00263" fgcolor="#000000" bgcolor="#BFBFFF"
             type="rectangle" x="346" y="565" width="46" height="17"/>
    </entry>
    <entry id="53" name="ko:K00263" type="ortholog" reaction="rn:R02196"
        link="http://www.kegg.jp/dbget-bin/www_bget?K00263">
        <graphics name="K00263" fgcolor="#000000" bgcolor="#BFBFFF"
             type="rectangle" x="204" y="565" width="46" height="17"/>
    </entry>
    <entry id="54" name="cpd:C00022" type="compound"
        link="http://www.kegg.jp/dbget-bin/www_bget?C00022">
        <graphics name="C00022" fgcolor="#000000" bgcolor="#FFFFFF"
             type="circle" x="474" y="267" width="8" height="8"/>
    </entry>
    <entry id="55" name="cpd:C00109" type="compound"
        link="http://www.kegg.jp/dbget-bin/www_bget?C00109">
        <graphics name="C00109" fgcolor="#000000" bgcolor="#FFFFFF"
             type="circle" x="179" y="240" width="8" height="8"/>
    </entry>
    <entry id="56" name="cpd:C06006" type="compound"
        link="http://www.kegg.jp/dbget-bin/www_bget?C06006">
        <graphics name="C06006" fgcolor="#000000" bgcolor="#FFFFFF"
             type="circle" x="179" y="325" width="8" height="8"/>
    </entry>
    <entry id="57" name="cpd:C14463" type="compound"
        link="http://www.kegg.jp/dbget-bin/www_bget?C14463">
        <graphics name="C14463" fgcolor="#000000" bgcolor="#FFFFFF"
             type="circle" x="179" y="391" width="8" height="8"/>
    </entry>
    <entry id="58" name="cpd:C06007" type="compound"
        link="http://www.kegg.jp/dbget-bin/www_bget?C06007">
        <graphics name="C06007" fgcolor="#000000" bgcolor="#FFFFFF"
             type="circle" x="179" y="464" width="8" height="8"/>
    </entry>
    <entry id="59" name="cpd:C00671" type="compound"
        link="http://www.kegg.jp/dbget-bin/www_bget?C00671">
        <graphics name="C00671" fgcolor="#000000" bgcolor="#FFFFFF"
             type="circle" x="179" y="529" width="8" height="8"/>
    </entry>
    <entry id="60" name="cpd:C00407" type="compound"
        link="http://www.kegg.jp/dbget-bin/www_bget?C00407">
        <graphics name="C00407" fgcolor="#000000" bgcolor="#FFFFFF"
             type="circle" x="179" y="599" width="8" height="8"/>
    </entry>
    <entry id="61" name="cpd:C00183" type="compound"
        link="http://www.kegg.jp/dbget-bin/www_bget?C00183">
        <graphics name="C00183" fgcolor="#000000" bgcolor="#FFFFFF"
             type="circle" x="321" y="599" width="8" height="8"/>
    </entry>
    <entry id="62" name="cpd:C00141" type="compound"
        link="http://www.kegg.jp/dbget-bin/www_bget?C00141">
        <graphics name="C00141" fgcolor="#000000" bgcolor="#FFFFFF"
             type="circle" x="321" y="529" width="8" height="8"/>
    </entry>
    <entry id="63" name="cpd:C04272" type="compound"
        link="http://www.kegg.jp/dbget-bin/www_bget?C04272">
        <graphics name="C04272" fgcolor="#000000" bgcolor="#FFFFFF"
             type="circle" x="321" y="464" width="8" height="8"/>
    </entry>
    <entry id="64" name="cpd:C04181" type="compound"
        link="http://www.kegg.jp/dbget-bin/www_bget?C04181">
        <graphics name="C04181" fgcolor="#000000" bgcolor="#FFFFFF"
             type="circle" x="321" y="391" width="8" height="8"/>
    </entry>
    <entry id="65" name="cpd:C06010" type="compound"
        link="http://www.kegg.jp/dbget-bin/www_bget?C06010">
        <graphics name="C06010" fgcolor="#000000" bgcolor="#FFFFFF"
             type="circle" x="321" y="325" width="8" height="8"/>
    </entry>
    <entry id="66" name="cpd:C02504" type="compound"
        link="http://www.kegg.jp/dbget-bin/www_bget?C02504">
        <graphics name="C02504" fgcolor="#000000" bgcolor="#FFFFFF"
             type="circle" x="474" y="529" width="8" height="8"/>
    </entry>
    <entry id="67" name="cpd:C02631" type="compound"
        link="http://www.kegg.jp/dbget-bin/www_bget?C02631">
        <graphics name="C02631" fgcolor="#000000" bgcolor="#FFFFFF"
             type="circle" x="588" y="529" width="8" height="8"/>
    </entry>
    <entry id="68" name="cpd:C04411" type="compound"
        link="http://www.kegg.jp/dbget-bin/www_bget?C04411">
        <graphics name="C04411" fgcolor="#000000" bgcolor="#FFFFFF"
             type="circle" x="701" y="529" width="8" height="8"/>
    </entry>
    <entry id="69" name="cpd:C04236" type="compound"
        link="http://www.kegg.jp/dbget-bin/www_bget?C04236">
        <graphics name="C04236" fgcolor="#000000" bgcolor="#FFFFFF"
             type="circle" x="701" y="599" width="8" height="8"/>
    </entry>
    <entry id="70" name="cpd:C00233" type="compound"
        link="http://www.kegg.jp/dbget-bin/www_bget?C00233">
        <graphics name="C00233" fgcolor="#000000" bgcolor="#FFFFFF"
             type="circle" x="701" y="650" width="8" height="8"/>
    </entry>
    <entry id="71" name="cpd:C00123" type="compound"
        link="http://www.kegg.jp/dbget-bin/www_bget?C00123">
        <graphics name="C00123" fgcolor="#000000" bgcolor="#FFFFFF"
             type="circle" x="701" y="741" width="8" height="8"/>
    </entry>
    <entry id="78" name="ko:K01703 ko:K01704" type="ortholog" reaction="rn:R03896"
        link="http://www.kegg.jp/dbget-bin/www_bget?K01703+K01704">
        <graphics name="K01703..." fgcolor="#000000" bgcolor="#BFBFFF"
             type="rectangle" x="411" y="182" width="46" height="17"/>
    </entry>
    <entry id="79" name="ko:K01652 ko:K01653 ko:K11258" type="ortholog" reaction="rn:R00226"
        link="http://www.kegg.jp/dbget-bin/www_bget?K01652+K01653+K11258">
        <graphics name="K01652..." fgcolor="#000000" bgcolor="#BFBFFF"
             type="rectangle" x="321" y="293" width="46" height="17"/>
    </entry>
    <relation entry1="22" entry2="23" type="ECrel">
        <subtype name="compound" value="55"/>
    </relation>
    <relation entry1="22" entry2="47" type="ECrel">
        <subtype name="compound" value="55"/>
    </relation>
    <relation entry1="23" entry2="47" type="ECrel">
        <subtype name="compound" value="55"/>
    </relation>
    <relation entry1="21" entry2="22" type="ECrel">
        <subtype name="compound" value="25"/>
    </relation>
    <relation entry1="78" entry2="20" type="ECrel">
        <subtype name="compound" value="27"/>
    </relation>
    <relation entry1="42" entry2="47" type="ECrel">
        <subtype name="compound" value="56"/>
    </relation>
    <relation entry1="34" entry2="45" type="ECrel">
        <subtype name="compound" value="58"/>
    </relation>
    <relation entry1="31" entry2="45" type="ECrel">
        <subtype name="compound" value="59"/>
    </relation>
    <relation entry1="45" entry2="53" type="ECrel">
        <subtype name="compound" value="59"/>
    </relation>
    <relation entry1="44" entry2="79" type="ECrel">
        <subtype name="compound" value="65"/>
    </relation>
    <relation entry1="41" entry2="46" type="ECrel">
        <subtype name="compound" value="63"/>
    </relation>
    <relation entry1="39" entry2="41" type="ECrel">
        <subtype name="compound" value="62"/>
    </relation>
    <relation entry1="40" entry2="41" type="ECrel">
        <subtype name="compound" value="62"/>
    </relation>
    <relation entry1="41" entry2="52" type="ECrel">
        <subtype name="compound" value="62"/>
    </relation>
    <relation entry1="38" entry2="41" type="ECrel">
        <subtype name="compound" value="62"/>
    </relation>
    <relation entry1="38" entry2="39" type="ECrel">
        <subtype name="compound" value="62"/>
    </relation>
    <relation entry1="38" entry2="40" type="ECrel">
        <subtype name="compound" value="62"/>
    </relation>
    <relation entry1="38" entry2="52" type="ECrel">
        <subtype name="compound" value="62"/>
    </relation>
    <relation entry1="35" entry2="38" type="ECrel">
        <subtype name="compound" value="66"/>
    </relation>
    <relation entry1="36" entry2="37" type="ECrel">
        <subtype name="compound" value="68"/>
    </relation>
    <relation entry1="23" entry2="30" type="maplink">
        <subtype name="compound" value="24"/>
    </relation>
    <relation entry1="20" entry2="49" type="maplink">
        <subtype name="compound" value="54"/>
    </relation>
    <relation entry1="31" entry2="48" type="maplink">
        <subtype name="compound" value="60"/>
    </relation>
    <relation entry1="53" entry2="48" type="maplink">
        <subtype name="compound" value="60"/>
    </relation>
    <relation entry1="39" entry2="48" type="maplink">
        <subtype name="compound" value="61"/>
    </relation>
    <relation entry1="40" entry2="48" type="maplink">
        <subtype name="compound" value="61"/>
    </relation>
    <relation entry1="52" entry2="48" type="maplink">
        <subtype name="compound" value="61"/>
    </relation>
    <relation entry1="38" entry2="49" type="maplink">
        <subtype name="compound" value="66"/>
    </relation>
    <relation entry1="35" entry2="49" type="maplink">
        <subtype name="compound" value="66"/>
    </relation>
    <relation entry1="33" entry2="48" type="maplink">
        <subtype name="compound" value="71"/>
    </relation>
    <relation entry1="51" entry2="48" type="maplink">
        <subtype name="compound" value="71"/>
    </relation>
    <relation entry1="49" entry2="79" type="maplink">
        <subtype name="compound" value="54"/>
    </relation>
    <relation entry1="20" entry2="79" type="ECrel">
        <subtype name="compound" value="54"/>
    </relation>
    <reaction id="78" name="rn:R03896" type="irreversible">
        <substrate id="27" name="cpd:C02612"/>
        <product id="26" name="cpd:C02226"/>
    </reaction>
    <reaction id="20" name="rn:R07399" type="irreversible">
        <substrate id="54" name="cpd:C00022"/>
        <substrate id="28" name="cpd:C00024"/>
        <product id="27" name="cpd:C02612"/>
    </reaction>
    <reaction id="21" name="rn:R03898" type="irreversible">
        <substrate id="26" name="cpd:C02226"/>
        <product id="25" name="cpd:C06032"/>
    </reaction>
    <reaction id="22" name="rn:R00994" type="irreversible">
        <substrate id="25" name="cpd:C06032"/>
        <product id="55" name="cpd:C00109"/>
    </reaction>
    <reaction id="23" name="rn:R00996" type="irreversible">
        <substrate id="24" name="cpd:C00188"/>
        <product id="55" name="cpd:C00109"/>
    </reaction>
    <reaction id="31" name="rn:R02199" type="irreversible">
        <substrate id="59" name="cpd:C00671"/>
        <product id="60" name="cpd:C00407"/>
    </reaction>
    <reaction id="33" name="rn:R01090" type="reversible">
        <substrate id="71" name="cpd:C00123"/>
        <product id="70" name="cpd:C00233"/>
    </reaction>
    <reaction id="34" name="rn:R05068" type="reversible">
        <substrate id="58" name="cpd:C06007"/>
        <product id="57" name="cpd:C14463"/>
    </reaction>
    <reaction id="35" name="rn:R03968" type="reversible">
        <substrate id="66" name="cpd:C02504"/>
        <product id="67" name="cpd:C02631"/>
    </reaction>
    <reaction id="36" name="rn:R04426" type="reversible">
        <substrate id="68" name="cpd:C04411"/>
        <product id="69" name="cpd:C04236"/>
    </reaction>
    <reaction id="37" name="rn:R04001" type="reversible">
        <substrate id="68" name="cpd:C04411"/>
        <product id="67" name="cpd:C02631"/>
    </reaction>
    <reaction id="38" name="rn:R01213" type="irreversible">
        <substrate id="62" name="cpd:C00141"/>
        <product id="66" name="cpd:C02504"/>
    </reaction>
    <reaction id="39" name="rn:R01215" type="reversible">
        <substrate id="62" name="cpd:C00141"/>
        <product id="61" name="cpd:C00183"/>
    </reaction>
    <reaction id="40" name="rn:R01214" type="irreversible">
        <substrate id="62" name="cpd:C00141"/>
        <product id="61" name="cpd:C00183"/>
    </reaction>
    <reaction id="41" name="rn:R04441" type="irreversible">
        <substrate id="63" name="cpd:C04272"/>
        <product id="62" name="cpd:C00141"/>
    </reaction>
    <reaction id="42" name="rn:R05069" type="reversible">
        <substrate id="56" name="cpd:C06006"/>
        <product id="57" name="cpd:C14463"/>
    </reaction>
    <reaction id="44" name="rn:R05071" type="reversible">
        <substrate id="65" name="cpd:C06010"/>
        <product id="64" name="cpd:C04181"/>
    </reaction>
    <reaction id="79" name="rn:R00226" type="irreversible">
        <substrate id="54" name="cpd:C00022"/>
        <product id="65" name="cpd:C06010"/>
    </reaction>
    <reaction id="45" name="rn:R05070" type="irreversible">
        <substrate id="58" name="cpd:C06007"/>
        <product id="59" name="cpd:C00671"/>
    </reaction>
    <reaction id="46" name="rn:R04440" type="reversible">
        <substrate id="63" name="cpd:C04272"/>
        <product id="64" name="cpd:C04181"/>
    </reaction>
    <reaction id="47" name="rn:R08648" type="irreversible">
        <substrate id="54" name="cpd:C00022"/>
        <substrate id="55" name="cpd:C00109"/>
        <product id="56" name="cpd:C06006"/>
    </reaction>
    <reaction id="51" name="rn:R01088" type="reversible">
        <substrate id="71" name="cpd:C00123"/>
        <product id="70" name="cpd:C00233"/>
    </reaction>
    <reaction id="52" name="rn:R01434" type="irreversible">
        <substrate id="62" name="cpd:C00141"/>
        <product id="61" name="cpd:C00183"/>
    </reaction>
    <reaction id="53" name="rn:R02196" type="irreversible">
        <substrate id="59" name="cpd:C00671"/>
        <product id="60" name="cpd:C00407"/>
    </reaction>
</pathway>
