sample_No.,TOTAL.g.wet,TOTAL.g.dry,L_Total,BIFIDO.g.wet,BIFIDO.g.dry,L.Bif,BACTER.g.wet,BACTER.g.dry,L.Bacter,COCC.g.wet,COCC.g.dry,L.Cocc,LEPTUM.g.wet,LEPTUM.g.dry,L.Leptum,FPRAUS.g.wet,FPRAUS.g.dry,L.Fprau,ECOLI.g.wet,ECOLI.g.dry,L.Ecoli,pH,C2,C3,iC4,C4,iC5,C5,iC6,C6,C7,C8,Total.SCFAs,X.C2,X.C3,X.iC4,X.C4,X.iC5,X.C5,X.iC6,X.C6,X.C7,X.C8,C2wet,C3wet,iC4wet,C4wet,iC5wet,C5wet,iC6wet,C6wet,C7wet,C8wet,Total.SCFAswet,D.Lactate,L.Lactate,Total.Lactate,X.D.Lactate,X.L.Lactate,D.LactateWet,L.LactateWet,Moisture_original
sample_1,14981493429,81649139200,10.91,1481171238,8072383248,9.91,357079161.9,1946081433,9.29,3297011940,17968715078,10.25,165408946.5,901478758.3,8.95,80000519.36,436002830.6,8.64,1896418.76,10335482.25,7.01,7.09,484.1605835,51.09901428,5.946573257,55.70960999,6.362189293,10.62430191,0,0,0,0,613.9022722,78.86606801,8.323639868,0.968651449,9.07467076,1.036352133,1.730617786,0,0,0,0,88.8368043,9.375965921,1.091114359,10.22194679,1.167374182,1.949413194,0,0,0,0,112.6426187,79.58869448,105.272878,184.8615725,43.05313073,56.94686926,14.60343018,19.3161244,81.65137615
sample_2,97584375787,5.23E+11,11.72,5892167682,31554841292,10.5,217062057.6,1162451435,9.07,60150592586,3.22E+11,11.51,379807506.5,2034016382,9.31,108552914,581342921.3,8.76,248150.02,1328939.52,6.12,8.42,288.9685822,35.56918335,6.495170594,12.93605423,8.555140256,10.78469134,2.172710657,4.22243309,2.13918519,2.649056942,374.4922078,77.16277567,9.49797689,1.734394056,3.454291961,2.284464156,2.879817286,0.580175131,1.127508931,0.571222884,0.707373047,65.4469942,8.055879704,1.471057473,2.929819774,1.937609309,2.44256876,0.492085959,0.956316953,0.48449295,0.599971156,84.81679623,30.74737897,41.42907408,72.17645306,42.60029091,57.39970908,6.963814259,9.383055938,77.35151908
sample_3,51286558506,2.78E+11,11.44,1224584174,6629173545,9.82,82114812.37,444520967.5,8.65,37458792478,2.03E+11,11.31,295190479.8,1597986452,9.2,44183231.82,239181852.7,8.38,52388,283597.59,5.45,8.01,393.1926575,49.94081306,6.682805062,20.24266815,8.604605198,11.7380209,0,1.611910165,0,0.68269521,492.6961752,79.80428452,10.13622909,1.356374455,4.108549887,1.746432311,2.382405524,0,0.327161087,0,0.138563124,78.01680863,9.909195354,1.325994048,4.016525581,1.707315292,2.329043823,0,0.319833253,0,0.135459553,97.76017552,37.6025314,51.57016571,89.17269711,42.16821137,57.83178863,7.461048522,10.23248952,80.15812169
sample_4,60973212504,2.59E+11,11.41,1623241610,6893766839,9.84,576060281,2446478230,9.39,15764941999,66952346268,10.83,4245718577,18031199884,10.26,1570601453,6670208642,9.82,8345641.99,35443220.29,7.55,7.8,350.1531678,36.66360474,6.351591587,49.59095764,9.270389557,7.007544041,0,0.707670212,0,0.394627571,460.1395531,76.09716779,7.967931575,1.380362011,10.77737337,2.014690868,1.522917122,0,0.153794693,0,0.085762584,82.89736974,8.679962593,1.503714045,11.74046197,2.194727855,1.659008179,0,0.167538108,0,0.093426508,108.936209,43.187368,58.66322732,101.8505953,42.40266625,57.59733377,10.2244376,13.88828574,76.32539775
sample_5,1.08E+11,7.19E+11,11.86,3995582189,26569262518,10.42,425170322.4,2827238028,9.45,36790288861,2.45E+11,11.39,7535883245,50111060356,10.7,3255639143,21648892941,10.34,38901833.66,258683961.9,8.41,6.96,491.6318359,94.8400383,5.708049536,111.361332,7.425021649,13.94573879,0,2.654903055,0,0.718811572,728.2857308,67.50535059,13.02236668,0.783765121,15.29088478,1.019520407,1.914871897,0,0.364541408,0,0.098699115,82.23031845,15.86294048,0.954728105,18.62629131,1.241908782,2.332563634,0,0.444058964,0,0.120228391,121.8130381,90.4945182,108.9332099,199.4277281,45.37709929,54.62290071,15.13610899,18.22016372,83.27400456
sample_6,1.59E+11,7.15E+11,11.85,50017053386,2.25E+11,11.35,65306958.7,293491654.5,8.47,13394929233,60197259535,10.78,17755773962,79795041457,10.9,3184208237,14309938209,10.16,7535755.54,33865937.19,7.53,6.59,352.1648102,40.78678513,4.010569811,92.33198548,5.572604656,8.160789013,0,0,0.580028951,0,503.6075732,69.92841826,8.098922117,0.79636805,18.33411378,1.106537104,1.620465904,0,0,0.115174787,0,91.40283686,10.58603176,1.040925861,23.96436317,1.446345176,2.11809711,0,0,0.150543978,0,130.7091439,36.35148884,47.66368106,84.0151699,43.26776805,56.73223195,9.434870003,12.37090004,74.04543719
sample_12,1.43E+11,1.68E+12,12.23,11847408725,1.39E+11,11.14,18118694399,2.13E+11,11.33,13910029542,1.63E+11,11.21,30018081550,3.52E+11,11.55,12194960985,1.43E+11,11.16,414392419.1,4863246880,9.69,7.16,203.4009323,52.3150177,8.100402355,60.57790184,12.7204175,10.24995232,0,0.666186273,0,0.706128896,348.7369392,58.32503226,15.00128372,2.322783005,17.37065823,3.647568144,2.9391645,0,0.191028308,0,0.202481818,72.92300091,18.75590264,2.904144252,21.71829962,4.560505237,3.67479772,0,0.238840116,0,0.253160286,125.0286508,21.67806987,33.83125835,55.50932822,39.05302147,60.94697853,7.771989494,12.12913262,64.14814815
sample_13,36711729535,1.07E+11,11.03,8128991940,23629689815,10.37,227246368,660569136.6,8.82,6419655101,18660918831,10.27,5812525114,16896088286,10.23,1193051556,3468011582,9.54,12632444.15,36720510.86,7.56,7.27,215.4225998,33.55216408,7.924305201,46.42173958,14.68292141,0.537875891,0,0.972121597,1.599203825,1.631340862,322.7442722,66.74714886,10.39589761,2.455289182,14.38344335,4.549397981,0.16665699,0,0.301204911,0.495501845,0.505459276,74.26998262,11.56758226,2.732016093,16.0045501,5.06214445,0.185440307,0,0.335152645,0.551348096,0.562427793,111.2706443,6.730258027,23.00811531,29.73837334,22.63156074,77.36843924,2.320351473,7.932372582,65.5235882
sample_14,44450198275,2.09E+11,11.32,3593715302,16902780170,10.23,471764004.9,2218907898,9.35,2109193242,9920437960,10,827139825.1,3890392381,9.59,17447654.82,82063783.32,7.91,26400445.13,124172585.4,8.09,7.8,233.6421127,45.31492043,12.38247872,30.23554993,15.45010901,15.56083393,0.466340602,2.112844825,0.941598594,1.057981193,357.1647699,65.41577792,12.68739927,3.466881327,8.465434576,4.325765111,4.356766188,0.130567357,0.591560255,0.263631431,0.296216559,58.70667649,11.38616811,3.11131484,7.59721194,3.882110725,3.909932302,0.117176251,0.5308893,0.236593153,0.265836321,89.74390943,19.12446347,41.33898019,60.46344366,31.62979531,68.37020469,4.805356693,10.38714343,74.87324703
sample_15,25823050296,75503616877,10.88,3758520170,10989478921,10.04,189258933.7,553371265.6,8.74,7690714508,22486761056,10.35,1289956872,3771684924,9.58,19226461.46,56215952.92,7.75,36625503.91,107088743.7,8.03,7.88,145.5531159,24.64724064,8.301975728,21.19638348,11.76388121,10.26581144,1.326820672,2.826672316,2.004007697,1.06426841,228.9501774,63.57414419,10.76532934,3.626105828,9.258076894,5.138183922,4.483862629,0.579523758,1.234623335,0.875302967,0.464847165,54.3471687,9.202879216,3.099822856,7.914385218,4.392442118,3.833087205,0.495413282,1.055433518,0.748263915,0.397380533,85.48627653,11.08590842,32.48478474,43.57069317,25.44349794,74.55650204,4.139298093,12.12929085,62.66162468
sample_16,1.26E+11,4.54E+11,11.66,17351906603,62722875507,10.8,215650115.5,779522138.7,8.89,250097735,904041812.5,8.96,563251272.7,2036014846,9.31,14415808.26,52109601.97,7.72,11864939.71,42888839.45,7.63,7.57,191.0487519,36.58294869,8.450924874,21.69930554,11.98577786,10.92198754,0.958531738,0.850836456,0,1.12838769,283.6274522,67.35904808,12.89823972,2.979586358,7.650636553,4.225887784,3.85082172,0.3379545,0.299983817,0,0.397841493,53.6111723,10.26572928,2.371457468,6.089153666,3.363390735,3.064875065,0.268978518,0.238757591,0,0.31664267,79.59015726,20.23312121,42.09978763,62.33290883,32.4597738,67.54022621,5.677720145,11.81383781,71.93848598
sample_17,28758296501,84536978059,10.93,5196813054,15276387149,10.18,82514378.63,242556655.5,8.38,3354934199,9862058373,9.99,4388176178,12899343787,10.11,1925287435,5659513999,9.75,64114334.55,188468468.3,8.28,6.38,210.7275162,53.04131127,8.303964615,51.67925835,14.14182282,11.27189779,0,2.142138601,3.563273609,3.364338398,358.2355216,58.82373564,14.80626796,2.318018207,14.42605639,3.947632761,3.146504774,0,0.597969344,0.994673446,0.939141485,74.91897654,18.85753141,2.952270028,18.37328705,5.027776682,4.007445546,0,0.761584602,1.266834141,1.196107628,127.3618136,20.50587416,45.46636335,65.9722375,31.082581,68.91741901,7.29035834,16.1644453,64.44746377
sample_18,1.42E+11,4.22E+11,11.63,27786371645,82350901160,10.92,227158824.5,673234135.9,8.83,14691585288,43541679476,10.64,14671556652,43482320295,10.64,3188499257,9449804766,9.98,1281037.19,3796629.81,6.58,7.21,135.1586609,27.85281563,4.629822731,23.81560517,7.938740969,6.117399931,0,3.129524827,0.388042182,0.429795325,209.4604077,64.52706857,13.29741307,2.210356975,11.36997938,3.790091434,2.920551907,0,1.49408896,0.185258009,0.205191678,50.00917928,10.30563962,1.713050673,8.811857565,2.937362043,2.263459462,0,1.157935178,0.14357697,0.15902578,77.50108658,13.31923817,32.75817987,46.07741804,28.9062164,71.0937836,4.928164907,12.12064162,62.99964875
sample_19,46140643230,4.63E+11,11.67,11297581281,1.13E+11,11.05,704111079.1,7072083420,9.85,6149430588,61764808696,10.79,2467829649,24786852051,10.39,1120767088,11256971485,10.05,10785821.74,108332667,8.03,7.22,80.83797074,9.077631951,3.182298899,17.90944004,6.158552885,5.393612862,0,0.860047758,1.050580979,2.118386508,126.5885226,63.85884682,7.170975506,2.513892123,14.14775974,4.865016794,4.260743984,0,0.679404214,0.829918034,1.673442792,32.98380091,3.703888189,1.298453095,7.307474437,2.512835001,2.200721409,0,0.350919794,0.428661847,0.864351717,51.65110639,13.03411138,34.57977142,47.61388279,27.37460299,72.62539703,5.318225221,14.10936328,59.19763867
sample_22,3722550502,44248046233,10.65,134517.66,1598942.38,6.2,431724550.6,5131688037,9.71,167377,1989524.46,6.3,44778.33,532257.02,5.73,131841.7,1567134.63,6.2,5354805.72,63649825.88,7.8,7.49,474.3418427,10.62927151,0,2.485341072,0.977754116,0,0,0.703109622,0,0,489.137319,96.97518964,2.173064924,0,0.508107023,0.199893584,0,0,0.143744833,0,0,53.73585716,1.204137953,0,0.281552081,0.110764961,0,0,0.079651835,0,0,55.41196398,245.5835404,427.6480213,673.2315617,36.47831658,63.52168342,27.82095286,48.44614351,88.67149125
sample_25,62374550017,2.94E+11,11.47,9233563651,43458865771,10.64,28837.65,135727.85,5.13,10091311465,47495957895,10.68,6416197181,30198595320,10.48,2336208446,10995642972,10.04,85369614.08,401802244.5,8.6,7.17,206.8546753,29.00621796,9.930700779,65.36303711,14.53099823,0,0,3.129541636,0.679772139,1.687862039,331.1828052,62.45936445,8.758370756,2.998555669,19.73624116,4.387606483,0,0,0.944958973,0.205255867,0.50964664,51.58812872,7.233950616,2.476648252,16.30109045,3.623930695,0,0,0.78048609,0.169530481,0.420941146,82.59470646,33.62622587,55.87334569,89.49957155,37.57138195,62.42861806,8.386148711,13.93442689,75.06069
sample_26,24856417752,69458912823,10.84,2060820267,5758767682,9.76,36074213.28,100805983.4,8,2515300354,7028769380,9.85,2039074889,5698002276,9.76,109849852.2,306965041.6,8.49,653410389.7,1825893648,9.26,7.49,74.41610718,6.331120253,2.734786391,10.22698116,5.198633909,3.863849401,0,1.947287679,0,0.746912181,105.4656782,70.55954928,6.003014785,2.593058177,9.696975681,4.929218681,3.66360836,0,1.846370983,0,0.708204028,28.02087987,2.383940342,1.029765246,3.850900314,1.957510299,1.454906256,0,0.733237953,0,0.28124471,39.712385,16.69239977,34.66673641,51.35913618,32.50132501,67.49867499,6.28540979,13.0535242,62.34567901
sample_32,43922923886,1.35E+11,11.13,5804084425,17891489604,10.25,279701.25,862198.36,5.94,712533113,2196432348,9.34,5643521727,17396544039,10.24,5719986487,17632251922,10.25,3893723540,12002670729,10.08,7.08,99.41023636,6.716410875,4.276678085,14.86561918,5.947216272,0,0.64584738,0.705355287,0,1.240754664,133.8081181,74.29312793,5.019434523,3.196127519,11.10965418,4.444585543,0,0.482666814,0.527139382,0,0.927264116,36.34031651,2.455245113,1.563378591,5.434262365,2.174059027,0,0.236095387,0.257849044,0,0.453569158,48.9147752,24.27168051,34.02750634,58.29918685,41.63296578,58.36703422,8.872733678,12.43906459,63.44409002
sample_33,84815668849,3.02E+11,11.48,10723948723,38157305921,10.58,1001235.16,3562534.41,6.55,4124835813,14676741381,10.17,5042544708,17942077681,10.25,495403533.8,1762714899,9.25,509260006.2,1812018162,9.26,7.84,240.7430801,7.984381437,12.87665319,38.64488602,18.06383038,2.338741541,1.658236384,0,0,3.602589011,325.9123981,73.86742005,2.449855079,3.950955309,11.85744582,5.54254164,0.717598212,0.508798191,0,0,1.10538569,71.22177311,2.36211069,3.809447281,11.4327577,5.344029113,0.691896603,0.490574996,0,0,1.065795025,96.41838453,18.01892371,34.23197517,52.25089888,34.48538512,65.51461488,5.33074386,10.12723592,70.41585865
sample_34,55938825870,1.93E+11,11.29,5084363066,17522760816,10.24,164760.22,567830,5.75,5950521386,20507890887,10.31,907404348.1,3127280477,9.5,57274119.96,197389661.6,8.3,517887697.8,1784849378,9.25,8.12,175.6198349,5.498496294,9.944943905,25.45879269,13.41104364,0,1.390084922,0.767759085,0,2.562904239,234.6538597,74.84208234,2.343237099,4.238133529,10.84950945,5.715245282,0,0.592398064,0.327187921,0,1.0922063,54.11092553,1.694163553,3.064176204,7.84420983,4.132129973,0,0.428304592,0.236557304,0,0.789666614,72.3001336,18.92210012,31.08724561,50.00934574,37.83712792,62.16287206,5.830163495,9.578414835,69.18860244
sample_35,94429793874,2.99E+11,11.48,5563202346,17618130112,10.25,152281.56,482261.14,5.68,7625061094,24147839698,10.38,3966740543,12562288168,10.1,51457721.62,162961686.2,8.21,396745577.6,1256455324,9.1,8.07,178.5241623,5.747572184,8.760238647,20.85209751,12.60660744,9.536603451,0,0.910876334,0,1.66990754,238.6080654,74.81899742,2.408792081,3.671392513,8.739058119,5.283395352,3.996764919,0,0.381745827,0,0.69985377,54.83329349,1.765353823,2.690687527,6.404674683,3.87209102,2.929146224,0,0.27977361,0,0.512908332,73.2879287,11.14750914,21.4011156,32.54862474,34.24878694,65.75121306,3.42393227,6.57330435,69.28522572
sample_36,14781348236,83250013152,10.92,2299125367,12948901143,10.11,36211358.19,203945945.7,8.31,1136517428,6400978403,9.81,1598744104,9004284697,9.95,310746406.3,1750154451,9.24,84962847.14,478519146.5,8.68,7.31,237.112236,44.97152519,8.615707874,70.42831802,15.92058897,0,0,1.459268868,0,0.513128996,379.0207739,62.55916623,11.86518742,2.273149248,18.58165116,4.200452868,0,0,0.38501026,0,0.135382816,49.48429274,9.38536178,1.798060774,14.69808376,3.322557699,0,0,0.304543068,0,0.10708779,79.09998761,50.62906576,70.41739883,121.0464646,41.82614166,58.17385833,10.5660659,14.69580498,79.13043478
sample_40,20212499637,3.78E+11,11.58,79738.65,1490564.31,6.17,11608.03,216990.23,5.34,92762.67,1734023.93,6.24,87077.12,1627743.17,6.21,85305.13,1594619.14,6.2,10713785751,2.00E+11,11.3,7.02,242.7827835,46.30025291,0,23.8572216,0,0,0,1.824102223,1.504660368,0,316.2690206,76.76464266,14.6395157,0,7.543331799,0,0,0,0.576756528,0.475753321,0,26.03801613,4.96561871,0,2.558644035,0,0,0,0.195631677,0.161372114,0,33.91928267,146.7117351,190.8785781,337.5903132,43.45851447,56.54148553,15.73456927,20.47138361,89.27518016
sample_41,6276294142,1.06E+11,11.02,16799902.92,283471779.6,8.45,27380.18,461997.24,5.66,33061.07,557853.28,5.75,79774.64,1346070.83,6.13,100644.54,1698217.43,6.23,2707278759,45681045382,10.66,6.96,379.6845703,59.66314125,0,31.90677834,0,0,0,1.30119276,0,0.497127771,473.0528104,80.26261803,12.61236376,0,6.744866034,0,0,0,0.275062896,0,0.105089276,45.92116169,7.215991827,0,3.858983066,0,0,0,0.157373483,0,0.060125395,57.21363546,162.3709057,210.4777664,372.848672,43.54874186,56.45125817,19.63803957,25.45635061,87.90544434
sample_43,1.01E+11,2.35E+11,11.37,10997958543,25631924407,10.41,8571728635,19977334844,10.3,5121537824,11936294345,10.08,3718810485,8667087520,9.94,2061380039,4804267730,9.68,4634439846,10801060155,10.03,7.38,114.6009445,12.90423822,4.683350086,4.820460558,8.792021275,3.89372921,0,1.326696515,0,2.339654446,153.3610948,74.726217,8.414284104,3.05380585,3.143209536,5.73288896,2.538928934,0,0.865080232,0,1.525585383,56.1224543,6.319472522,2.293533464,2.3606793,4.305634778,1.906839779,0,0.649710741,0,1.145777204,75.10410208,8.552654687,26.01751343,34.57016811,24.73998582,75.2600142,4.188412006,12.74131479,51.0279304
sample_45,31866262655,3.53E+11,11.55,301301.57,3338470.94,6.52,169781847.6,1881210760,9.27,5253282938,58207237864,10.76,342018013.6,3789615770,9.58,194684060.2,2157131366,9.33,1074979251,11910946681,10.08,6.88,367.5675964,70.48160172,12.77083826,63.10092735,18.52962017,0,0,0.863149285,0,0,533.3137332,68.92145721,13.215786,2.394620177,11.8318587,3.474431468,0,0,0.161846439,0,0,55.47445544,10.63730457,1.927414998,9.523390029,2.796548441,0,0,0.1302692,0,0,80.48938269,123.8801481,176.700911,300.5810592,41.21355764,58.78644232,18.69638081,26.66825615,84.9076861
sample_47,68148128204,3.26E+11,11.51,206915.99,990323.98,6,391977590.8,1876050345,9.27,1181906862,5656743723,9.75,873508451.6,4180713058,9.62,64891153.52,310576609.1,8.49,1080649339,5172113438,9.71,8,206.5987167,31.00110626,9.636116028,18.28807545,12.87568283,1.320756495,0,1.772262096,0,0.895356447,282.3880723,73.16127591,10.97819253,3.412366517,6.476220931,4.559570354,0.467709732,0,0.627598072,0,0.317065958,51.79702962,7.77238719,2.415901682,4.585062293,3.228103908,0.331131114,0,0.444329538,0,0.224477698,70.79842304,18.48981256,29.88391376,48.37372632,38.22284113,61.77715887,4.635640453,7.49229226,74.92867795
sample_48,63572761295,3.71E+11,11.57,625324.06,3647723.68,6.56,771141193.4,4498323628,9.65,3002880398,17516802323,10.24,1397127494,8149910382,9.91,105213004.5,613742526.3,8.79,893271476.4,5210750279,9.72,8.16,194.2503433,25.47709942,11.12086535,13.98988056,14.2479558,0,0,1.548065245,0,1.240865409,261.8750751,74.1767208,9.728722525,4.24662994,5.342196296,5.440745284,0,0,0.591146463,0,0.473838684,44.25329186,5.804085065,2.533508522,3.187115436,3.245909046,0,0,0.352673678,0,0.282688711,59.65927232,28.67612777,39.81462769,68.49075546,41.8686107,58.1313893,6.532874177,9.070400132,77.21842283
sample_49,13088423967,46388462425,10.67,65821806.12,233288009.9,8.37,80666175.84,285899958.3,8.46,694778013.3,2462457195,9.39,1383131971,4902146020,9.69,473671613.7,1678803950,9.22,2989544444,10595650817,10.03,7.68,139.5703583,48.04466438,7.955830812,25.1767931,13.4995575,0,0,1.818127096,0.802029788,1.124501586,237.9918625,58.64501283,20.18752401,3.342900353,10.5788462,5.672276922,0,0,0.763945068,0.336998828,0.472495813,43.43262367,14.95092406,2.475759251,7.834716435,4.200900591,0,0,0.565779374,0.249582063,0.349931424,74.06021685,33.09161284,44.61973664,77.71134949,42.58272834,57.41727165,10.29771353,13.88512757,68.88119784
sample_50,49199956565,1.54E+11,11.19,3884714502,12169031482,10.09,101027764.7,316473719.9,8.5,2472531733,7745309592,9.89,10818575384,33889642176,10.53,1579312577,4947263039,9.69,1110858.62,3479811.32,6.54,7.34,119.3945427,20.07470226,4.953783989,20.77056122,8.083620548,4.897680998,0,3.209994197,0,1.920956373,183.3058423,65.13406294,10.95147979,2.702469232,11.33109614,4.409908843,2.671863012,0,1.751168515,0,1.047951527,43.06917518,7.241544285,1.786977743,7.492561381,2.916003208,1.76673972,0,1.157940717,0,0.692946299,66.12388854,23.14913955,32.8210238,55.97016334,41.35978559,58.64021443,8.35058558,11.83952291,63.92701525
sample_51,54725825705,1.90E+11,11.28,1593062332,5518823078,9.74,3906219115,13532259076,10.13,4749136131,16452364455,10.22,20980212248,72681449574,10.86,859775545.8,2978508141,9.47,453671260.7,1571646867,9.2,7.15,69.236763,21.87422943,4.426262379,14.8124361,7.599580288,6.575735331,0,1.472634077,1.764776766,0.940558016,128.7029754,53.79577495,16.99590034,3.439129799,11.50900829,5.904743278,5.109233342,0,1.144211369,1.371201218,0.730797414,22.69651299,7.170594216,1.450973691,4.855666755,2.49121948,2.155592721,0,0.482744383,0.578511719,0.308324455,42.19014041,15.7907193,31.31821195,47.10893125,33.51958722,66.48041278,5.176357908,10.26642745,67.21898598
sample_52,18000135574,65217610205,10.81,27634555.92,100124784.5,8,33261340.4,120511599.7,8.08,2734235394,9906608616,10,322164885,1167259202,9.07,75157092.87,272307170.5,8.44,35715.42,129403.17,5.11,7.96,95.34903336,22.47136879,6.731296062,18.07309818,10.06005812,6.865778923,0,1.483460665,0.857587695,1.294207633,163.1858894,58.42970474,13.77041169,4.124925314,11.0751599,6.164784316,4.207336153,0,0.90906185,0.525528094,0.793087955,29.01003478,6.836935491,2.048003278,5.498757443,3.060782325,2.088919817,0,0.451344329,0.260921878,0.393763913,49.64946325,13.87780252,30.47328345,44.35108597,31.29078402,68.70921598,4.222334717,9.271525695,69.57490416
sample_53,21349218000,86416851112,10.94,21857931.38,88476008.89,7.95,620454681.2,2511461535,9.4,3220687217,13036620251,10.12,998707518.1,4042544270,9.61,310331259.9,1256151409,9.1,161420.22,653392.89,5.82,7.78,124.9461632,33.85360718,7.091120958,19.51172924,10.12411547,6.522169352,0,1.153729975,0.43805632,1.116000056,204.7566917,61.0217728,16.53357792,3.463193754,9.529226652,4.944461342,3.185326593,0,0.563463868,0.213939929,0.545037159,37.54861372,10.17362988,2.131011908,5.863632507,3.042482388,1.960031515,0,0.346717018,0.131643959,0.335378486,61.53314136,12.91475504,20.89159156,33.8063466,38.20216125,61.79783875,3.881120763,6.278306443,69.94816587
sample_54,25048019187,96835364378,10.99,39892729.69,154224850.6,8.19,229558262.1,887469695.2,8.95,4718806784,18242854692,10.26,1058633742,4092666305,9.61,168852163.1,652780589.8,8.81,93049.21,359727.21,5.56,7.87,112.3225098,26.87541485,6.373655081,16.48348808,9.43290329,6.022690535,0,0.662102163,0,0.501822114,178.6745859,62.86428998,15.0415431,3.56718615,9.225423975,5.279376047,3.370759476,0,0.370563144,0,0.280858137,33.65348476,8.052271674,1.909641304,4.938696757,2.826237302,1.804487137,0,0.198375598,0,0.150353325,53.53354785,17.91585396,28.1120691,46.02792306,38.92388092,61.07611908,5.367854754,8.422791573,70.03852138
sample_55,89430876908,2.92E+11,11.47,902782718.4,2952657912,9.47,16074107259,52572273482,10.72,5482276300,17930434601,10.25,17109753108,55959476015,10.75,14311389675,46807096642,10.67,353926577.9,1157558833,9.06,6.97,106.9225922,47.1854248,7.238023281,30.96122646,12.84436464,10.60073566,0,1.704414308,1.008568048,0.469328821,218.9346782,48.83766842,21.55228454,3.306019558,14.14176444,5.866756582,4.841962795,0,0.77850358,0.460670761,0.214369338,36.66514424,16.18049442,2.4820121,10.61700629,4.404499297,3.635129808,0,0.584465782,0.34585107,0.160938942,75.07554194,25.99156325,36.57097093,62.56253418,41.54493355,58.45506645,8.912844292,12.54066046,65.70870245
sample_56,58785978195,2.80E+11,11.45,10773624906,51283177616,10.71,732079653.4,3484748283,9.54,9201930655,43801807498,10.64,5590716802,26612187195,10.43,304284687.5,1448415534,9.16,691841871.1,3293213739,9.52,6.99,188.0576554,39.55377007,10.51475096,36.16855049,13.25175381,0,1.661726654,0.49798277,0,2.332939387,292.0391295,64.39467743,13.5439967,3.60045963,12.38483026,4.537663781,0,0.56900822,0.170519194,0,0.798844795,44.08172661,9.271616595,2.464714219,8.478102905,3.106282418,0,0.389517672,0.116729842,0,0.546853549,68.4555438,25.90468364,47.7210495,73.62573314,35.18427938,64.81572062,6.072197272,11.18607085,76.55946177
sample_57,22072585557,1.62E+11,11.21,2973584086,21820342800,10.34,270937398.3,1988155282,9.3,4109268909,30154067830,10.48,950493786,6974781824,9.84,263978100.3,1937087526,9.29,19980713.33,146619702.5,8.17,7.36,235.3119354,33.54804421,5.462434173,35.24767685,5.551496387,6.765545607,2.410165549,3.596031428,2.158963919,2.570176274,332.6224698,70.74444957,10.08592241,1.642232461,10.59690191,1.669008227,2.034001374,0.724594929,1.081115004,0.649073383,0.772700736,49.77664237,7.096575853,1.155494437,7.456107154,1.174334187,1.431147738,0.509833674,0.760685471,0.45669581,0.543681497,70.36119819,36.43560828,97.46581449,133.9014228,27.21077007,72.78922991,7.707395886,20.61740295,78.84652885
sample_58,79261720789,4.39E+11,11.64,8767052332,48569386370,10.69,632886089.4,3506182904,9.54,23769520988,1.32E+11,11.12,2797147846,15496172411,10.19,135424487.6,750250370.7,8.88,2409805.25,13350298.1,7.13,7.89,149.6560822,27.38005162,9.3279109,22.91733647,9.86234665,7.116875172,2.815598726,1.258719385,0,0.280418039,230.6153391,64.89424458,11.87260645,4.044792049,9.937472743,4.276535415,3.086037208,1.22090696,0.545809047,0,0.121595571,33.34483127,6.100541909,2.078349309,5.106205551,2.197426794,1.585709036,0.627342792,0.280454926,0,0.062479868,51.38334144,33.14677056,51.5442526,84.69102316,39.13846984,60.86153016,7.385422999,11.484561,77.719027
sample_59,14767246365,54580900779,10.74,3699607796,13674040579,10.14,80736215.63,298407385.2,8.47,1960248516,7245232261,9.86,781721991.6,2889305793,9.46,284886391.9,1052962448,9.02,240253324.9,887995132.4,8.95,6.85,123.3699151,28.91470719,7.274556876,22.35682392,9.494796753,7.241104365,1.567144335,1.41682142,0,1.869583607,203.5054535,60.62241231,14.20832056,3.574625029,10.98585986,4.665622758,3.558186889,0.770074859,0.696208085,0,0.918689683,38.44108996,9.009594109,2.266694397,6.96620954,2.958503585,2.256270859,0.488309782,0.441470351,0,0.582547468,63.41069003,28.11224539,47.70459628,75.81684168,37.07915651,62.92084347,8.759553358,14.86437496,68.84079078
sample_60,14903097190,64982874234,10.81,5742893851,25041086700,10.4,154129005.4,672058005.6,8.83,665295358.1,2900927507,9.46,2289115533,9981368630,10,469741765.2,2048243373,9.31,5169344.56,22540205.1,7.35,6.98,110.5960808,35.23378372,6.013032437,15.32936573,9.077256203,5.826053143,0.354645878,0.558781564,0,1.504006327,184.4930058,59.94594772,19.09762572,3.259219726,8.308914296,4.920108578,3.157872093,0.192227275,0.302874118,0,0.815210485,30.18964457,9.617839979,1.6413901,4.184489175,2.4778377,1.590349969,0.096808431,0.152531778,0,0.410551767,50.36144347,41.58869174,64.41071266,105.9994044,39.2348353,60.7651647,11.35255257,17.58232758,72.70278987
sample_61,1.74E+11,6.67E+11,11.82,6378133680,24401108625,10.39,2839730442,10864082576,10.04,13906862549,53204100244,10.73,30398172279,1.16E+11,11.07,13310599078,50922948662,10.71,353994970.2,1354294242,9.13,7.39,103.9982834,24.23911,3.48675859,38.39101982,5.77779603,6.669431925,0,5.255325794,0.678130389,1.517077029,190.012933,54.7322131,12.756558,1.835011194,20.20442463,3.040738301,3.50998841,0,2.765772683,0.356886438,0.798407248,29.68756963,6.919347536,0.995337471,10.9591816,1.649341858,1.903870124,0,1.500196401,0.193580533,0.433068013,54.24149318,38.15306161,61.48608304,99.63914465,38.29123759,61.70876241,10.89125355,17.55194713,71.45378879
sample_62,1.23E+11,4.67E+11,11.67,1521834177,5782439618,9.76,38503174966,1.46E+11,11.17,3467614879,13175728313,10.12,14092692754,53547322119,10.73,13916150701,52876523831,10.72,3950000950,15008627303,10.18,6.5,208.7651215,56.25233841,15.37773561,61.3077755,22.27658749,2.225089431,3.411682725,0.55336076,0,0,370.1696914,56.39714065,15.19636527,4.154239521,16.56207327,6.017939341,0.601099842,0.921653718,0.149488403,0,0,62.94382347,16.96038703,4.63647121,18.4846289,6.716512703,0.670876607,1.028640961,0.166841289,0,0,111.6081822,14.47167197,26.20262469,40.67429666,35.57940311,64.42059689,4.363288078,7.900234345,69.84945425
sample_63,1.14E+11,4.18E+11,11.62,875810643.7,3216948171,9.51,18936936951,69557438164,10.84,5148271260,18910162756,10.28,4495167038,16511239600,10.22,2214759313,8135052905,9.91,2584880513,9494548505,9.98,6.84,274.6976471,80.86665344,20.1551218,65.93457222,30.40031242,0.911563277,0,1.530556142,1.602546632,0.616093874,476.7150669,57.62302603,16.96330975,4.227917933,13.83102335,6.377040403,0.191217635,0,0.321063094,0.33616446,0.12923734,86.48834929,25.46080552,6.345825065,20.75945088,9.57151569,0.287005018,0,0.48189446,0.504560612,0.193976697,150.0933832,14.26728572,22.33450281,36.60178853,38.97975015,61.02024985,4.492044267,7.03200155,68.51507459
sample_64,49574579866,1.70E+11,11.23,6694904341,22905119533,10.36,41455469.93,141830629,8.15,7943015486,27175252981,10.43,398552074.2,1363556884,9.13,59127044.22,202289972.6,8.31,389324880,1331988100,9.12,7.18,181.9900208,45.18835831,12.32022476,42.14333344,20.66989803,0,0,0.501070976,0,0,302.8129063,60.09982303,14.92286404,4.068593018,13.91728442,6.825963361,0,0,0.165472133,0,0,61.93415332,15.37833063,4.192772141,14.34205932,7.034301266,0,0,0.170522573,0,0,103.0521392,11.9736675,22.88699533,34.86066283,34.34721697,65.65278303,4.07483309,7.788815406,65.96837945
sample_65,62026517195,2.67E+11,11.43,1310604486,5632057117,9.75,274612635.8,1180092138,9.07,6518408964,28011541222,10.45,731586488.1,3143844638,9.5,51126992.73,219707887.7,8.34,302174629.9,1298534220,9.11,8.03,157.6390305,35.24596596,8.796682835,19.48589706,13.41194248,0.403030276,0,1.247498333,0,0.470028341,236.7000757,66.59863966,14.89055964,3.716383616,8.232315517,5.666218078,0.170270447,0,0.527037573,0,0.198575492,44.02822899,9.844119539,2.456893861,5.44236751,3.745925567,0.112565456,0,0.348423497,0,0.131277865,66.10980226,14.55650553,28.25566266,42.81216819,34.00086038,65.99913962,4.065599469,7.891743446,72.07022344
sample_66,1.62E+11,7.45E+11,11.87,8100374409,37194402095,10.57,37367405483,1.72E+11,11.23,9633867619,44235726385,10.65,42034708437,1.93E+11,11.29,33398899952,1.53E+11,11.19,3077847665,14132520036,10.15,6.06,292.2453766,55.81817055,7.274651527,90.60844803,11.38043594,0.607173026,0,0.514546752,0.473397076,0,458.9221995,63.68081059,12.16288308,1.585160085,19.74374919,2.479818138,0.13230413,0,0.112120693,0.103154103,0,74.8843313,14.30272884,1.864041174,23.21731526,2.916098606,0.15558072,0,0.131846361,0.121302256,0,117.5932445,25.59416321,36.94372594,62.53788915,40.9258508,59.0741492,6.558193732,9.466381453,74.37621352
sample_67,1.04E+11,3.38E+11,11.53,26533509636,86120708751,10.94,70380480.68,228436304.2,8.36,13443294312,43633354575,10.64,3847640342,12488416262,10.1,292013936.4,947799500,8.98,323441218.7,1049804092,9.02,7.67,131.0732117,14.02655172,4.373957634,10.73928976,7.8406775,4.006100774,0,0.592055798,0,1.618511498,174.2703564,75.2125688,8.048730729,2.509868991,6.162430596,4.499145847,2.298784978,0,0.339734083,0,0.928735978,48.20297744,5.158350416,1.608549744,3.94943967,2.883457235,1.473268128,0,0.217732151,0,0.595217529,64.08899231,14.99763182,27.27839678,42.2760286,35.47549833,64.52450167,5.515471078,10.03179771,63.22438673
sample_70,20238583844,1.73E+11,11.24,133128725.6,1138050335,9.06,21709686726,1.86E+11,11.27,38290.67,327327.64,5.51,18959.91,162078.67,5.21,133208.08,1138728.72,6.06,4992961344,42682308457,10.63,6.61,310.2993317,44.08870316,7.851013422,9.718360901,6.117797613,0,4.756228209,0,0,0,382.831435,81.05377546,11.51647935,2.050775539,2.538548304,1.598039517,0,1.242381835,0,0,0,45.82865452,6.511538179,1.159529992,1.435321829,0.903548299,0,0.702455717,0,0,0,56.54104853,87.60317655,308.7699244,396.373101,22.10119111,77.89880888,12.93826735,45.60277366,85.23082397
sample_71,18529539024,63857998123,10.81,2496881389,8604954868,9.93,8059147.77,27774087.76,7.44,2568607180,8852142100,9.95,132934501.4,458129645.3,8.66,10621389.01,36604291.03,7.56,60928367.01,209976273.1,8.32,7.07,154.9012222,46.94648743,8.106079102,28.30668163,13.62980652,0,0,0,0.496663272,3.934011817,256.320952,60.43252453,18.31550915,3.162472298,11.04345213,5.317476551,0,0,0,0.193766163,1.53479916,50.23120854,15.22375851,2.628630969,9.179261518,4.419859598,0,0,0,0.161057453,1.275717294,83.11949389,30.60635452,44.7639805,75.37033502,40.6079587,59.3920413,9.92499707,14.51601742,67.57210316
sample_72,1.45E+11,4.14E+11,11.62,7678534885,21838291568,10.34,2333657812,6637086433,9.82,28088263804,79884991572,10.9,8676792690,24677406755,10.39,4344473196,12355986368,10.09,67888.57,193079.87,5.29,7.15,117.0275116,37.26576424,7.364085674,32.7857132,13.13257694,8.105986357,0,0,0,2.402838111,218.0844761,53.66155065,17.08776567,3.376712458,15.03349242,6.021784391,3.716902047,0,0,0,1.101792367,43.62617852,13.89214264,2.745225562,12.22204384,4.895636404,3.0217955,0,0,0,0.895743599,81.29876606,23.94667443,34.83441092,58.78108535,40.73874153,59.26125847,8.926976909,12.98576898,62.72143368
sample_73,1.52E+11,4.25E+11,11.63,41891190191,1.17E+11,11.07,5519188415,15449392411,10.19,8948613990,25049090314,10.4,15593989210,43650921194,10.64,14100984905,39471681851,10.6,29916.3,83742.15,4.92,6.89,161.0130463,29.76840496,5.619943619,41.86270714,10.02212763,7.133920431,0,1.459351063,0,3.391808629,260.2713097,61.8635402,11.43745155,2.159263587,16.0842573,3.850646327,2.740955366,0,0.560703776,0,1.303181911,61.65590642,11.39906382,2.15201641,16.03027341,3.837722331,2.731755846,0,0.558821876,0,1.298808017,99.6643681,22.51899189,26.21749463,48.73648652,46.20561205,53.79438795,8.623082965,10.0393318,61.7075089
sample_74,79975941736,3.30E+11,11.52,9692412444,40012728694,10.6,495556700.2,2045783329,9.31,8542972043,35267548154,10.55,4871016785,20108788623,10.3,651339288.4,2688893233,9.43,667913024.7,2757313806,9.44,7.44,188.1169281,73.17574692,20.54128075,72.06332016,24.30541134,20.02423286,3.388555646,6.44617939,0.870003313,1.957183361,410.8888418,45.78292447,17.8091346,4.999230608,17.53839794,5.915325233,4.87339417,0.824689138,1.568837781,0.211736904,0.476329158,52.9214968,20.58597328,5.778721428,20.27302277,6.837655502,5.633264299,0.953276447,1.813454352,0.244751379,0.550599428,115.5922157,21.37911234,30.47200188,51.85111422,41.23173178,58.76826822,6.014422182,8.57245526,71.86776473
sample_75,17258286315,3.84E+11,11.58,14432059.5,321348629.2,8.51,665151045.8,14810455624,10.17,1448703422,32257271294,10.51,336263766.6,7487351369,9.87,240187092.1,5348078892,9.73,749085.61,16679368.1,7.22,7.7,236.1018906,30.91256809,13.01541328,48.93252182,9.68909359,12.25550365,7.434216738,1.339028418,0,0,359.6802362,65.64216402,8.594458351,3.618606744,13.60445109,2.693807615,3.407333076,2.06689609,0.372283012,0,0,26.04931725,3.410609255,1.436001333,5.398765683,1.069005725,1.352159874,0.820223293,0.147736115,0,0,39.68381853,28.49569354,39.53460054,68.03029408,41.88677107,58.11322893,3.143953483,4.36188524,88.96691713
sample_76,25980741441,5.07E+11,11.7,4087675.99,79733727.03,7.9,3987920960,77787917075,10.89,6034378.22,117705871.7,8.07,2383476781,46491817680,10.67,2803875880,54692073054,10.74,766437636.4,14950042367,10.17,6.24,287.5436707,13.78005028,3.042381525,18.03161621,3.582854748,0,4.610133171,0.828773677,0,0,331.4194803,86.76124603,4.157887843,0.917985123,5.440723097,1.081063414,0,1.391026613,0.250067883,0,0,31.84311402,1.526028068,0.336918916,1.996854285,0.396771913,0,0.510534612,0.091779919,0,0,36.70200173,75.47668338,416.0382181,491.5149015,15.35592983,84.64407017,8.358426493,46.07283612,88.9258164
sample_77,1.55E+11,1.42E+12,12.15,127979882,1167199740,9.07,79458958696,7.25E+11,11.86,669208464.3,6103302592,9.79,32170382761,2.93E+11,11.47,54073841224,4.93E+11,11.69,2525465897,23032707115,10.36,7.58,292.2509766,46.23171043,28.48774433,53.9913044,20.78522968,10.18987942,19.23781586,1.659668922,0,0,472.8343296,61.80832446,9.777570608,6.024889173,11.41865153,4.39587999,2.155063366,4.068616564,0.35100432,0,0,45.66474679,7.223788864,4.451261879,8.436239539,3.247729952,1.592187198,3.005943727,0.259326288,0,0,73.88122423,23.50062999,51.82627875,75.32690874,31.19818719,68.80181281,3.672016191,8.097950342,84.37481807
sample_78,89941692410,4.72E+11,11.67,3065565360,16100159158,10.21,383232091.3,2012711177,9.3,11776228427,61848021388,10.79,8123247030,42662789634,10.63,4144006629,21764065824,10.34,1320174572,6933474979,9.84,5.99,357.1760559,56.39346123,4.974531889,138.3634338,7.115722418,8.95039463,0,1.870976806,0,0.71499747,575.5595742,62.05718259,9.798023308,0.864294873,24.039811,1.236313796,1.555077012,0,0.32507092,0,0.124226492,79.61653772,12.57041747,1.108850941,30.84198217,1.586134269,1.995092952,0,0.41705118,0,0.159376929,128.2954436,35.74698457,51.69697066,87.44395523,40.87988069,59.12011931,7.968202511,11.52354349,77.70944149
sample_79,1.42E+11,4.83E+11,11.68,6427494751,21932049711,10.34,2752616588,9392543468,9.97,6559365737,22382023008,10.35,32084486757,1.09E+11,11.04,19985431403,68194762031,10.83,10443084.27,35634139.29,7.55,6.74,183.7480774,32.43807602,3.399643779,30.97443581,5.756949425,4.196680307,0,0.401069194,0,1.097382128,262.0123141,70.12955785,12.38036317,1.297512978,11.82174812,2.197205672,1.601711096,0,0.153072651,0,0.418828456,59.93868119,10.5813107,1.10896488,10.1038708,1.87791873,1.368958449,0,0.130828898,0,0.357966399,85.46850005,41.71187343,61.69584235,103.4077158,40.33729312,59.66270686,13.60642636,20.12520336,67.37996825
sample_80,1.36E+11,3.07E+11,11.49,16420357461,36961346904,10.57,4594142978,10341170266,10.01,7287935041,16404752205,10.21,14474359162,32581008755,10.51,7473695818,16822889785,10.23,3967276364,8930127026,9.95,6.83,128.4316711,27.85931969,14.05692244,56.45106125,27.21316433,12.83244991,0,1.015238047,0,2.475044608,270.3348714,47.50836266,10.30548502,5.199818419,20.88190138,10.06646467,4.74687185,0,0.375548312,0,0.915547667,57.05673969,12.37671314,6.244893939,25.07881023,12.08965374,5.700912772,0,0.451027169,0,1.099557256,120.0983079,16.78749469,16.82428663,33.61178132,49.94526928,50.05473072,7.45797128,7.474316377,55.57424489
sample_81,38836843832,1.01E+11,11,131869810.9,343455433,8.54,112346513.9,292606930.2,8.47,9479822542,24690234501,10.39,827551432.1,2155360908,9.33,144486354.8,376315270.4,8.58,4061313.04,10577705.54,7.02,8.04,67.61848831,16.04277039,5.10970974,16.45973396,8.872119427,5.244304895,0,0,0,1.010238677,120.3573654,56.18142943,13.32928013,4.245448314,13.67571807,7.371480256,4.35727791,0,0,0,0.839365895,28.10859485,6.668882201,2.1240753,6.842211424,3.688086153,2.180025689,0,0,0,0.419950081,50.0318257,14.8206006,14.09194122,28.91254182,51.26010951,48.73989049,6.160833643,5.857934365,58.43060744
sample_82,89368206361,2.31E+11,11.36,51193270.62,132177324,8.12,1845428194,4764762194,9.68,24117655423,62270042857,10.79,2765189462,7139519298,9.85,494868315.7,1277714218,9.11,23411413.04,60446576.08,7.78,8.1,75.26902008,16.4210434,4.382746458,21.34748554,7.088874102,4.466600895,0,0.550761819,0,0.716478676,130.243011,57.79121621,12.60800351,3.365053085,16.39050371,5.442805759,3.429436145,0,0.422872456,0,0.550109115,31.72231163,6.92068869,1.847119157,8.996949715,2.987623236,1.882459814,0,0.232119909,0,0.301961681,54.89123384,16.49524223,11.36656006,27.86180229,59.20378753,40.79621247,6.951959967,4.79046439,57.85475672
sample_83,2.77E+11,7.73E+11,11.89,2772358543,7743732927,9.89,45266112392,1.26E+11,11.1,27171720382,75895863587,10.88,44761663380,1.25E+11,11.1,43727397635,1.22E+11,11.09,35897.49,100268.63,5,7.03,149.5826035,39.94109917,5.970438957,33.98445129,10.26086044,6.548741579,0,1.223170817,0.307661146,1.248929918,249.0679568,60.05694407,16.03622549,2.397112432,13.64465013,4.119703143,2.629299113,0,0.49109923,0.123524981,0.501441427,53.55254535,14.29944041,2.137495909,12.16688188,3.673523399,2.344535876,0,0.437911289,0.110146749,0.447133387,89.16961424,41.82323265,17.36648545,59.18971809,70.65962468,29.34037534,14.97326902,6.21743089,64.1986808
sample_84,71106118087,9.01E+11,11.95,4040660619,51220735642,10.71,4845637699,61424888401,10.79,2832568188,35906560838,10.56,9370374142,1.19E+11,11.07,742476768.4,9411878368,9.97,8705827.28,110357914.2,8.04,7.34,75.12352371,8.689268112,1.999856889,2.639003396,4.189061642,0,0,0.631119609,0.504406095,0.922780335,94.69901979,79.32872365,9.175668483,2.111803157,2.786727256,4.423553328,0,0,0.666447879,0.532641305,0.974434938,27.00864879,3.123993379,0.718994926,0.948782916,1.506064799,0,0,0.226902134,0.181345688,0.331760929,34.04649356,38.66848438,18.01843122,56.6869156,68.21412661,31.78587339,13.90221681,6.478043848,64.04768113
sample_86,52294483436,2.08E+11,11.32,11324048151,45104259584,10.65,3894895370,15513566305,10.19,5142859225,20484269793,10.31,2395207448,9540233055,9.98,2327306522,9269780214,9.97,3154244267,12563515302,10.1,6.32,243.2415543,32.25531578,4.089128494,85.26994324,6.644909143,0,0,0,0,0,371.5008509,65.47536936,8.68243389,1.100705014,22.95282582,1.788665928,0,0,0,0,0,69.88368465,9.267003422,1.174813107,24.49819004,1.909092944,0,0,0,0,0,106.7327841,37.56293298,60.55069171,98.11362469,38.2851343,61.7148657,10.79189027,17.39630984,71.26984127
sample_87,38535658834,81734868736,10.91,1651982008,3503885406,9.54,704705529.9,1494693895,9.17,3200648078,6788635733,9.83,8111947445,17205595536,10.24,983810274.7,2086680391,9.32,61018893.43,129422238.9,8.11,6.87,114.3986855,27.57913971,5.566429853,36.00438881,9.770333767,7.098994493,0,4.427736759,0,1.990353227,206.8360621,55.30886845,13.33381589,2.691227921,17.40721055,4.723709042,3.432184128,0,2.140698636,0,0.9622854,51.08533371,12.31560965,2.48571848,16.07794888,4.362993847,3.170093267,0,1.977229099,0,0.888802685,92.36372961,21.84964727,22.00871532,43.85836259,49.8186571,50.1813429,9.757074719,9.828107392,55.34447491
sample_88,64216073861,3.58E+11,11.55,4452062089,24793413191,10.39,122216795.8,680622025.6,8.83,25887428749,1.44E+11,11.16,392853643.1,2187791298,9.34,16202388.92,90230665.05,7.96,941885860.2,5245336845,9.72,7.07,255.580986,47.13205528,7.247640848,33.49813461,13.0202899,15.35210657,0,1.820186257,0,2.438544631,376.0899441,67.95741019,12.53212324,1.927103067,8.906947696,3.462014899,4.082030592,0,0.483976316,0,0.648394,62.26582885,11.48253058,1.765703982,8.160971397,3.1720636,3.740151625,0,0.443442244,0,0.594089588,91.62478186,45.59374572,60.03201307,105.6257588,43.16536633,56.83463367,11.10776045,14.62527831,75.63753477
sample_89,31381249336,1.03E+11,11.01,3445672655,11272016619,10.05,609026559.6,1992341754,9.3,5447323187,17820125023,10.25,138509557.6,453113859.4,8.66,9183865.78,30043680.31,7.48,676786214.8,2214007605,9.35,7.35,155.4967194,63.29911423,12.1321063,44.19068527,21.3724575,18.72646141,0,1.541974783,0,1.938111186,318.69763,48.79130083,19.86180889,3.806776443,13.86602256,6.70618652,5.875933689,0,0.483836288,0,0.608134797,55.17489037,22.4604204,4.304834453,15.68017785,7.583587641,6.644709029,0,0.547138807,0,0.68769986,113.0834584,20.93516492,30.63951367,51.57467859,40.59194452,59.40805548,7.428423145,10.87181655,64.5170068
sample_93,18055822296,51859688958,10.71,87753264,252043739,8.4,77441110,222425311,8.35,1483779548,4261691579,9.63,551701554,1584589753,9.2,27082855,77787009,7.89,36571390,105039853,8.02,8.26,68.51573563,22.76881981,6.569194555,12.93726158,10.5678091,6.33520031,0,0.639944375,0.580854893,1.424651325,130.3394716,52.56714239,17.46886,5.040065358,9.925820187,8.107911577,4.860538587,0,0.49098279,0.445647727,1.09303138,26.4747101,8.797948357,2.538358814,4.999001275,4.083436888,2.447942652,0,0.247276653,0.224444279,0.550490051,50.36360908,12.80702271,19.12622462,31.93324733,40.1056071,59.8943929,4.948676539,7.390437356,61.35966453
sample_94,30287234680,1.06E+11,11.02,1712028387,5972192049,9.78,132418198,461923947,8.66,4878191429,17016946845,10.23,1971306670,6876651176,9.84,169871190,592573918,8.77,9710664,33874410,7.53,7.64,105.929821,36.06973267,5.701423883,22.85387039,9.316139698,7.549403906,0,1.192363203,0,1.79441762,190.4071724,55.63331447,18.94347372,2.99433252,12.00263105,4.892746204,3.964873703,0,0.626217588,0,0.942410728,34.79820207,11.84899431,1.872931517,7.507551627,3.060374394,2.479997419,0,0.391694192,0,0.589470523,62.54921606,20.58926768,28.39269308,48.98196076,42.0343885,57.9656115,6.763624166,9.327068259,67.14975845
sample_95,79830161475,2.62E+11,11.42,2870012111,9402070683,9.97,118478351,388131404,8.59,2738103410,8969941869,9.95,5432940052,17798143146,10.25,1798865556,5893027782,9.77,2612163,8557366,6.93,7.18,120.825779,38.26979256,4.926564217,24.49988747,8.362761021,8.638125896,0,1.265206993,0.155360058,2.426641703,209.3701189,57.7091801,18.278536,2.353040751,11.70171159,3.994247635,4.125768253,0,0.604292054,0.074203549,1.159020072,40.73086879,12.90090502,1.660765131,8.259013185,2.819121256,2.911947892,0,0.426506499,0.052372517,0.818030934,70.57953121,25.47375148,27.28156079,52.75531227,48.28660922,51.71339078,8.587306762,9.196726741,66.28958727
sample_96,1.04E+11,3.58E+11,11.55,13035555940,44961788544,10.65,162909969,561903428,8.75,6046182510,20854283527,10.32,12922987665,44573521948,10.65,10554026841,36402584231,10.56,4697302,16201772,7.21,7.25,198.2462387,34.4371357,5.201635361,31.77725124,8.1801157,7.008777618,0,3.759725571,0.236436278,3.719173193,292.5664894,67.76108881,11.77070408,1.777932726,10.86154854,2.795985185,2.39561873,0,1.285084146,0.080814545,1.271223236,65.75461107,11.42216104,1.725286252,10.53992656,2.713193097,2.324681918,0,1.247031441,0.078421541,1.233580967,97.0388939,25.93300745,30.28266495,56.2156724,46.13127682,53.86872318,8.601498974,10.04419993,66.83184937
sample_100,1.08E+11,2.94E+11,11.47,14087297226,38334327244,10.58,1009909103,2748162789,9.44,9132271668,24850720829,10.4,15860851601,43160520139,10.64,11485967786,31255594366,10.49,5537760,15069342,7.18,6.65,167.5956039,41.4268055,4.61858201,34.56558418,7.475889921,10.14339399,0,4.558671951,0.126890913,1.671355367,272.1827778,61.57465408,15.22021556,1.696867836,12.69940165,2.74664326,3.726684721,0,1.67485687,0.046619743,0.614056253,67.37582855,16.65416801,1.856735991,13.89585896,3.005414616,4.077789384,0,1.832651291,0.051011961,0.67190875,109.4213675,49.59585915,24.93226925,74.5281284,66.54649756,33.45350244,19.93824435,10.02312865,59.7985705
sample_102,24330851783,44874768795,10.65,446343,823216,5.92,15414203,28429289,7.45,1753499287,3234078107,9.51,67304335,124133198,8.09,8927609,16465695,7.22,5434219,10022639,7,7.99,58.74055862,8.959696293,2.362467527,5.532110691,3.60368824,1.384809136,0,0,0,0,80.58333051,72.89418078,11.11854801,2.931707479,6.865080726,4.472002109,1.718480891,0,0,0,0,35.58783813,5.428212275,1.43129575,3.351617084,2.183286587,0.838983567,0,0,0,0,48.82123339,18.3199466,30.08487245,48.40481906,37.84736098,62.152639,11.09909932,18.22685374,39.41522014
sample_103,77688943153,3.22E+11,11.51,2172474,8995835,6.95,30418718,125958589,8.1,238140122,986096577,8.99,281443511,1165408338,9.07,14609101,60493733,7.78,13198524,54652779,7.74,7.6,92.18516159,26.02785683,4.955940723,12.91057205,7.321351528,13.175313,0,1.466202676,1.945515156,1.451152205,161.4390658,57.10214014,16.12240303,3.069852207,7.997179612,4.535055684,8.161167766,0,0.908208103,1.205108037,0.898885408,25.14694473,7.10006975,1.351917872,3.521840567,1.997171986,3.594058546,0,0.399961523,0.530711898,0.395855945,44.03853283,35.20101646,40.9612131,76.16222956,46.218469,53.781531,9.602391536,11.17370024,72.72126631
sample_104,82127634639,2.73E+11,11.44,1222311843,4063360991,9.61,140962253,468604248,8.67,57879596733,1.92E+11,11.28,503404797,1673480813,9.22,4599432,15290002,7.18,75574106,251232840,8.4,7.03,176.2541275,56.44166183,4.204812765,16.25256348,8.042243958,6.530133247,0,1.802078843,0,1.882916391,271.410538,64.94004573,20.79567811,1.549244475,5.988184392,2.963128851,2.405998417,0,0.663967898,0,0.693752131,56.89545044,18.21956637,1.357328306,5.246384486,2.596064552,2.107949912,0,0.58171737,0,0.607812014,87.61227345,38.49777271,50.11483375,88.61260647,43.44502915,56.55497084,12.42721603,16.17724408,67.71964932
sample_105,1.28E+11,5.43E+11,11.74,18652243839,79199553505,10.9,678323558,2880239148,9.46,21525890781,91401385983,10.96,15693942182,66638267451,10.82,37298249557,1.58E+11,11.2,375429478,1594116360,9.2,6.16,367.1791229,69.98199844,5.666849852,119.6785164,8.183252335,12.77301455,0,14.78276014,0.758089155,0,599.0036038,61.29831617,11.68306802,0.946046036,19.97959873,1.36614409,2.132376911,0,2.467891687,0.126558363,0,101.0682008,19.26295433,1.559833562,32.94221152,2.252488061,3.515846951,0,4.069041178,0.208668473,0,164.8792449,29.14062764,34.75561683,63.89624447,45.6061665,54.3938335,8.021128172,9.566686783,72.4744152
sample_106,56263045172,2.50E+11,11.4,6434429267,28600847723,10.46,2294370433,10198408692,10.01,4409101497,19598325705,10.29,5718507222,25418595413,10.41,4533788405,20152555324,10.3,662878,2946474,6.47,6.64,274.64328,85.74599075,4.14193058,63.84108162,5.071195841,9.578574181,3.446329713,8.030621767,0,0,454.4990045,60.42769671,18.86604589,0.911317855,14.04647337,1.115777106,2.107501686,0.758270025,1.76691735,0,0,69.98174047,21.8489004,1.055403616,16.26731958,1.292189313,2.440712522,0.878157847,2.046279408,0,0,115.8107032,23.82509221,29.51857471,53.34366692,44.66339415,55.33660585,6.070861882,7.521615801,74.5190414
sample_107,33286650862,1.07E+11,11.03,3547349066,11392808904,10.06,261545980,839991585,8.92,3999049907,12843509489,10.11,5329287177,17115752997,10.23,1160322414,3726538125,9.57,50087,160860,5.21,7.41,150.5473251,28.41738415,4.703188181,23.45306015,7.985341787,6.29702425,0,0.669909656,0.59775269,1.290522516,223.9615085,67.22017819,12.68851256,2.099998438,10.4719156,3.565497411,2.811654686,0,0.29911821,0.266899743,0.57622514,52.38466516,9.888154123,1.636528167,8.160760758,2.778591087,2.191121673,0,0.233102734,0.207994891,0.449052083,77.92997068,23.01232682,25.02337934,48.03570617,47.90671077,52.09328921,8.007402551,8.707171296,65.20385525
sample_108,1.45E+11,5.86E+11,11.77,25954420330,1.05E+11,11.02,1989867986,8049179109,9.91,13004747202,52605268396,10.72,7002634878,28326232068,10.45,3578422105,14475010729,10.16,744933665,3013317735,9.48,6.28,383.4899139,70.34664154,7.360496044,130.8477707,11.28469896,10.14215326,0,0.605161011,0,1.762338161,615.8391736,62.27111401,11.42289165,1.195197766,21.24706844,1.832410059,1.646883423,0,0.098266079,0,0.286168571,108.39634,19.8840131,2.080500172,36.98511728,3.189705963,2.866756734,0,0.171053361,0,0.498138281,174.0716249,35.79941427,44.44540356,80.24481783,44.6127429,55.3872571,10.11897664,12.56283125,71.73423966
sample_109,1.18E+11,5.14E+11,11.71,22885876072,99632477728,11,499751109,2175640605,9.34,8352320905,36361397042,10.56,9739870591,42402022830,10.63,7882523848,34316159855,10.54,1797799458,7826626949,9.89,6.84,330.9351959,59.47616196,5.379849911,105.5949173,7.433732748,9.316934586,0,1.267098308,0,1.005144298,520.409035,63.59136249,11.42873354,1.033773349,20.29075404,1.42844037,1.790309921,0,0.243481228,0,0.193145051,88.54272519,15.91302928,1.43939532,28.25224352,1.988917963,2.492774383,0,0.339016033,0,0.268929435,139.2370311,35.40735718,41.55115272,76.9585099,46.00837156,53.99162844,9.473346852,11.11713816,73.24469374
sample_110,2.75E+11,8.11E+11,11.91,45770881721,1.35E+11,11.13,15500088578,45740026283,10.66,27804672809,82050270789,10.91,38701731517,1.14E+11,11.06,36411751235,1.07E+11,11.03,48767444,143910414,8.16,7.57,231.0520935,42.26804352,6.609575748,41.75631142,10.67071438,9.429888248,0,5.802880049,0,1.734887838,349.3243947,66.1425589,12.09994039,1.892102541,11.95344844,3.054671973,2.699464564,0,1.66117229,0,0.496640906,78.29746081,14.32352519,2.239810903,14.15011268,3.616023678,3.195540427,0,1.966443006,0,0.587907733,118.3768244,19.69795441,21.92259495,41.62054936,47.32747336,52.67252664,6.675117244,7.428989251,66.11263736
sample_111,81758568094,4.06E+11,11.61,991916704,4923026392,9.69,38812310,192631119,8.28,15509990603,76978331741,10.89,6349926183,31515604149,10.5,6268858618,31113254075,10.49,538377,2672042,6.43,6.6,292.9705963,116.4911613,2.599930286,84.07859802,3.653291702,3.963980913,0,1.462964535,0.999914706,0,506.2204378,57.8741146,23.01194354,0.513596467,16.60908801,0.721680009,0.783054301,0,0.288997525,0.19752555,0,68.99346416,27.43322662,0.612273721,19.80019092,0.860336339,0.933502469,0,0.344522599,0.23547612,0,119.212993,31.4357242,40.8196035,72.25532769,43.50644472,56.49355529,7.40299381,9.612861791,76.45037931
sample_112,31461609110,1.28E+11,11.11,3334277679,13573464576,10.13,31434162,127964891,8.11,3984127025,16218927232,10.21,2697043489,10979356786,10.04,323178025,1315620923,9.12,34692,141227,5.15,7.22,285.5569611,58.94663429,7.732896805,47.51661682,11.86912203,12.73890209,0,7.440487623,0.698155165,2.031741351,434.5315172,65.71605276,13.56556014,1.779593999,10.93513702,2.731475522,2.931640534,0,1.712301025,0.160668476,0.467570538,77.74429882,16.04851352,2.105319505,12.93663458,3.231427335,3.46822927,0,2.025709655,0.190076206,0.553151659,118.3033605,29.55935003,37.94121382,67.50056385,43.79126387,56.20873613,8.047679639,10.32968362,72.77450407
sample_113,29976515203,85446791047,10.93,1369686610,3904233856,9.59,5628064853,16042561259,10.21,651694304,1857627102,9.27,2909272435,8292758253,9.92,1548047269,4412643386,9.64,22421829,63912476,7.81,6.79,68.41773224,11.79002142,2.125145674,10.94806623,4.431094408,3.997136474,0,1.101923406,0,1.151821434,103.9629413,65.80973122,11.3406001,2.044137697,10.53073922,4.262186461,3.844770477,0,1.059919422,0,1.107915398,26.86516794,4.629514822,0.834467814,4.298909482,1.739930447,1.569530868,0,0.432685451,0,0.452278602,40.82248543,23.51818178,26.87166279,50.38984457,46.67246343,53.32753657,9.234739043,10.5515297,60.73361823
sample_114,1.01E+11,3.85E+11,11.59,6793063756,25819566456,10.41,77381022,294115368,8.47,22408470777,85171731225,10.93,13787869662,52405929020,10.72,8414751329,31983393497,10.5,1531099,5819512,6.76,7.07,245.0065231,55.07296562,2.688482761,36.02781105,4.278255939,8.096256256,0,5.82340169,0.835075796,7.381303072,365.2100753,67.08646329,15.07980457,0.736146931,9.864955401,1.171450688,2.216876478,0,1.594534785,0.228656286,2.021111566,70.7006687,15.89221155,0.775805993,10.39641843,1.234561235,2.336308128,0,1.680438498,0.240974879,2.129996608,105.387384,27.47356227,31.19274997,58.66631225,46.8302186,53.16978139,7.927949017,9.001181901,71.14335251
sample_115,10110251328,32382287365,10.51,725596334,2324024224,9.37,16960264,54322305,7.73,585856395,1876448915,9.27,687768074,2202863479,9.34,27051182,86642667,7.94,50010,160178,5.2,7.99,161.0997314,23.15912342,5.239604235,19.0962019,9.169142723,7.188122749,0.564506888,3.024255216,1.636718035,3.405920565,233.5833272,68.96884865,9.914715961,2.243141365,8.175327464,3.925426885,3.077326981,0.241672595,1.29472221,0.700699855,1.458118011,57.60868199,8.281618875,1.873663547,6.828732816,3.278852315,2.570446729,0.201865624,1.08146274,0.585284457,1.21794489,83.52855401,26.86080574,25.59658252,52.45738827,51.20500015,48.79499984,9.605327101,9.153245444,64.24036124
sample_116,74503996465,2.56E+11,11.41,7117036522,24484591209,10.39,14257490,49049742,7.69,9369941134,32235211607,10.51,5394838209,18559748539,10.27,708855615,2438661077,9.39,2200810,7571401,6.88,6.97,306.6963959,112.2433815,15.41086388,91.61711502,26.65827274,19.17185497,0,8.295168638,0.816734433,2.016121566,582.9259086,52.61327235,19.25517117,2.643708857,15.7167684,4.573183718,3.288900817,0,1.423022809,0.140109476,0.345862405,99.47603062,36.4057948,4.998466195,29.71572885,8.646528589,6.218332062,0,2.690512378,0.264905296,0.653922815,189.0702216,14.89667869,17.57728901,32.47396771,45.87267815,54.12732182,4.831691814,5.701139508,67.56530825
sample_117,50552137694,1.65E+11,11.22,15964880553,52179409602,10.72,517032054,1689860894,9.23,4064660278,13284883207,10.12,6371102461,20823229075,10.32,1242906755,4062300399,9.61,1359814423,4444399914,9.65,7.1,263.7181091,69.29677963,13.34307432,87.22182083,23.30943775,16.96523666,0,8.872885227,1.158481956,3.065722823,486.9515483,54.15695053,14.23073402,2.740123605,17.91180686,4.786808427,3.483968112,0,1.822128969,0.237904974,0.62957451,92.61373481,24.33596082,4.685882023,30.63095899,8.185915232,5.957929603,0,3.11602052,0.406841005,1.076634599,171.0098776,15.61279859,17.62971342,33.24251202,46.96636217,53.0336378,5.4829742,6.191283598,64.88154146
sample_118,37933920158,1.22E+11,11.09,4726878250,15168048822,10.18,573735223,1841055219,9.27,2696155050,8651674376,9.94,3778954193,12126261489,10.08,467982126,1501704795,9.18,90275037,289682979,8.46,7.39,204.1286011,39.47360229,6.574428082,35.1893959,11.1523819,8.236150742,0,1.82821852,2.360567808,3.569434285,312.5127806,65.31848096,12.63103615,2.103730948,11.26014617,3.568616258,2.635460452,0,0.585006001,0.755350806,1.142172259,70.09079848,13.55388852,2.25743434,12.08283819,3.82934752,2.828013217,0,0.627747876,0.810538463,1.225621975,107.3062286,26.13297669,32.62711859,58.76009528,44.47402028,55.52597972,8.97317276,11.20303956,65.66341115
sample_119,53926196392,1.95E+11,11.29,2946721584,10654152048,10.03,405375862,1465674970,9.17,4609243334,16665157500,10.22,9563081356,34576229856,10.54,9266831847,33505111587,10.53,397799979,1438283643,9.16,6.83,170.0705795,54.46177483,5.787413836,46.26008987,9.178832531,0.710064292,0,1.77136898,1.572445035,0.860120356,290.6726893,58.50930815,18.73646092,1.991041487,15.91483878,3.157789799,0.244283112,0,0.609403307,0.540967588,0.295906835,55.23075315,17.68656784,1.879473956,15.02305461,2.980843807,0.230594767,0,0.575255539,0.510654599,0.279325767,94.39652406,23.68631458,23.72930292,47.4156175,49.95466859,50.04533141,7.692176962,7.706137509,67.52480452
sample_120,36807782958,1.09E+11,11.04,3396327435,10017697780,10,53715901,158438688,8.2,4683433255,13814103563,10.14,1626572279,4797685094,9.68,399110109,1177202295,9.07,3943317,11631082,7.07,7.53,185.2404709,38.60520172,6.782924175,32.4048214,12.18480206,7.004312754,0,1.532016695,1.360481083,1.736201882,286.8512326,64.57719188,13.45826593,2.364613919,11.29673423,4.247777478,2.441792803,0,0.534080569,0.474281066,0.605262131,71.03773459,14.80468097,2.6011787,12.42690159,4.672740954,2.686078847,0,0.587511977,0.521729909,0.665814808,110.0043723,16.88616287,20.70937966,37.59554253,44.91533233,55.08466767,6.475662421,7.94182507,61.65107212
sample_122,17220401983,2.27E+11,11.36,7587252138,1.00E+11,11,86981326,1147221562,9.06,1387392269,18298713036,10.26,1469445558,19380937305,10.29,86483899,1140660849,9.06,3504257,46218650,7.66,6.64,623.8530579,35.87911987,4.000308871,13.28040934,6.924120903,0,0,1.626569629,0,0,685.5635865,90.99856967,5.233521818,0.583506614,1.937152089,1.009989597,0,0,0.237260213,0,0,84.08722391,4.836035582,0.539189259,1.790025295,0.933280838,0,0,0.219240289,0,0,92.40499517,191.1493149,485.3197302,676.4690451,28.2569197,71.7430803,25.76442487,65.41474519,86.52130933
sample_124,42970374747,1.78E+11,11.25,14789518,61430989,7.79,257432818,1069294631,9.03,4271455311,17742276481,10.25,4472515526,18577417123,10.27,1500581309,6232940891,9.79,2440370,10136528,7.01,7.09,168.6153564,34.55204391,4.848455906,26.41187191,7.696840525,8.80214119,0,0.622353017,0.186274156,1.428964496,253.1643016,66.60313296,13.64807112,1.915142015,10.43269993,3.040255074,3.476849277,0,0.24582969,0.073578366,0.564441545,46.79954911,9.58999293,1.3456992,7.33067096,2.136274381,2.443052921,0,0.172735397,0.051700786,0.396612121,70.26628783,38.5769615,54.80108331,93.37804481,41.31266785,58.68733215,10.70711733,15.21015668,72.24478831
sample_125,67290036311,3.11E+11,11.49,11838733,54754141,7.74,288293482,1333357353,9.12,11481854735,53103578150,10.73,8106715311,37493558315,10.57,7184615525,33228846805,10.52,27494772,127163320,8.1,7.44,162.7284775,31.79185009,4.571841717,19.3417635,7.042892456,6.705384731,0,2.079531193,0,5.498159647,239.7599008,67.87143178,13.25986955,1.906841678,8.067138596,2.937477215,2.796708169,0,0.867339028,0,2.293193995,41.54429931,8.11640443,1.167183296,4.937918822,1.798038282,1.711873143,0,0.530900723,0,1.403670664,61.21028866,49.61285447,63.95649926,113.5693537,43.68507247,56.31492755,12.66607607,16.32798382,74.47017268
sample_126,1.26E+11,5.24E+11,11.72,16432096205,68533864658,10.84,56785092,236835383,8.37,3871669000,16147692658,10.21,11478446892,47873522402,10.68,2818752131,11756258890,10.07,17871562,74537491,7.87,6.49,239.0911255,36.01610756,0,50.61089134,0,0,0,1.610790491,0,0,327.3289149,73.04308132,11.00303271,0,15.46178447,0,0,0,0.492101497,0,0,36.25349132,5.461138049,0,7.674151459,0,0,0,0.244244863,0,0,49.63302569,393.6220847,423.7563332,817.3784179,48.15665255,51.84334745,59.68508785,64.25435705,84.83695652
sample_127,95159578639,3.81E+11,11.58,13603019228,54506378606,10.74,22680024,90877323,7.96,4600831297,18435220033,10.27,10577555344,42383549317,10.63,1094922373,4387279940,9.64,10169988,40750454,7.61,6.49,296.7602692,64.7312355,7.705192566,118.2752953,12.48639727,11.23126888,0,1.607886255,0,2.85015738,515.6477023,57.55097286,12.55338387,1.494274586,22.93722918,2.421497703,2.178089582,0,0.311818757,0,0.552733459,87.46978496,19.07946527,2.271097606,34.86152197,3.680352788,3.310404982,0,0.473922824,0,0.840080964,151.9866314,26.85257436,34.31718883,61.16976319,43.8984442,56.1015558,7.91476875,10.11495621,70.52510257
sample_128,85570034345,2.85E+11,11.46,12157666394,40560542492,10.61,1354642713,4519374160,9.66,5164718009,17230589942,10.24,13567480761,45263980940,10.66,8328278123,27784894547,10.44,21126,70480,4.85,6.98,108.4267769,14.21572971,3.832045197,11.24948263,6.910775423,4.417929411,0,1.484078407,0,1.570490241,152.1073079,71.28308192,9.345855836,2.519303806,7.395754212,4.543355292,2.904482021,0,0.97567857,0,1.032488355,36.37278171,4.768800183,1.285495589,3.773744712,2.318284589,1.482035957,0,0.497848054,0,0.526835717,51.0258265,51.54239374,20.13212818,71.67452192,71.91173706,28.08826294,17.29038057,6.753511674,66.45405983
sample_129,90719687683,3.06E+11,11.49,13507614221,45595214870,10.66,1916895628,6470518523,9.81,3831706526,12934000004,10.11,7719219343,26056375225,10.42,4191250501,14147647691,10.15,50064342,168993161,8.23,7.13,90.34923172,8.734812737,1.921290457,8.563434124,3.692903519,2.236550808,0,1.444826245,0,0.47064513,117.4136947,76.94948358,7.439347476,1.636342729,7.293386128,3.145206806,1.90484663,0,1.230543208,0,0.400843471,28.82351175,2.786608948,0.612936458,2.731935174,1.178122336,0.713511861,0,0.460933264,0,0.150146771,37.45770654,54.30052114,25.58868361,79.88920475,67.96978554,32.03021446,17.32313246,8.163386766,68.09766813
sample_130,51640606848,1.52E+11,11.18,1744678440,5151152735,9.71,263999008,779455502,8.89,2399035741,7083138780,9.85,4101279896,12109004538,10.08,1832483823,5410397606,9.73,265097750,782699533,8.89,6.86,229.4541626,39.79366112,8.453296185,62.10082626,14.79126596,10.31608248,0,6.619172573,0.206986979,2.818843126,374.5542973,61.26058738,10.62427034,2.256894727,16.57992625,3.949031174,2.75422884,0,1.767213091,0.055262209,0.752585979,86.48080006,14.9981487,3.186029876,23.40567318,5.574797596,3.888110184,0,2.494752474,0.078012965,1.062416153,141.1687412,19.56544764,24.81432125,44.37976889,44.08641174,55.91358826,7.374176813,9.352466438,62.3102065
sample_131,1.48E+11,5.50E+11,11.74,2183486814,8115920098,9.91,12060345408,44827749383,10.65,1537768338,5715814209,9.76,13528127075,50283426353,10.7,15834141854,58854777264,10.77,81953825,304618600,8.48,7.44,177.8373032,29.78462124,5.428955555,24.73792934,9.261686802,5.750856161,0,2.356649518,0,1.939408183,257.09741,69.17117648,11.58495577,2.111633702,9.62200644,3.602403775,2.236839399,0,0.916636818,0,0.754347616,54.5455759,9.135424847,1.665148436,7.587522854,2.840709071,1.763880556,0,0.722822506,0,0.594847843,78.85593201,22.11112286,24.29267078,46.40379364,47.64938624,52.35061376,6.781838841,7.450954856,69.32838335
sample_132,73503716259,4.28E+11,11.63,4315048506,25110871277,10.4,314896746,1832501220,9.26,5789136096,33689134925,10.53,12419623458,72274405623,10.86,7057577429,41070666555,10.61,16808,97811,4.99,6,464.3309021,74.29484558,3.333047032,135.5459671,4.103937387,8.013973713,0,0,0,1.864626765,691.4872997,67.14959223,10.74420971,0.482011316,19.60209062,0.593494254,1.158947347,0,0,0,0.269654521,92.87382465,14.86019222,0.666664278,27.1114249,0.82085504,1.602926676,0,0,0,0.37295605,138.3088438,36.00835959,41.90996797,77.91832756,46.21295235,53.78704765,7.20226472,8.382683554,79.99835371
sample_133,88042315239,3.71E+11,11.57,3929693006,16560480250,10.22,12094994718,50970628200,10.71,2850067174,12010729866,10.08,41342947678,1.74E+11,11.24,20475631037,86288237499,10.94,4127693,17394892,7.24,5.73,451.7248688,70.43963242,2.47867918,115.0732002,2.675294042,6.399073124,0,0.718650162,0,1.765435398,651.2748333,69.36009895,10.81565398,0.380588816,17.66891554,0.410778047,0.982545739,0,0.110345145,0,0.271073794,110.358431,17.20872118,0.605552548,28.11290391,0.653586449,1.563322542,0,0.175569489,0,0.431303862,159.109391,27.5844849,35.9981708,63.58265569,43.38366273,56.61633728,6.739014575,8.794516141,75.56954716
sample_134,1.60E+11,5.92E+11,11.77,21966083162,81092180527,10.91,809656024,2989006822,9.48,15318234072,56550318667,10.75,34329818222,1.27E+11,11.1,278205675,1027051780,9.01,497112572,1835190284,9.26,6.72,327.8961029,86.40052414,11.48122311,109.4472008,17.50735378,13.76595354,0,1.300985515,0,4.21840024,572.017744,57.32271531,15.10451818,2.007144573,19.13353247,3.060631242,2.406560581,0,0.227437965,0,0.737459683,85.3588328,22.49202668,2.988824189,28.49160216,4.55756342,3.58359162,0,0.338676197,0,1.098145777,148.9092628,26.38271594,32.07202164,58.45473758,45.13358033,54.86641967,6.86802258,8.34907859,73.96771964
sample_135,2.00E+11,7.27E+11,11.86,5227313354,19039748796,10.28,12551448344,45716873526,10.66,4385391411,15973167320,10.2,56923922187,2.07E+11,11.32,43464532865,1.58E+11,11.2,99268240,361570509,8.56,6.89,253.7743988,49.17226982,5.15109992,55.40905952,7.760170221,6.475565434,0,1.103222907,0,1.646501005,380.4922876,66.69633185,12.92332891,1.353798773,14.56246587,2.039507888,1.701891377,0,0.289946194,0,0.43272914,77.86130703,15.08669596,1.580424875,17.00022467,2.380921791,1.986788229,0,0.338483227,0,0.505168058,116.7400138,17.85905021,24.2290153,42.08806551,42.43257559,57.56742441,5.479390349,7.433779011,69.31869117
sample_136,46879218467,1.49E+11,11.17,4113267795,13080087323,10.12,398087694,1265908775,9.1,3278083155,10424221339,10.02,8677060705,27592833092,10.44,4050090613,12879185484,10.11,558656335,1776512984,9.25,6.91,239.663,39.655,5.953,52.088,9.8743,7.1797,0,0,0.53366,2.66963,357.61629,67.01680172,11.08870069,1.664633342,14.56533202,2.761143795,2.007654629,0,0,0.149226983,0.746506822,83.81314128,13.86784826,2.081838373,18.21582348,3.453165908,2.510830668,0,0,0.18662756,0.933602919,125.0628784,23.55533493,17.70671951,41.26205444,57.08715974,42.91284026,8.237594516,6.192260732,65.02875234
sample_137,1.10E+11,4.06E+11,11.61,7386353492,27138794695,10.43,4963545632,18236961719,10.26,7909164998,29059698447,10.46,20264924012,74456985150,10.87,15518966206,57019480344,10.76,279260142,1026052122,9.01,6.34,243.892,56.558,2.9847,120.09,4.0264,6.3866,0,0.7302,0.5551,0,435.223,56.03839871,12.99517719,0.685786367,27.5927513,0.925134931,1.467431638,0,0.16777606,0.127543811,0,76.45820635,17.73048413,0.935679762,37.64726191,1.262244444,2.002148413,0,0.228911905,0.174019444,0,136.4389564,26.18559264,26.93009376,53.1156864,49.2991702,50.7008298,8.208975471,8.442370663,68.65079365
sample_138,28901305528,1.01E+11,11.01,1731120642,6060752183,9.78,7271005,25456202,7.41,2818169919,9866573753,9.99,3810579715,13341057098,10.13,246971852,864662553,8.94,84878,297164,5.47,7.33,159.2354889,36.28471375,4.54394865,36.60664177,7.959918261,7.099400997,0,1.837643325,0.993964493,0.813510597,255.3752307,62.35353698,14.20839196,1.779322387,14.33445274,3.116950002,2.779988089,0,0.719585576,0.389217267,0.318555012,51.18509071,11.66345755,1.460619272,11.76693897,2.558657879,2.282050858,0,0.590697092,0.319502663,0.261497069,82.08851205,16.64244161,27.71313769,44.35557929,37.52051461,62.47948541,5.349591912,8.908186714,67.85572672
sample_139,40637223860,1.04E+11,11.02,14854043434,37990871391,10.58,61921179,158370315,8.2,4594380921,11750641194,10.07,5110747992,13071307521,10.12,2220487456,5679144116,9.75,45168226,115522771,8.06,7.44,107.3606873,20.51871967,3.217857957,22.20441437,5.936496258,3.898019314,0,0.498885781,0,1.777741253,165.4128219,64.90469485,12.4045521,1.945349774,13.42363556,3.588897276,2.356540001,0,0.301600429,0,1.07473002,44.96990773,8.594625776,1.347856269,9.30070858,2.486605625,1.632753788,0,0.208967063,0,0.744638118,69.28606295,18.66126508,28.06605413,46.72731921,39.93651978,60.06348022,7.816598328,11.75595925,58.1132453
sample_140,55396414853,1.70E+11,11.23,124044379,380852436,8.58,1149927574,3530613174,9.55,5215387276,16012760668,10.2,7561943516,23217372998,10.37,3167025160,9723691305,9.99,5853038,17970535,7.25,6.77,154.767746,35.5425396,4.4778409,28.68844891,8.522601604,6.755752325,0,1.596286774,0,0.935088307,241.2863044,64.14278108,14.7304422,1.855820583,11.88979581,3.532153069,2.799890504,0,0.661573717,0,0.387543051,56.33773643,12.9380073,1.629999964,10.44301746,3.102352365,2.459193234,0,0.58107187,0,0.3403859,87.83176451,19.40506171,22.57997315,41.98503485,46.21899631,53.78100371,7.063727942,8.219442414,63.59852884
sample_141,1.14E+11,3.66E+11,11.56,43068949,138077126,8.14,15446518147,49520847259,10.69,6146180443,19704379982,10.29,10593723791,33963005305,10.53,4036582681,12941103780,10.11,40182199,128822336,8.11,6.53,174.730835,65.64160919,5.159620523,40.44219589,9.100516796,8.783936977,0,1.695137382,0,1.038342893,306.5921946,56.99128617,21.41007186,1.682893633,13.19087589,2.968280653,2.865023028,0,0.552896457,0,0.338672318,56.88767573,21.37114825,1.679834124,13.16689482,2.962884304,2.859814402,0,0.551891289,0,0.33805661,99.8181995,18.48496344,21.52550801,40.01047145,46.20031399,53.79968601,6.018208555,7.008128357,67.44268078
sample_142,29177960762,1.00E+11,11,2530274320,8686424897,9.94,64426354,221175498,8.34,736318460,2527779282,9.4,3502341262,12023528080,10.08,619939887,2128251955,9.33,10960928,37628836,7.58,7.14,231.2920151,58.04648399,8.582437038,61.51428795,14.73038864,10.76203394,0,0.680202663,0.553103685,2.651560664,388.8125136,59.48677242,14.92917073,2.20734589,15.82106691,3.78855827,2.767923758,0,0.174943614,0.1422546,0.681963818,75.2012453,18.87297268,2.79045497,20.00047886,4.789372296,3.499119301,0,0.221158034,0.179833644,0.862116506,126.4167516,23.82983486,29.20633749,53.03617235,44.93128709,55.06871291,7.747925305,9.496017184,67.48644986
sample_143,1.23E+11,4.97E+11,11.7,2917133591,11825422222,10.07,3372627147,13671893577,10.14,8662978307,35117821304,10.55,18081451264,73298252854,10.87,9267979268,37570363016,10.57,6484675,26287457,7.42,7.42,164.2915115,57.80644989,5.321762323,35.2451725,8.444330215,7.167812347,0,0.543852866,0,1.098770559,279.9196622,58.69237988,20.6510859,1.901174887,12.59117427,3.016697772,2.560667689,0,0.194288912,0,0.392530682,45.87225532,16.14028749,1.48590294,9.840895229,2.35776315,2.001343314,0,0.151850557,0,0.306790553,78.15708856,23.8672155,25.33175436,49.19896986,48.51161634,51.48838366,6.664026602,7.072944263,72.0787429
sample_144,2.47E+11,9.10E+11,11.96,35228447384,1.30E+11,11.11,3720541035,13691099849,10.14,17380132807,63956594321,10.81,41762021049,1.54E+11,11.19,14022001465,51599114303,10.71,7764644,28572863,7.46,6.72,353.1001282,54.64844894,6.614000082,74.27442932,10.01961517,12.23808765,0,12.88743544,0.650654197,0.902740806,525.3355398,67.2142091,10.40257984,1.25900488,14.13847412,1.907279142,2.329575429,0,2.453181721,0.123854974,0.171840802,103.2056975,15.97289505,1.933169765,21.70926508,2.928578297,3.577003436,0,3.766797736,0.190176142,0.263857153,153.5474402,46.55187726,25.60823986,72.16011712,64.51192032,35.48807968,13.60639257,7.484891806,70.77154913
sample_145,2.26E+11,8.14E+11,11.91,33659462961,1.21E+11,11.08,6101572347,21936301419,10.34,11059465012,39760859043,10.6,24417132880,87784190071,10.94,21444087170,77095530965,10.89,50184311,180422047,8.26,7.1,223.8134232,40.91266441,7.668377161,44.10220528,12.01642561,9.127931118,0,6.60390687,0,1.335900068,345.5808337,64.76442018,11.83881177,2.218982193,12.76176251,3.47716784,2.641330256,0,1.91095866,0,0.386566597,67.27972148,12.29860402,2.305162363,13.25740005,3.612213051,2.743913455,0,1.985175905,0,0.401579955,103.8837703,24.98688991,11.69967597,36.68656588,68.10910019,31.89089981,7.511216127,3.516996119,69.93937159
sample_146,1.93E+11,5.04E+11,11.7,15976308259,41685997829,10.62,26526285874,69213405089,10.84,3528545389,9206816309,9.96,21149799645,55184870486,10.74,9099239736,23742086203,10.38,453256574,1182654482,9.07,6.2,159.8980179,30.42067623,4.534473658,52.2516613,8.02146244,0,0,0,0,2.583844066,257.7101356,62.04568459,11.80422189,1.759524765,20.27536138,3.112590982,0,0,0,0,1.002616393,64.5461344,12.27993369,1.83043386,21.09246129,3.238028836,0,0,0,0,1.043021975,104.0300141,37.16205988,19.81521225,56.97727213,65.22260279,34.77739721,15.00123231,7.99881931,59.63293651
sample_147,2.63E+11,8.81E+11,11.94,38480868452,1.29E+11,11.11,16256127917,54523882982,10.74,14114234175,47339862018,10.68,58124993766,1.95E+11,11.29,48328748074,1.62E+11,11.21,290714796,975072267,8.99,6.57,241.4562988,32.92516708,4.194856882,64.84893608,7.264736414,0,0,1.174003839,0,2.266656518,354.1306556,68.18282885,9.297463114,1.184550621,18.31214978,2.051428279,0,0,0.331517145,0,0.640062215,78.13138746,10.65405624,1.357388438,20.98407611,2.350752241,0,0,0.379888822,0,0.733453712,114.591003,42.35582257,26.87745959,69.23328216,61.17841196,38.82158804,13.70566517,8.697115045,67.64160312
sample_148,18919012168,1.51E+11,11.18,247508,1979202,6.3,2763248235,22096357833,10.34,79566307,636253225,8.8,691112274,5526490138,9.74,480833039,3844988933,9.58,1245089,9956371,7,6.96,161.3254776,13.12834072,24.80388546,142.8270187,27.00117874,15.26242018,25.36537647,1.691526771,0,0,411.4052247,39.21327876,3.191097228,6.029064283,34.71687042,6.56315893,3.709826532,6.165545538,0.41115831,0,0,26.23968611,2.135332527,4.034366912,23.23090063,4.391757988,2.482441836,4.125693763,0.275127848,0,0,66.91530763,97.87291769,740.9153,838.7882177,11.66837059,88.33162941,15.91908902,120.5103199,83.73493976
sample_149,8397246259,34689993839,10.54,289447,1195738,6.08,9621119,39745955,7.6,125568731,518738927,8.71,164649085,680184381,8.83,6270266,25903195,7.41,4701101,19420793,7.29,8.03,119.4881439,33.65476418,11.22598171,23.95837498,18.07817554,0,0,1.610650659,0.998727173,4.180616617,213.1954348,56.04629574,15.78587469,5.265582597,11.23775235,8.479626012,0,0,0.755480839,0.468456172,1.960931584,33.93733602,9.558714392,3.188432769,6.8047205,5.134610832,0,0,0.457461225,0.283661111,1.187389696,60.55232656,13.25922887,16.6661056,29.92533447,44.30770484,55.69229516,3.76592096,4.733551024,71.59773772
sample_150,89071866589,4.23E+11,11.63,10700212,50757418,7.71,935908135,4439564232,9.65,12841752745,60916006610,10.78,4168449508,19773414335,10.3,323454600,1534335925,9.19,79390687,376596848,8.58,8.08,228.0376205,68.23776245,18.3201952,40.11487579,26.16013241,0.887241006,0,1.478862286,0.516757607,2.637666762,386.3911141,59.01730453,17.66028254,4.741360381,10.38193538,6.770376299,0.229622518,0,0.382737136,0.133739516,0.682641672,53.12240024,15.89629694,4.267772746,9.344942657,6.094121756,0.206686825,0,0.344507692,0.120381033,0.614456462,90.01156637,19.18219064,25.65419119,44.83638182,42.78264628,57.21735374,4.468578502,5.976260449,76.70454545
sample_151,2.10E+11,8.96E+11,11.95,2980630,12711510,7.1,609538927,2599504247,9.41,18323846758,78145817055,10.89,9869725984,42091478462,10.62,16712094,71272168,7.85,285527530,1217690938,9.09,7.99,164.114151,51.5102272,7.539807796,19.77178192,10.90853262,1.226456404,0,0,0,2.040648878,257.1116058,63.82992728,20.03418984,2.932503872,7.689960886,4.24272276,0.477013241,0,0,0,0.793682133,39.25537459,12.32101712,1.803488472,4.729322249,2.609272459,0.293362914,0,0,0,0.488114131,61.49995194,22.20718695,25.82823975,48.0354267,46.23085184,53.76914816,5.311860294,6.17800001,76.08044501
sample_152,47919431977,2.31E+11,11.36,1338950,6443527,6.81,221547839,1066170424,9.03,9003295128,43327197587,10.64,490491762,2360428399,9.37,126344145,608014915,8.78,64980,312710,5.5,7.02,220.8504257,88.62841415,7.217973471,43.47378731,10.63355017,0,0,1.142989337,0,0,371.9471402,59.37683124,23.82822842,1.9405912,11.68816281,2.858887465,0,0,0.307298864,0,0,55.96923142,22.46074105,1.829221865,11.01738634,2.694817672,0,0,0.289663171,0,0,94.26106151,20.18041844,25.8710401,46.05145854,43.82145339,56.17854661,5.114241941,6.556393205,74.65740388
sample_153,1.55E+11,4.36E+11,11.64,45843451103,1.29E+11,11.11,541983604,1526038285,9.18,26685108566,75136031741,10.88,14275422435,40194649782,10.6,5545148680,15613219867,10.19,25290758,71210024,7.85,7.32,128.6308136,32.59734726,6.090298891,31.24883747,10.07213974,6.332352161,0,4.402525187,0,1.529714406,220.9040287,58.22927466,14.75633896,2.756988601,14.14588844,4.559509303,2.866562551,0,1.992958305,0,0.69247918,48.63318724,12.3245189,2.302641474,11.8146696,3.808109769,2.39415782,0,1.664522098,0,0.578359765,83.52016666,16.58217137,21.15902403,37.7411954,43.93652929,56.06347071,6.269445263,7.999877701,62.19165076
sample_154,3.19E+11,1.34E+12,12.13,4672105738,19621363243,10.29,17366578634,72934125802,10.86,14832778404,62292967941,10.79,85805699774,3.60E+11,11.56,10742499311,45115092196,10.65,10362336,43518527,7.64,8.12,131.87,41.87,5.23,25.94,8.6,5.13,0,1.26,0.96,0.99,221.84,59.44,18.87,2.36,11.69,3.88,2.31,0,0.57,0.43,0.44,34.37171535,10.91247126,5.229733706,6.761814353,2.24108571,1.335891979,0,0.32881845,0.250399913,0.25692679,57.82,26.74,40.79,67.52,39.6,60.4,6.97,10.63040187,73.94
sample_155,2.32E+11,9.81E+11,11.99,8595798591,36259200498,10.56,54235251001,2.29E+11,11.36,19816327404,83590161035,10.92,25725372639,1.09E+11,11.04,18989846522,80103860642,10.9,52901043,223149659,8.35,6.59,284.33,68.32,7.36,56.15,12.2,15.71,0,14.27,3.09,1.11,462.55,61.47,14.77,1.59,12.14,2.64,3.4,0,3.09,0.67,0.24,77.93903125,18.72878804,7.362294436,15.39281689,3.343344494,4.305958247,0,3.912306095,0.847124749,0.304332496,126.79,27.24,40.96,68.21,39.94,60.06,7.47,11.22833842,72.59
sample_156,3.00E+11,1.07E+12,12.03,4867494640,17377809813,10.24,7179572592,25632333727,10.41,20135253014,71886385762,10.86,49977973667,1.78E+11,11.25,40134953348,1.43E+11,11.16,212684807,759322073,8.88,7.01,252.6,62.13,4.56,36.65,7.44,7.85,0,3.64,0,0.72,375.59,67.25,16.54,1.21,9.76,1.98,2.09,0,0.97,0,0.19,78.65942984,19.34789478,4.559726,11.4130494,2.315806028,2.443803224,0,1.13347909,0,0.225445964,116.96,18.38,41.49,59.86,30.7,69.3,5.72,12.91869421,68.86
sample_157,79388027957,2.41E+11,11.38,3865914910,11736395688,10.07,9799265173,29749245959,10.47,4653979044,14128851991,10.15,6773535342,20563538727,10.31,3985105634,12098242631,10.08,1318231050,4001971477,9.6,6.6,113.98,23.27,2.88,27.23,6.03,4.23,0,1.23,0,1.28,180.13,63.28,12.92,1.6,15.12,3.35,2.35,0,0.69,0,0.71,40.83005816,8.334801281,2.880196095,9.753058695,2.160059835,1.515555527,0,0.442117928,0,0.457420499,64.52,32.24,68.22,100.46,32.09,67.91,11.55,24.43581061,64.18
sample_158,2.60E+11,1.11E+12,12.05,37087134221,1.59E+11,11.2,22680944471,97076817304,10.99,19279156313,82516807777,10.92,36983076515,1.58E+11,11.2,32338607251,1.38E+11,11.14,135472031,579834480,8.76,6.49,197.01,47.33,3.63,85.19,5.82,6.97,0,0,0,0,345.96,56.95,13.68,1.05,24.63,1.68,2.02,0,0,0,0,51.84932503,12.455143,3.634277106,22.42178095,1.532765814,1.835131044,0,0,0,0,91.05,29.85,41.03,70.88,42.11,57.89,7.86,10.79801919,73.68
sample_159,1.02E+11,2.62E+11,11.42,20487200380,52777523416,10.72,537514870,1384703772,9.14,6339502986,16331331811,10.21,6020979700,15510777032,10.19,1089744694,2807315057,9.45,1109877,2859179,6.46,7.28,142.84,18.64,4.19,22.11,7.97,4.59,0,2.39,0,1.68,204.4,69.88,9.12,2.05,10.82,3.9,2.24,0,1.17,0,0.82,58.81762201,7.674592915,4.187531472,9.103900349,3.280438802,1.888938722,0,0.982403405,0,0.691552632,84.16,17.38,32.5,49.88,34.84,65.16,7.16,13.38169104,58.82
sample_160,1.24E+11,6.27E+11,11.8,6080679913,30720228580,10.49,173532981,876706705,8.94,14862938143,75089112341,10.88,5666858838,28629561382,10.46,690909391,3490546243,9.54,78076870,394452486,8.6,7.91,276.22,41.77,3.83,46.96,5.73,4.96,0,3.23,0,0,382.7,72.18,10.91,1,12.27,1.5,1.3,0,0.84,0,0,64.17136637,9.70406619,3.834770084,10.90926378,1.332031623,1.152743376,0,0.749642652,0,0,88.91,41.26,61.33,102.59,40.22,59.78,9.59,14.24800909,76.77
sample_161,62275208913,2.22E+11,11.35,1948557714,6952194835,9.84,56901347,203016441,8.31,8102831654,28909825957,10.46,2572779833,9179336356,9.96,465359143,1660339545,9.22,11314198,40367553,7.61,7.09,164.6,32.27,4.76,31.65,8.01,4.71,0,1.67,0,0.75,248.41,66.26,12.99,1.91,12.74,3.23,1.89,0,0.67,0,0.3,47.94054938,9.400027284,4.755065441,9.218794813,2.33361684,1.370501379,0,0.485116388,0,0.21951755,72.35,22.53,38.13,60.65,37.14,62.86,6.56,11.10480034,70.87
sample_162,1.34E+11,5.43E+11,11.73,11306374356,45738526625,10.66,12134763,49089669,7.69,48774632983,1.97E+11,11.3,4539262982,18363021976,10.26,2305161649,9325243809,9.97,114420,462872,5.67,7.08,302.15,53.8,5.02,63.49,7.95,5.43,0,0,0,0,437.84,69.01,12.29,1.15,14.5,1.82,1.24,0,0,0,0,89.74775409,15.9798658,5.019387246,18.85932904,2.361561922,1.611477267,0,0,0,0,130.05,17.24,39.29,56.54,30.5,69.5,5.12,11.67146936,70.3
sample_163,1.29E+11,6.10E+11,11.79,5791199775,27477683241,10.44,24146871,114570400,8.06,19648741627,93227987205,10.97,30161323939,1.43E+11,11.16,20597246222,97728386055,10.99,587953,2789681,6.45,6.24,224.92,49.57,2.62,57.69,3.49,5.79,0,4.33,0,0,348.39,64.56,14.23,0.75,16.56,1,1.66,0,1.24,0,0,65.77713566,14.49549999,2.619693399,16.87155484,1.019875647,1.692174264,0,1.266699834,0,0,101.89,34.33,50.3,84.63,40.56,59.44,10.04,14.71090646,70.75
sample_164,1.27E+11,4.25E+11,11.63,10601706075,35522406471,10.55,65472640,219374666,8.34,23043511671,77210307690,10.89,21897340272,73369910113,10.87,9798788507,32832125868,10.52,4939583,16550719,7.22,6.17,345.69,54.8,3.9,152.37,5.88,8.26,0,3.9,0,4.56,579.37,59.67,9.46,0.67,26.3,1.01,1.43,0,0.67,0,0.79,76.81969198,12.17777083,3.900182367,33.86108738,1.306765715,1.835008515,0,0.867375387,0,1.013695823,128.75,48.75,88.8,137.54,35.44,64.56,10.83,19.73272019,77.78
sample_165,1.49E+11,5.08E+11,11.71,9761529783,33175783352,10.52,1077233321,3661112558,9.56,13385141432,45491082049,10.66,18678035396,63479646071,10.8,9524926854,32371658621,10.51,2439147,8289747,6.92,7.28,164.6,21.73,3.48,15.42,6.59,4.57,0,1.64,0,0.64,218.66,75.28,9.94,1.59,7.05,3.01,2.09,0,0.75,0,0.29,60.90103683,8.040776262,3.479255796,5.707235603,2.437525442,1.689360538,0,0.605035124,0,0.235352675,80.9,21.21,35.85,57.07,37.17,62.83,7.85,13.26581242,63
sample_166,1.18E+11,4.86E+11,11.69,5907746817,24352395297,10.39,133915542,552014892,8.74,9387149123,38694882028,10.59,9892428960,40777702215,10.61,3849395466,15867640056,10.2,83777396,345339827,8.54,7.92,133.52,21.09,5.54,17.19,9.5,5.39,0,2.58,0,0.43,195.23,68.39,10.8,2.84,8.8,4.87,2.76,0,1.32,0,0.22,44.06099465,6.961064329,5.536217213,5.67203865,3.135469551,1.777391696,0,0.850633532,0,0.140320175,64.42,20,30.23,50.22,39.81,60.19,6.6,9.974935355,67
sample_167,1.13E+11,1.72E+12,12.24,3182603156,48576574480,10.69,403223803,6154468568,9.79,16202898707,2.47E+11,11.39,18214131356,2.78E+11,11.44,7825466760,1.19E+11,11.08,2033017,31030261,7.49,6.73,240.88,30.06,3.67,67.09,5.87,7.91,0,13.45,0,0,368.92,65.29,8.15,0.99,18.19,1.59,2.14,0,3.64,0,0,56.53295852,7.054516441,3.665288925,15.74577075,1.37765102,1.85678609,0,3.155819465,0,0,86.58,33.37,52.43,85.8,38.89,61.11,7.83,12.3050576,76.53