contig	length	cov_mean_sample_Sample118	cov_mean_sample_Sample120	cov_mean_sample_Sample127	cov_mean_sample_Sample134	cov_mean_sample_Sample177	cov_mean_sample_Sample215	cov_mean_sample_Sample230	cov_mean_sample_Sample234	cov_mean_sample_Sample244	cov_mean_sample_Sample261	cov_mean_sample_Sample263	cov_mean_sample_Sample290	cov_mean_sample_Sample302	cov_mean_sample_Sample321	cov_mean_sample_Sample330	cov_mean_sample_Sample343
NODE_4_length_463_cov_71.041039	533	12.474681	27.729840	19.204507	0	0	0	26.545958	0	30.283292	5.917450	1.868666	6.913701	25.290806	29.724205	17.416511	8.782369
NODE_357_length_170_cov_4.558824	240	0.833333	0.416667	1.666666	0	0	0	0	0	0.416667	1.250000	0.833333	0	1.250001	0	0.416667	4.583333
NODE_300_length_83_cov_12.469879	153	0	0	0	0	0	0.653595	0	0	0	0.653595	0	0	0	0	0	0
NODE_288_length_174_cov_4.316092	244	0.819672	0	0	0	0	0	0.409836	0	0	0	0.409836	0.409836	0.819672	0.409836	0.819672	1.639341
NODE_22_length_1092_cov_17.170330	1162	3.776249	8.949218	6.189331	0	0	0	7.215148	0	8.765065	2.580035	0.086058	3.000003	7.475039	9.024092	6.366615	3.950944
NODE_337_length_443_cov_3.494357	513	0.768032	0.557505	0.758285	0	0	0	0.779727	0	1.744640	0	0	0.194932	1.124757	0.974662	0.964911	0
NODE_184_length_80_cov_17.712500	150	0	0	0	0	0.666667	0.666667	0	0.666667	0	0	0.666667	0	0	0	0	0
NODE_338_length_355_cov_4.014084	425	0.941176	0.941175	0.235294	2.588237	0	0	0.235294	0	0.470589	3.039999	0.470588	0.235294	0.705882	0	0	3.294115
NODE_116_length_203_cov_4.093596	273	1.062271	1.465200	1.465200	0	0	0	0	0	0.366300	1.465202	0.366300	0.732600	0.732600	0	0	3.296702
NODE_227_length_17728_cov_8.145138	17798	1.544724	4.342846	3.183673	0	0	0	3.904426	0	3.944040	1.011405	0.309024	1.481459	4.442972	4.496799	3.054388	1.695358
NODE_368_length_95913_cov_8.145454	95983	1.799101	4.382472	3.160893	0	0	0	4.042301	0	4.398751	1.002553	0.348895	1.270611	4.177271	4.705583	2.748624	1.626235
NODE_346_length_127_cov_14.551181	197	2.030458	3.482234	3.451775	0	0	0	6.076138	0	2.994924	1.522842	0	2.030457	3.030460	8.583761	4.482233	0.944163
NODE_172_length_348_cov_20.241379	418	1.870814	4.306219	2.633972	0	0	0	4.279912	0	5.679426	0.478469	0.239234	2.143542	8.110049	6.165073	3.110048	1.674643
NODE_85_length_156_cov_4.275641	226	2.212391	0	4.367258	0	0	0.442478	1.283184	0	0	0.442478	0.884956	0	1.327434	0	0	0.442478
NODE_501_length_2698_cov_4.403262	2768	0.072254	0	0.072254	17.143065	0	0	0.071893	0.035405	0	0	0	0	0	0	0.036127	0.106936
NODE_60_length_380_cov_14.105263	450	4.877772	6.417780	3.984444	0	0	0	5.762223	0	7.742225	2.666666	0.666666	2.873332	7.111112	6.217775	3.777774	3.537775
NODE_83_length_30959_cov_8.206402	31029	1.891553	4.458311	3.083079	0	0	0	3.841051	0	4.532372	1.201973	0.292984	1.192208	3.732287	4.738632	2.967964	1.913144
NODE_242_length_125_cov_17.591999	195	0	1.025641	0.512821	0	0	0	1.538460	0	0.512821	0	0	0	1.025641	1.025640	0	0
NODE_96_length_1344_cov_16.811756	1414	4.164074	7.560821	7.412306	0	0	0	7.463235	0	8.166902	2.969593	0.636492	2.404527	8.974540	8.060115	5.637199	4.087693
NODE_2_length_16156_cov_8.219856	16226	1.545114	4.323432	2.912856	0	0	0	3.922715	0	4.290832	0.992173	0.388265	1.182792	4.050290	5.099648	2.814187	1.411069
NODE_391_length_18466_cov_8.041157	18536	1.918916	4.707599	3.197778	0	0	0	4.262194	0	4.395608	1.002913	0.349806	1.160444	4.404837	4.658177	3.107304	1.752105
NODE_327_length_291_cov_10.608248	361	1.108034	2.459833	2.216068	0	0	0	3.047088	0	4.393349	1.385042	1.385041	0.831023	2.493075	1.385041	1.662050	1.939058
NODE_401_length_1196_cov_6.761706	1266	0.947867	4.412325	2.669826	0	0	0	2.679305	0	2.132700	1.026856	0.157978	1.026856	2.203000	2.685623	1.725908	1.816747
NODE_363_length_56311_cov_8.373550	56381	1.880136	4.387789	3.135366	0	0	0	3.923360	0	4.557613	1.180753	0.322857	1.276636	4.218083	4.886234	2.801248	1.641350
NODE_350_length_193_cov_4.865285	263	0.760456	0.760457	1.140684	0	0	0	0.760456	0	0.380228	1.901140	1.140687	0.380228	2.281366	0	0.380228	2.661596
NODE_322_length_13952_cov_8.311927	14022	2.286263	3.933675	3.128226	0	0	0	3.914062	0	4.155966	1.843817	0.413779	1.539653	4.390669	4.624592	3.199968	2.956287
NODE_170_length_192_cov_9.369792	262	1.526719	4.190840	2.671756	0	0	0	4.942751	0	4.530531	0.381679	0	0.381679	3.435112	4.118324	3.435115	2.240458
NODE_424_length_293_cov_4.006826	363	0.275482	0.550964	1.928373	0	0	0	1.101928	0	0.550964	1.928372	0.275482	0	1.101929	0	0.275482	3.581268
NODE_112_length_846_cov_18.049644	916	4.366811	9.024013	4.908290	0	0	0	6.644103	0	6.979259	1.965066	0.545851	2.719436	10.691048	7.525108	5.786028	2.183407
NODE_75_length_635_cov_16.266142	705	3.792913	6.086524	6.782980	0	0	0	7.357445	0	7.358864	0.985815	0.409929	1.418440	7.934754	9.604250	5.643972	4.093621
NODE_58_length_571_cov_3.173380	641	0.312012	0.780031	0.624024	0	0	0	0.928237	0	0.156006	2.332294	0.468018	0.312012	0	0	0.468019	2.808110
NODE_394_length_1280_cov_15.627344	1350	3.107408	7.679252	4.571856	0	0	0	6.442964	0	8.134069	1.185186	0.592592	2.073332	6.592587	9.321482	5.472595	3.403699
NODE_37_length_2911_cov_16.829613	2981	3.820195	9.509905	6.467625	0	0	0	6.096608	0	7.595437	3.082188	0.704461	2.443140	8.246898	9.351553	6.193561	3.755783
NODE_151_length_29715_cov_8.256470	29785	1.677555	4.477721	3.007285	0	0	0	3.854156	0	4.245396	1.103811	0.348901	1.161457	4.366060	4.798757	2.981065	1.660667
NODE_447_length_175_cov_4.022857	245	0.408163	0.816327	0.816327	0	0	0	0	0	0.408163	2.448979	0.408163	0.408163	2.040814	0	0.408163	2.857147
NODE_57_length_427_cov_83.281029	497	15.631791	37.462783	27.392349	0	0	0	31.454729	0	32.259561	8.008054	3.394365	9.645871	36.786732	38.122740	25.283708	9.213283
NODE_132_length_71_cov_36.070423	141	7.687943	14.744684	11.056740	0	0	0	9.141838	0	9.723403	3.510638	0	2.063830	11.765963	9.007092	6.262412	4.191486
NODE_134_length_519_cov_18.038536	589	3.056025	5.925304	5.241089	0	0	0	5.558572	0	7.280134	1.018676	0.339559	2.037351	7.962649	7.122243	4.923599	1.356537
NODE_331_length_113_cov_6.867257	183	0.459016	2.153003	2.732242	0	0	0	3.109292	0	1.639344	1.092896	0	0.546448	1.568306	1.092895	1.065574	2.644805
NODE_28_length_34835_cov_8.108799	34905	1.840510	4.459165	2.778054	0	0	0	3.806963	0	4.358433	0.981981	0.309182	1.271193	4.035380	4.898806	2.803755	1.382610
NODE_131_length_92242_cov_8.320277	92312	1.778380	4.342297	3.029933	0	0	0	3.971103	0	4.383198	1.043374	0.326718	1.183942	4.141305	4.828959	2.844117	1.713288
NODE_428_length_146_cov_4.260274	216	1.388889	0.925926	0.462963	0	0	0	0.421296	0	0	2.300925	0.462963	0	1.388889	0	0	3.703702
NODE_385_length_89_cov_11.898876	159	0.628931	0	0	0	1.886793	0.628931	0	0	0	0	0	0	0	0	0	0
NODE_306_length_95_cov_10.905263	165	2.915149	1.672726	1.793938	0	0	0	4.242428	0	2.957577	1.212121	1.181818	1.793938	3.569700	4.824245	2.369695	1.212120
NODE_101_length_153_cov_4.235294	223	0.896861	0	0.408072	0	0	0	0	0	0	1.345292	0.448430	1.345293	0.448430	0	1.345290	3.587450
NODE_17_length_117_cov_22.692308	187	2.673802	6.882349	5.283423	0	0	0	2.101605	0	8.459892	2.122998	0.534759	0.534759	5.251340	3.673796	3.604274	3.192511
NODE_38_length_204_cov_6.171568	274	5.751824	0	2.558396	0	0	4.350365	2.193429	0	0	0.364964	0.729927	0	2.919707	0	0	0.729928
NODE_95_length_95_cov_16.063158	165	1.793940	3.012119	1.739395	0	0	0	6.012120	0	6.557574	1.212121	0	2.424245	3.539390	3.527276	2.424244	2.351515
NODE_1_length_2054_cov_17.474684	2124	4.095579	8.936436	6.763177	0	0	0	7.994348	0	7.700096	3.201035	0.706215	2.118174	7.858757	10.021191	7.344165	5.396895
NODE_32_length_1298_cov_27.580894	1368	7.437867	13.509504	8.984650	0	0	0	12.197368	0	12.766077	3.277780	1.088449	4.311404	12.252920	14.320171	7.664474	8.020467
NODE_68_length_189_cov_4.005291	259	1.544400	0.386100	1.158300	0	0	0	0.772200	0	0	0.772201	0.386100	0	1.158301	0	0.772200	3.474901
NODE_259_length_266_cov_4.357143	336	0.595238	0.595238	1.785712	3.273809	0	0	0.297619	0	0	1.785715	0.595238	0.892856	1.488096	0	0.595238	1.785714
NODE_20_length_1174_cov_71.271721	1244	6.993575	20.485523	12.774920	0	0	0	13.900323	0	17.923622	4.735532	1.366559	4.581994	13.805468	15.739546	11.081994	6.752413
NODE_301_length_1017_cov_2.447394	1087	0.643974	0.275989	0.183993	0	0	0	0.643974	0	0.367985	1.651334	0.091996	0	0.275989	0	0.643973	1.281507
NODE_398_length_152_cov_4.164474	222	0.900901	0.450450	1.351352	2.252251	0	0	0.450450	0	0.450450	0.900901	0	0.450450	0.450450	0	0	1.801802
NODE_388_length_16348_cov_7.850318	16418	1.765500	4.083510	2.995184	0	0	0	3.548790	0	4.449750	0.944026	0.194665	1.151054	3.597028	4.640943	2.679071	1.601596
NODE_119_length_83_cov_11.493976	153	0.653595	3.189542	2.555556	0	0	0	2.614383	0	3.202614	0.653595	0.653595	1.960783	2.549022	1.954249	0.653595	0.653595
NODE_25_length_286_cov_24.356644	356	2.808985	8.977543	7.528088	0	0	0	8.668532	0	11.477536	1.404494	0.561798	4.775275	8.648874	11.758428	5.028083	3.030895
NODE_74_length_5532_cov_8.931309	5602	1.963050	4.298464	3.336308	0	0	0	4.191353	0	4.425209	1.820065	0.498037	1.159586	4.673155	4.995894	3.202244	2.460906
NODE_144_length_71_cov_8.492958	141	0.709220	0.687943	0.709220	0	0	0	2.007094	0	0	0	0	0.687943	2.063830	0.709220	1.418439	0.709220
NODE_43_length_3201_cov_17.114964	3271	3.969428	9.000620	6.167227	0.764293	0	0.030572	7.748097	0	8.307548	3.055943	0.642005	2.751452	8.479974	9.828188	6.534694	4.609293
NODE_40_length_176_cov_16.011364	246	0	0.406504	0.406504	0	0	0	0.813009	0	0.813009	0.406504	0	0	0	0.406504	0	0.406504
NODE_502_length_207_cov_14.362319	277	0	0	0	0	0.722021	2.166063	0	1.083032	0	0.361011	1.444044	0	0	0.361011	0	0
NODE_436_length_163_cov_4.067485	233	0.429185	0	0.429185	0	0	0	0.429185	3.004295	1.287553	0	0	2.519313	0	0	1.716741	1.716738
NODE_332_length_202_cov_7.351485	272	1.470591	2.522056	3.977945	0	0	0	1.735293	0	3.625002	0.367647	0.367647	1.470589	2.845588	3.974265	2.525738	0.367647
NODE_138_length_544_cov_19.593750	614	5.009772	9.257330	8.596090	0	0	0	8.618890	0	7.947882	3.040717	0.814333	2.933223	6.827364	7.628667	4.050485	5.043969
NODE_26_length_3431_cov_15.138152	3501	3.049701	6.612392	6.392178	0	0	0	7.302201	0	7.279065	2.370750	0.628393	1.853471	6.960871	8.834908	4.391887	3.565265
NODE_202_length_21368_cov_7.902611	21438	1.687889	4.209721	2.681732	0	0	0	3.920233	0	4.297979	0.952280	0.414824	1.124171	4.172780	4.570762	2.857871	1.374895
NODE_317_length_182_cov_8.307693	252	1.976188	1.984128	1.984128	0	0	0	0.396825	0	2.380952	0	0	0.396825	3.174600	3.162697	1.527777	0
NODE_405_length_96_cov_16.645834	166	1.192771	3.566267	1.777107	0	0	0	3.012048	0	5.295186	0.602410	0.602410	1.204819	4.168677	4.090361	2.969881	2.355421
NODE_213_length_120_cov_13.925000	190	0	0	0.526316	0	0.526316	1.578945	0.526316	0	0	0	0.526316	0.526316	0	0	0	0
NODE_113_length_286_cov_12.695805	356	1.963482	2.241571	3.084266	0	0	0	2.528089	0	2.525277	1.120788	0	1.120787	1.117979	3.362363	1.957863	1.398876
NODE_386_length_205_cov_4.151219	275	0.727272	1.090909	1.454546	0	0	0	0.727273	0	0	1.454545	0.727273	1.090910	0.727273	0	0.727273	2.545453
NODE_47_length_286_cov_82.870628	356	15.598325	32.199437	24.297756	0	0	0	31.011237	0	30.443823	6.460671	3.061800	7.278094	35.193813	39.994387	22.912934	14.825861
NODE_76_length_145_cov_4.200000	215	0.930233	0	0	0	0	0	0	2.786043	1.339535	0.465116	0	2.790698	0	0.465116	0.925581	0.930232
NODE_9_length_28909_cov_10.362067	28979	2.580215	4.580524	3.733530	1.979431	0	0.158736	4.611301	0	4.897792	2.142174	0.517375	1.365230	5.024702	4.671007	3.104039	3.036510
NODE_162_length_92_cov_11.836957	162	0	0	0	0	0	1.234568	0	0	0	0	0	0	0	0	0	0
NODE_495_length_194_cov_4.144330	264	0	0	0.378788	1.136363	0	0	0	0	0.378788	0.378788	0.378788	0	0.757576	0	0	0.378788
NODE_159_length_105_cov_17.923809	175	0.571429	0	0.571429	0	0	0	0	0	0	0	0	0	0.571429	1.142857	0	0
NODE_19_length_1273_cov_24.035349	1343	4.975431	10.036481	7.964256	0	0	0	12.040207	0	10.608330	2.305287	0.595681	2.679074	13.472818	14.740135	8.482499	4.169765
NODE_319_length_73_cov_18.027397	143	0	0	0.699301	0	0	0	0	0	0	0	0	0	0	0	0	0
NODE_46_length_121_cov_15.454545	191	0.523560	3.141359	3.109948	0	0	0	4.712042	0	3.104711	1.570680	0.979058	1.539266	4.701571	7.811512	3.664919	1.570680
NODE_257_length_6277_cov_8.895651	6347	2.140853	4.551758	3.510160	0	0	0	4.361740	0	4.267840	2.014967	0.532535	1.293682	3.902001	4.518354	3.215222	3.290845
NODE_396_length_169_cov_4.017752	239	0.418410	0.418410	1.673640	0	0	0	0.418410	0	0.836819	2.092051	0	0.418410	0.418410	0	0.418410	2.928870
NODE_402_length_187_cov_4.711230	257	0.389105	1.922179	1.945524	0	0	0	0.389105	0	0.778211	1.910505	0	0.389105	0.715953	0	0	3.891052
NODE_225_length_457_cov_18.485777	527	3.009487	9.267559	6.449717	0	0	0	7.208731	0	7.772293	1.138521	0	2.277041	5.487667	10.413659	5.692598	3.204933
NODE_330_length_637_cov_5.874411	707	0.848656	1.954738	0.987270	0	0	0	1.528996	0	1.980196	0.141443	0.141443	0	0.848655	1.838755	1.114568	0.565772
NODE_183_length_115_cov_21.330435	185	0	0.540541	0	0	0	0	0	0	0.540541	0.540541	0	0	0.540541	0	0	0
NODE_456_length_77_cov_7.454545	147	0	2.040816	0.680272	0	0	0	0	0	3.394559	0	0	0.680272	1.360544	2.605440	0.680272	0.591837
NODE_191_length_2593_cov_10.080987	2663	2.848294	5.135181	3.715736	0	0	0	4.392412	0	5.103650	2.666165	0.638377	1.499062	3.229441	4.836276	2.813367	2.851668
NODE_309_length_63619_cov_8.319213	63689	1.887830	4.285339	2.961076	0	0	0	3.956332	0	4.403443	1.091162	0.351395	1.184003	4.132626	4.793152	2.925091	1.829044
NODE_129_length_160323_cov_8.254436	160393	1.830425	4.451729	3.058500	0	0	0	3.927701	0	4.477125	1.059298	0.292956	1.205799	4.073308	4.829532	2.854593	1.690708
NODE_171_length_460_cov_19.934782	530	1.316981	4.513211	2.641511	0	0	0	4.711325	0	5.264147	1.320754	0.188679	1.132076	4.711325	6.032070	3.579247	3.203775
NODE_360_length_162_cov_4.154321	232	0.431034	1.293105	2.586207	0	0	0	0	0	0.431034	1.293105	0.431034	0.431034	0.862069	0	0.431034	2.155169
NODE_177_length_270_cov_4.218519	340	1.767648	1.470589	1.470588	0	0	0	0.294118	0	0.294118	2.058822	0	0	0.294118	0	0.294118	3.823529
NODE_283_length_165_cov_4.200000	235	0.851064	1.276595	0.851063	0	0	0	0	0	0.425532	2.127663	0.425532	0.425532	0.425532	0	0.425532	2.127663
NODE_231_length_149_cov_4.020134	219	0.456621	0.456621	0.456621	0	0	0	1.826485	0	0.456621	2.739724	0.447489	0	1.369862	0	0.456621	1.369863
NODE_277_length_146_cov_4.280822	216	0.462963	0.462963	0.462963	0	0	0	0	0	0.884258	2.777777	0.462963	0.462963	1.388889	0	0	3.240744
NODE_409_length_71_cov_4.000000	141	0	1.397163	0	0	0	0	0	0	0	0	0.645390	0	0.673759	0	0	1.397163
NODE_13_length_6591_cov_8.574723	6661	2.308962	4.187361	3.404290	0	0	0	4.186305	0	5.233452	2.056747	0.540459	1.620779	5.593452	4.077317	3.076262	3.511186
NODE_258_length_263280_cov_8.177872	263350	1.815160	4.399360	3.057814	0	0	0	3.907414	0	4.398330	1.087809	0.305662	1.154209	4.037212	4.745841	2.832875	1.651682
NODE_100_length_1535_cov_6.691205	1605	8.264801	0.249221	6.652957	0.124611	0	3.363241	6.353278	0	0	0.808100	0.373832	0.373832	5.783800	0	0	1.059190
NODE_16_length_640_cov_19.335938	710	5.332393	8.298583	5.318312	0	0	0	8.867604	0	10.801406	3.364794	0.554929	2.792957	8.988734	9.859151	4.466204	6.298591
NODE_208_length_577_cov_17.469671	647	2.466772	7.064913	7.199384	0	0	0	7.565691	0	6.778978	2.607419	0.927356	2.137556	7.231838	8.646062	3.998455	4.142199
NODE_234_length_197_cov_4.279188	267	1.498128	1.498127	1.123595	0	0	0	0	0	0	2.996256	0	0.374532	1.123596	0	0.374532	2.996254
NODE_187_length_157_cov_4.917197	227	3.964753	0	3.083702	0	0	1.321585	0.881058	0	0	0.440529	0	0	0.881058	0	0	0.440529
NODE_130_length_3461_cov_7.763941	3531	1.672049	3.818183	3.164826	0	0	0	3.403287	0	3.823561	1.018126	0.426508	1.158878	3.626734	4.970825	2.241010	1.730953
NODE_329_length_397_cov_7.090680	467	0.856532	2.569595	3.640255	0	0	0	3.211991	0	2.355463	0.616703	0	0	3.608138	5.115628	2.340472	1.284795
NODE_454_length_185_cov_4.237838	255	0	1.176471	0.784314	0	0	0	0.392157	0	0.392157	1.556863	0.392157	0.392157	1.568629	0	1.176470	2.745097
NODE_243_length_73_cov_15.643836	143	1.398602	0	0	0	1.398602	1.398602	0	0	0	0	3.496500	0	0	0	0	0
NODE_473_length_177_cov_4.197740	247	0	0.404858	0.404858	0	0	0	0.809716	0	0.809717	1.214574	0.404858	0.809716	1.214576	0	1.619434	3.643725
NODE_372_length_184_cov_4.152174	254	0.787401	1.181103	0	0	0	0	0.393701	0	0.393701	3.149603	1.181103	0.393701	2.362204	0	0	1.574802
NODE_274_length_173_cov_11.838150	243	0.411523	1.234569	2.057611	0	0	0	3.292181	0	4.938271	0.823045	0	1.234569	2.469137	5.349804	2.057616	0
NODE_247_length_147_cov_4.074830	217	0.921659	0	0.460829	0	0	0	0.460829	0	0	0	0	0	0.460829	0	0.465438	1.843316
NODE_254_length_191233_cov_8.270398	191303	1.865680	4.540436	3.132714	0	0	0	3.973392	0	4.328217	1.189238	0.352393	1.231450	4.234398	4.817617	2.834327	1.759731
NODE_168_length_244_cov_4.118853	314	0.318471	0.318471	0.955416	0	0	0	0.955413	0	0.636943	0.636943	0.318471	0	2.547774	0	0.955413	3.184712
NODE_107_length_7609_cov_8.569195	7679	1.876287	4.349525	3.357861	0	0	0	4.055861	0	4.415816	0.949603	0.325564	1.266311	4.152754	4.949211	2.762337	2.057950
NODE_284_length_148_cov_4.236486	218	0.917431	0.458716	0	0.458716	0	0	0	2.752293	0.458716	0.422018	0	2.293577	0	0.917431	3.211007	0.917431
NODE_340_length_147_cov_4.129251	217	1.382489	0.921658	1.382487	0	0	0	1.382490	0	0.921658	0.921659	0.460829	0.447005	0.460829	0	0.460829	0.921659
NODE_248_length_650_cov_2.520000	720	0.694445	0.263889	1.250000	0	0	0	0.277778	0	0.277778	0.972223	0	0.555555	0.694444	0	0.138889	2.218057
NODE_21_length_182_cov_59.115383	252	9.464282	15.293653	11.488097	0	0	0	13.432534	0	19.801585	1.587302	1.162698	4.321431	15.079367	24.726194	11.087308	4.325394
NODE_463_length_171_cov_4.304093	241	0	1.244814	0.414938	0	0	0	0.829876	0	0.788382	1.659752	0	0.829875	2.489625	0	0.414938	3.290455
NODE_384_length_183_cov_15.349727	253	1.581026	3.150200	3.869563	0	0	0	3.893280	0	5.814229	0.790514	0.790514	0.790514	3.501981	7.754935	2.679844	1.581028
NODE_165_length_182_cov_4.335165	252	1.984128	1.587301	0.793652	0	0	0	0.396825	0	0.793650	1.587299	0	0.793650	0	0	0.396825	3.174601
NODE_467_length_146_cov_4.130137	216	0	0.439815	0	0	0	0	0	0	0.462963	1.388888	0.462963	0	1.851851	0	0.462963	5.078704
NODE_266_length_205_cov_15.878049	275	0.363636	1.090908	0.363636	0	0	0	0.363636	0	0.727272	0	0	1.090908	0.727272	0.363636	1.454546	0.727273
NODE_425_length_205_cov_4.321951	275	1.454544	0	2.181821	0	0	0	0	0	0.727272	1.454545	1.454545	0.727273	0.727273	0	0	3.272725
NODE_152_length_80_cov_9.712500	150	3.846663	4.646671	5.279995	0	0	0	4.666664	0	8.566668	0.666667	0	4.626667	9.133333	4.579999	5.173335	1.960001
NODE_270_length_151_cov_4.258278	221	1.809956	0	0	0.452489	0	0	0	3.619902	0	0	0.452489	3.167421	0	0.452489	1.357464	0.904977
NODE_160_length_172_cov_4.005814	242	0.826446	0.413223	1.239669	0	0	0	0	0	0.413223	3.706616	0.413223	0.413223	0	0	0.413223	2.479339
NODE_35_length_465_cov_4.294624	535	1.482243	1.121495	1.308412	0	0	0	0.373832	0	0.560747	3.925230	0.373832	0.186916	0.934580	0	0.186916	4.112149
NODE_449_length_1570_cov_6.334395	1640	1.088415	4.807930	2.855493	0	0	0	4.201216	0	4.199390	0.975608	0.175610	1.096341	4.325610	4.817072	1.829268	1.767074
NODE_275_length_149_cov_4.000000	219	0.913242	0.456621	1.369863	0	0	0	0.456621	0	0.456621	1.369863	0.456621	0	1.826483	0	0.456621	3.159820
NODE_354_length_192_cov_4.598958	262	0.381679	0	1.145040	0	0	0	0.381679	0	0.763359	3.053433	0.381679	0.381679	1.526720	0	1.526718	3.435114
NODE_167_length_561_cov_3.935829	631	0.475435	1.426308	1.567351	0	0	0	1.267828	0	0.629159	0.477020	0.158479	0.792395	0.950870	1.267829	0.782884	1.098257
NODE_105_length_260_cov_4.142308	330	1.515153	0.303030	0.606060	0	0	0	0.303030	0	0	1.212122	0.909092	0	0.606062	0	0	1.515152
NODE_121_length_60582_cov_8.522333	60652	2.031889	4.683112	3.260303	0	0	0	4.013405	0	4.479852	1.326882	0.406648	1.324558	4.211600	4.816759	2.880797	2.213149
NODE_45_length_1450_cov_32.235863	1520	7.872371	15.717112	13.202644	0	0	0	13.673022	0	18.287493	4.530922	1.052632	4.723029	15.122362	17.795390	7.285528	7.616454
NODE_42_length_208_cov_4.033654	278	1.079135	1.039568	0.719424	0	0	0	0.359712	0	0	3.237412	0	0.359712	0.719424	0	0	2.877698
NODE_103_length_20202_cov_8.395357	20272	1.907310	4.288133	3.353051	0.192384	0	0.049477	3.801402	0	4.412937	1.221882	0.335290	1.434737	4.256315	4.458123	3.053475	2.247485
NODE_27_length_35477_cov_8.181526	35547	1.694491	4.310126	2.864854	0	0	0	4.057952	0	4.440602	1.024193	0.278504	1.383520	3.843419	4.785945	2.874111	1.676568
NODE_359_length_236_cov_14.555085	306	0.326797	0	0.980392	0	0	0	0.653595	0	0.980391	0.326797	0	0	0.653595	0.653596	0	0.326797
NODE_147_length_143_cov_4.006993	213	0.469484	0.938967	0.469484	0	0	0	0.938967	0	0.938967	1.877935	0	0.469484	1.873240	0	0.938967	1.408450
NODE_420_length_438_cov_25.828768	508	5.870074	10.175193	6.779527	0	0	0	11.779530	0	12.555113	2.537400	0.765748	2.165354	11.753941	13.360241	6.866141	4.509839
NODE_88_length_621_cov_17.723028	691	2.894355	9.393634	6.193920	0	0	0	8.526775	0	6.493490	1.879882	0.722141	3.039073	7.086829	8.470332	5.607815	2.170769
NODE_429_length_238_cov_4.046218	308	0.974026	0	0.311688	0.649350	0	0	0.324675	2.597403	0.974026	0.649351	0	3.896106	0	0.324675	1.298701	0.324675
NODE_66_length_134_cov_7.783582	204	1.960786	1.470588	0.980393	0	0	0	1.470588	0	2.426470	0.490196	0	1.436275	5.348042	1.470588	1.960785	0
NODE_3_length_15564_cov_8.154202	15634	1.763912	4.703911	2.977616	0	0	0	4.263268	0	4.468400	1.017014	0.344762	1.202571	4.039656	4.574645	2.641104	1.584879
NODE_505_length_906976_cov_6.853119	907046	1.716303	0.067950	0.742450	0.069515	6.270381	5.891838	0.394566	2.194557	0	2.835791	5.399849	1.512024	0	0.402167	0.183785	0.009692
NODE_70_length_581_cov_16.127367	651	3.225803	6.698917	7.373271	0	0	0	5.514595	0	7.354836	1.382487	0.436252	3.073731	8.076808	7.360983	3.367127	2.906299
NODE_302_length_152_cov_4.171052	222	2.252250	0.450450	0	0	0	0	0	0	0	1.801800	0	0.450450	0.900901	0	0.450450	4.954955
NODE_203_length_76_cov_60.526318	146	5.369866	19.890415	12.054799	0	0	0	17.328763	0	12.273976	0.684932	1.369863	5.294522	13.356166	11.849309	9.410949	5.335621
NODE_261_length_321461_cov_8.199894	321531	1.779009	4.415150	3.023740	0	0	0	3.874650	0	4.481359	1.081224	0.332241	1.218637	4.083232	4.836831	2.835074	1.637936
NODE_249_length_152_cov_4.210526	222	0.450450	1.351350	1.351353	0	0	0	0.450450	0	0	0.450450	0.900900	0.450450	0.450450	0	0.450450	3.567567
NODE_111_length_80116_cov_8.871636	80186	2.262064	4.868689	3.354115	0	0	0	4.133070	0	4.649899	1.600865	0.458970	1.324957	4.495845	4.592350	2.995807	2.272619
NODE_271_length_164_cov_15.048780	234	0.427350	2.136753	0.854701	0	0	0	0.427350	0	2.136750	0	0.427350	0.427350	0.854701	1.709400	0.854700	0
NODE_18_length_14422_cov_8.414783	14492	1.737717	4.333153	3.343157	0	0	0	3.829217	0	4.697899	0.979850	0.261800	1.153393	4.333076	4.775323	2.886699	1.552168
NODE_44_length_80_cov_17.000000	150	0	0.666667	2.666668	0	0	0	0.666667	0	0	0	0	0	0.666667	1.333334	1.333333	0.666667
NODE_323_length_178_cov_17.000000	248	0.403226	0	0.403226	0	0	0	0	0	0.403226	0	0	0	0.403226	0.806452	0.403226	1.209678
NODE_62_length_643_cov_19.161741	713	5.890594	7.695662	6.591872	0	0	0	9.516122	0	7.423553	3.346422	0.701262	1.542777	8.534359	9.382885	5.023840	6.026650
NODE_341_length_433_cov_5.150115	503	1.385684	3.141154	2.355868	0	0	0	3.558650	0	2.584495	0.795229	0.596422	1.988074	2.166998	3.976144	1.984094	0.994036
NODE_206_length_849_cov_12.128386	919	2.067467	3.155606	3.038084	0	0	0	5.764954	0	4.570186	3.808484	1.305766	1.615887	3.482045	4.885741	1.849838	3.365612
NODE_188_length_948_cov_28.155064	1018	6.573683	13.497048	9.209236	0	0	0	12.456779	0	12.939097	4.715130	1.669941	2.544205	10.288794	14.863448	8.434184	7.459727
NODE_97_length_16779_cov_9.613564	16849	2.651137	5.194019	3.273248	0.011870	0	0.083091	4.087721	0	4.299657	2.194075	0.640810	1.530654	4.688939	4.519853	3.517539	3.390053
NODE_30_length_1022_cov_17.723091	1092	4.298536	9.143775	7.209702	0	0	0	7.275644	0	7.956955	1.923076	1.368132	2.462453	8.857143	8.512822	7.015566	6.039382
NODE_321_length_100_cov_16.500000	170	0.588235	0	0	0	0	0	0	0	0	0	0	0	0	0	0	0
NODE_347_length_1627_cov_5.590043	1697	2.410139	5.104890	3.815557	0	0	0	3.407188	0	5.533884	0.766058	0.530349	1.355332	3.346499	4.058930	2.641129	1.532115
NODE_417_length_71_cov_15.619719	141	2.659575	4.177310	2.028370	0	0	0	4.893617	0	2.765957	1.333334	0.673759	2.127660	2.666669	3.468087	0.702128	2.631206
NODE_29_length_44540_cov_9.429951	44610	2.312395	5.121693	3.564650	0	0	0	4.142370	0	4.687313	2.339837	0.571643	1.410535	4.729504	4.722569	3.265908	3.387246
NODE_94_length_21295_cov_9.556140	21365	2.390545	4.739898	3.651576	0	0	0	4.126472	0	4.996394	2.563113	0.644605	1.451251	4.522584	4.721880	3.200235	3.600793
NODE_139_length_737_cov_17.924017	807	2.714993	8.125148	5.441144	0	0	0	8.509282	0	6.433702	1.475837	0.247831	1.723668	5.193308	8.152422	4.448573	0.991326
NODE_342_length_143_cov_4.062937	213	0.938968	0.469484	0.469484	0	0	0	0.938967	0	0	1.408452	0	0	1.408450	0	0.469484	3.755864
NODE_460_length_2399_cov_4.216757	2469	2.306199	4.858243	3.641958	0	0	0	4.370599	0	4.411907	1.739166	0.605508	1.417172	4.370598	6.274609	2.787772	1.819361
NODE_250_length_251161_cov_8.263253	251231	1.860317	4.390862	3.063638	0	0	0	3.952414	0	4.305226	1.009776	0.308358	1.210604	3.995064	4.824839	2.795863	1.697013
NODE_404_length_79_cov_15.430380	149	0	0	0	0	0	1.342281	0	0	0	0.671141	0	0	0	0	0	0
NODE_406_length_171_cov_4.251462	241	1.244814	0.414938	0.829876	0	0	0	0.829876	0	0.829875	2.904559	0	0.414938	1.244814	0	0.414938	2.074689
NODE_36_length_8116_cov_8.142927	8186	1.893476	4.260082	2.649156	0	0	0	3.628633	0	4.324701	1.012460	0.242975	0.953457	4.482529	4.617272	3.225994	1.439409
NODE_59_length_284_cov_4.295774	354	0.847459	1.412430	1.412429	0	0	0	0.564972	0	0.564972	4.511298	0.822034	0	0.564971	0	0	3.364409
NODE_53_length_98503_cov_8.154990	98573	1.787089	4.244977	3.032048	0	0	0	3.812890	0	4.353447	0.993599	0.318961	1.149260	4.147168	4.839631	2.811288	1.635237
NODE_382_length_136_cov_10.676471	206	1.941748	2.427181	2.427185	0	0	0	3.883492	0	0.970874	0.970874	0.485437	0.970875	3.800970	3.805824	0.970875	0.970873
NODE_92_length_292_cov_10.047945	362	2.187845	1.381215	3.279004	0	0	0	3.016573	0	3.038676	1.381215	0	1.381215	2.486186	2.715470	0.828728	2.486188
NODE_453_length_138_cov_16.963768	208	0	1.442307	1.442310	0	0	0	0.961539	0	0.961538	0	0	0	1.442307	0.480769	0.480769	0
NODE_311_length_187_cov_4.668449	257	0.389105	1.529184	0.389105	0	0	0	1.167314	0	0.389105	2.334634	0.389105	0.389105	1.556421	0	1.556420	2.334632
NODE_115_length_78252_cov_8.512166	78322	1.886889	4.623299	2.995202	0	0	0.007661	4.096340	0	4.444014	1.292689	0.387975	1.290251	4.203263	4.778962	2.810681	1.951047
NODE_343_length_183_cov_10.617486	253	1.185770	3.861657	1.976281	0	0	0	1.185771	0	6.660083	0.743083	0	1.185768	5.071148	5.920948	2.766798	1.976284
NODE_355_length_292_cov_4.051370	362	0.828729	0.828728	1.381217	0	0	0	0.276243	0	0.552486	1.930937	0.828729	0.552486	0.276243	0	0.552487	4.143649
NODE_197_length_151_cov_4.337749	221	0.452489	0.438914	0.904977	0.904978	0	0	0	2.714929	0	1.809954	0	1.809952	0	0	1.809954	0.452489
NODE_344_length_591_cov_7.949239	661	1.059002	3.025718	3.004539	0	0	0	2.420574	0	3.922841	0.605143	0	1.196673	2.118005	3.177005	2.396369	1.361574
NODE_14_length_638_cov_8.811913	708	1.538134	5.367232	2.824857	0	0	0	2.259887	0	4.206211	0.282486	0.282486	1.259887	3.813562	6.334747	2.535312	1.836160
NODE_267_length_4676_cov_7.631737	4746	2.253688	3.977876	3.264010	0	0	0	3.664560	0	4.211757	0.837547	0.294985	1.074588	3.931736	4.754744	2.779393	1.032449
NODE_108_length_1232_cov_16.167208	1302	2.833331	7.957760	4.980798	0	0	0	7.882490	0	7.116747	2.607528	0.691244	3.064514	7.667427	7.364051	6.024581	2.526882
NODE_265_length_543_cov_4.924494	613	1.942905	3.902120	0.978792	0	0	0	2.611743	0	3.425774	0.652529	1.141926	0.163132	4.231652	3.099510	2.446984	1.468189
NODE_370_length_86_cov_4.918605	156	0.641026	0.641026	0	0	0	0	0	0	0.634615	0.641026	0.641026	0	1.282052	0	0	1.282051
NODE_180_length_447_cov_8.774049	517	1.740812	4.255323	2.309480	0	0	0	4.411994	0	5.742741	2.481627	0.193424	0.773694	2.321084	2.901353	2.707930	4.050286
NODE_239_length_121_cov_19.338842	191	0.523560	0.523560	1.570680	0	0	0	1.047120	0	1.570681	0	0	0	0	3.664924	0	1.047120
NODE_488_length_174_cov_4.132184	244	0	0	0.819672	0	0	0	0.819672	0	0	1.639345	1.217214	1.229508	1.229508	0	0.409836	2.848361
NODE_33_length_71_cov_17.661972	141	2.730498	4.808514	2.035461	0	0	0	4.120570	0	4.113481	2.028369	0	0.709220	4.099288	3.411349	0.709220	4.794326
NODE_86_length_30952_cov_8.371123	31022	1.817613	4.477116	3.157435	0	0	0	3.785248	0	4.299757	0.964349	0.344723	1.173652	4.103406	5.176591	2.797948	1.610759
NODE_474_length_151_cov_4.576159	221	0	0.452489	0.904977	0	0	0	0.452489	0	0	1.809956	0.904977	0	1.809953	0	1.357464	2.262441
NODE_15_length_3555_cov_8.369058	3625	2.536275	3.772970	3.416824	0	0	0	3.852968	0	4.180689	1.460691	0.714206	1.323311	4.436412	4.157791	3.364414	1.897378
NODE_260_length_165083_cov_8.801846	165153	1.980248	4.584498	3.354169	0	0	0	4.042145	0	4.505343	1.473678	0.406551	1.324414	4.381475	4.784660	3.055591	2.244028
NODE_149_length_272_cov_4.345588	342	2.631581	0.292398	0.584795	0	0	0	0.584795	0	1.461988	2.339180	1.461988	0.292398	0.859649	0	1.169592	2.923979
NODE_295_length_196_cov_4.397959	266	1.879699	0.375940	1.127819	0	0	0	0.751880	0	0.375940	3.349628	0	0	0	0	0.375940	0.751880
NODE_124_length_407_cov_4.159705	477	2.096439	0.628931	0.838575	0	0	0	0.628932	0	0.838574	3.350106	0.419287	0.419287	1.257861	0	0.628930	5.012579
NODE_10_length_186_cov_4.327957	256	1.171875	0.390625	1.144532	0	0	0	0.390625	0	0.781250	4.249997	0	1.171875	0.390625	0	0.781250	0.781250
NODE_224_length_102_cov_7.519608	172	1.162790	1.744186	2.284886	0	0	0	1.162792	0	0.581395	0.581395	0	0.581395	3.447675	2.325579	0	1.162790
NODE_190_length_252_cov_4.289682	322	1.552795	0.310559	0.931678	2.173914	0	0	0	0	0.621119	2.173916	0.621119	0.931678	1.242236	0	0	1.863355
NODE_186_length_148_cov_4.000000	218	0.917431	0.917431	0.917431	0	0	0	0	0	0.458716	1.816513	0	0.917431	0.917432	0	0	2.752293
NODE_457_length_156_cov_4.025641	226	0	1.327434	0.442478	0	0	0	1.769913	0	1.327434	0.884955	0.442478	0.442478	0.442478	0	0.442478	1.327434
NODE_61_length_327_cov_4.180428	397	2.523928	0.755668	0.755667	0	0	0	0.503779	0	2.017630	1.763224	0.251889	0	2.017634	0	0.503779	5.297228
NODE_216_length_305319_cov_6.901228	305389	1.664140	0.073392	0.819817	0.067095	6.229807	6.003591	0.392915	2.152361	0.001313	2.776241	5.456857	1.552587	0	0.415510	0.182391	0.016075
NODE_123_length_75191_cov_8.369140	75261	1.838070	4.485910	2.983778	0	0	0	3.945470	0	4.481245	1.115957	0.329334	1.220699	4.064579	4.873124	2.885889	1.593362
NODE_193_length_95_cov_13.178947	165	0	0	0	0	0	1.212122	0	0	0	0	0	0	0	0	0	0
NODE_390_length_121514_cov_8.358864	121584	1.968786	4.564820	3.201812	0.216229	0	0	4.202939	0	4.523754	1.268210	0.371019	1.279997	4.248938	5.010876	3.016253	1.832134
NODE_294_length_210_cov_4.066667	280	2.142857	1.414286	0.357143	0	0	0	0.357143	0	0.357143	2.499999	0.357143	0	1.071428	0	1.071428	1.785713
NODE_361_length_352602_cov_6.831901	352672	1.732269	0.071477	0.763225	0.064627	6.238035	5.922046	0.403851	2.091526	0	2.791848	5.343783	1.535868	0	0.361548	0.172682	0.003094
NODE_143_length_153_cov_4.209150	223	0.448430	0	0.448430	0	0	0	0.448430	0.896860	0.896861	0.448430	0	2.690582	0	0	3.139011	0
NODE_182_length_395_cov_21.463291	465	2.989251	7.215046	5.329035	0	0	0	4.086020	0	6.000003	1.935484	0.860214	2.365591	7.905376	5.572046	4.086019	1.935487
NODE_114_length_4896_cov_18.356821	4966	4.024973	8.624248	6.495572	0	0	0	8.872340	0	9.500001	3.200966	1.026984	2.635322	8.229552	10.224925	6.341319	4.406560
NODE_246_length_206288_cov_6.775057	206358	1.683197	0.070775	0.732537	0.070227	6.058626	5.857052	0.400178	2.275034	0.010661	2.789561	5.358357	1.569950	0	0.366431	0.207915	0.025223
NODE_215_length_160_cov_12.325000	230	0.434783	0	0	0	0	0.434783	0	0.869565	0	0	0	0	0	0	0	0
NODE_440_length_176_cov_4.221591	246	0.813007	1.626014	0.813009	0	0	0	0	0	0.813008	1.626017	0.406504	0.406504	1.219511	0	0	3.252033
NODE_48_length_508_cov_83.692917	578	18.429059	35.397897	27.546703	0	0	0	31.804500	0	32.536318	13.282009	2.249137	5.536329	41.967119	43.499975	23.643593	14.465411
NODE_285_length_433_cov_5.106236	503	1.590457	2.582506	3.165008	0	0	0	4.165009	0	2.783302	0.994036	0.198807	1.192843	2.972167	3.976146	1.391651	0.984095
NODE_106_length_2172_cov_16.183702	2242	3.384477	9.701164	5.793935	0	0	0	7.700716	0	8.591435	2.094113	0.758250	2.096341	6.769406	10.165920	5.038357	3.557540
NODE_140_length_621_cov_14.106280	691	2.577426	9.817660	4.186687	0	0	0	6.946457	0	6.512292	4.341538	1.153402	2.026049	6.212742	8.968159	4.341532	4.736615
NODE_98_length_5819_cov_7.887266	5889	1.870265	3.953471	2.780952	0	0	0	3.989638	0	4.485483	1.156393	0.356597	1.755986	3.909831	4.483788	3.136529	1.837154
NODE_220_length_159_cov_4.037736	229	0.873362	2.187772	1.310046	0	0	0	1.310045	0	0	1.310044	0	0	3.493448	0	0.436681	5.244541
NODE_158_length_633_cov_19.135860	703	2.702705	9.459451	4.540541	0	0	0	7.372689	0	9.203423	3.556189	0.711238	2.413941	8.530592	9.503560	3.546235	6.543391
NODE_240_length_214_cov_4.116822	284	0.704225	0	1.056339	0	0	0	0	0	0	1.056338	0.704224	0	0.704225	0	0	1.408450
NODE_145_length_320_cov_19.500000	390	0.256410	0.769231	0.769230	0	0	0	1.282052	0	1.282054	0.256410	0	0.512821	1.538462	1.282051	1.025642	1.282050
NODE_99_length_197_cov_4.106599	267	1.471910	0	1.123595	0	0	0	0	0	0	2.621725	0	0.749064	1.123596	0	0.374532	4.119854
NODE_155_length_487_cov_20.540041	557	1.073608	6.813292	4.114905	0	0	0	6.822268	0	9.684014	1.974866	0.538600	1.416518	7.660679	8.962294	4.833039	1.436265
NODE_54_length_294_cov_20.802721	364	0.824176	1.373626	1.098902	0	0	0	1.648351	0	0.824175	0.274725	0	1.373624	1.648352	2.747254	2.197803	0.549451
NODE_87_length_307_cov_25.482084	377	4.509287	10.305031	7.087530	0	0	0	7.679050	0	13.098144	2.366049	0.246684	2.384616	9.949610	11.302385	8.641911	4.464194
NODE_136_length_245_cov_4.302041	315	1.269843	1.269841	0.952383	0	0	0	0	0	0	1.269841	0.634922	0.634921	2.222222	0	0.634921	3.809525
NODE_269_length_849_cov_6.312132	919	1.499457	5.103376	2.714908	0	0	0	3.808488	0	5.549510	0.652883	0.544069	0.761696	2.829162	5.099029	3.253538	2.378674
NODE_23_length_107_cov_17.261683	177	3.954801	3.327683	4.836154	0	0	0	2.248587	0	4.988696	0.564972	0	2.209042	4.474582	6.169499	1.694916	1.129944
NODE_219_length_151_cov_19.218542	221	0	0.904977	0.904977	0	0	0	0.452489	0	0.904978	0	0	0	0.904978	0	0	2.262445
NODE_228_length_131_cov_10.335877	201	2.487563	6.845777	1.985075	0	0	0	6.273627	0	6.447761	0.497512	0	0.497512	8.776106	2.985076	4.388060	1.990049
NODE_157_length_58632_cov_8.156433	58702	1.914568	4.202040	2.933307	0.001704	0	0.005111	3.982336	0	4.253042	0.873514	0.332067	1.074989	4.062742	4.821537	2.904520	1.518260
NODE_315_length_192_cov_4.015625	262	0.381679	0.763359	1.145039	0	0	0	0.347328	0	1.526717	1.908395	0.381679	0.381679	0.763359	0	0.381679	1.908396
NODE_217_length_21883_cov_8.243248	21953	1.561791	4.329112	3.246481	0	0	0	4.502846	0	4.660045	1.034027	0.300642	1.224798	4.089145	4.789730	2.931809	1.647564
NODE_181_length_136_cov_13.426471	206	0	0	0	0	2.912617	0.485437	0.485437	0	0	0	0	0.485437	0	0	0	0
NODE_430_length_143_cov_4.104895	213	0.469484	1.408452	0.469484	0	0	0	1.830985	0	1.408449	0.938967	0.469484	0.469484	0.427230	0	0	1.408450
NODE_91_length_207_cov_18.405798	277	3.960291	4.588447	5.364624	0	0	0	7.909747	0	7.906134	1.415162	0.317690	2.527075	5.671486	8.187724	5.342960	7.191334
NODE_69_length_3809_cov_9.583093	3879	2.742202	4.660475	3.554269	0	0	0	4.209844	0	4.680585	2.525133	0.462233	1.442895	4.354216	4.536221	3.473576	3.761280
NODE_377_length_184_cov_4.445652	254	0.787402	0.393701	0.787401	0	0	0	0.393701	0	1.181103	2.362201	1.181100	0.787402	0.787401	0	0.393701	2.755903
NODE_212_length_211_cov_15.080568	281	0	0.355872	0.355872	0	0	0	1.067617	0	0.355872	0.355872	0	0	0	2.135230	0	0
NODE_416_length_130_cov_11.930769	200	0.500000	1.500000	0	0	0	0	0	0	0.500000	0	0	0	0.500000	0.500000	1.000000	0
NODE_334_length_210_cov_14.171429	280	0	0.714285	0.714285	0	0	0	0	0	0.357143	0	0	0.357143	0.714286	0	0.357143	0
NODE_128_length_532_cov_17.454887	602	3.476746	8.440195	3.986715	0	0	0	7.598011	0	7.767443	1.495016	0.664452	2.320596	8.750830	7.126246	6.425246	2.805647
NODE_189_length_174_cov_4.321839	244	0.819672	1.606556	0	3.249998	0	0	0	0	1.639344	2.049180	0.786885	0	0	0	0.409836	3.688521
NODE_154_length_179_cov_4.055866	249	1.204818	0.803212	1.144578	0	0	0	0.803213	0	0	0.803212	0.803212	0.803213	1.606428	0	0.401606	2.008032
NODE_209_length_149_cov_4.100671	219	0.456621	1.369863	1.324201	0	0	0	0.913242	0	0.456621	0.913242	0.913242	0.456621	1.369863	0	0	3.196347
NODE_173_length_51809_cov_8.202050	51879	1.862949	4.472719	3.047589	0.003874	0	0.001928	3.967120	0	4.208469	1.062916	0.371596	1.073325	3.915243	4.766665	2.831765	1.593575
NODE_423_length_127_cov_9.354331	197	0.456853	3.045689	1.015228	0	0	0	3.553303	0	1.497461	0	0	2.030456	2.527918	2.507615	3.005072	1.426397
NODE_90_length_779_cov_24.413351	849	6.352180	12.104831	7.876312	0	0	0	13.149590	0	11.882213	1.413428	0.707891	4.229686	11.742053	11.997649	5.998818	5.634864
NODE_64_length_358694_cov_6.830965	358764	1.744425	0.072636	0.776543	0.068315	6.184817	5.887249	0.375397	2.102301	0.002536	2.741827	5.433944	1.533573	0.000279	0.358489	0.193509	0.015082
NODE_11_length_153_cov_12.470589	223	0	0	0.896862	0	0	0	0.448430	0	0	0	0	0	0.448430	0.896861	0.448430	0.896860
NODE_235_length_90026_cov_8.272466	90096	1.719910	4.412486	3.092955	0	0	0	3.782976	0	4.482238	1.104755	0.334998	1.212718	4.083060	4.932291	2.971866	1.640506
NODE_178_length_157_cov_4.726115	227	0.881056	1.762114	0.881057	0	0	0	0.440529	0	0.828194	0.881057	0.881057	0.440529	3.083704	0	0	2.202643
NODE_251_length_169_cov_4.301775	239	0.836820	1.205020	0.418410	0	0	0	0.418410	0	0	1.673640	0.418410	0	1.673640	0	0	3.347280
NODE_472_length_226_cov_4.362832	296	0	1.013514	2.027026	0	0	0	0	0	0.675675	0.675675	1.327703	0.675676	1.013514	0	0.337838	4.043912
NODE_293_length_832_cov_6.325721	902	3.436805	4.995564	4.106431	0	0	0	4.762751	0	7.290464	1.108646	0.442350	3.100887	5.523282	4.325943	4.536586	1.776054
NODE_24_length_115_cov_8.556521	185	1.081080	2.621622	3.632429	0	0	0	2.075676	0	4.772976	1.081081	0	2.605405	3.135135	3.102702	1.016215	1.621623
NODE_307_length_145_cov_4.062069	215	0.930233	0.930233	0	0	0	0	0	0	0.465116	1.860465	0.465116	0.465116	0.465116	0	0	4.618612
NODE_264_length_143_cov_21.937063	213	3.258214	6.572763	4.211272	0	0	0	3.694837	0	7.469474	2.788731	0.469484	1.408449	6.558678	6.103282	3.286382	1.877936
NODE_272_length_154_cov_14.188312	224	0	0	0.446429	0	0	0	0.446429	0	0	0	0	0.446429	0	0.446429	0.892858	0
NODE_305_length_151_cov_4.000000	221	0.452489	1.357465	0.877828	0	0	0	0.452489	0	0.452489	1.357464	0.452489	0.452489	1.357465	0	0.452489	1.357467
NODE_55_length_1339_cov_15.497386	1409	2.973740	8.009225	5.673529	0	0	0	4.464159	0	7.011358	2.979416	0.780694	2.271114	7.091553	9.486157	5.742373	4.108586
NODE_81_length_150_cov_14.673333	220	0.909090	0	0.454545	0	0.909091	0.909092	0	0.454545	0	0	0.454545	0	0	0	0	0
NODE_174_length_102_cov_17.529411	172	2.325582	1.732557	2.872096	0	0	0	2.325579	0	5.813954	0	0	1.744188	2.325579	3.930232	4.046511	2.325584
NODE_437_length_112_cov_8.044642	182	1.043956	1.587911	1.071429	0	0	0	1.543957	0	1.648350	1.098900	0	1.648350	4.846159	2.197802	2.065933	0.549451
NODE_318_length_176_cov_4.369318	246	1.219512	1.219512	2.032521	0	0	0	0.406504	0	0	1.219511	0.813009	0.813009	0.813009	0	0.406504	3.658533
NODE_142_length_143_cov_4.307693	213	2.347418	0.938968	0.469484	0	0	0	0	0	0	1.877934	0.469484	0.469484	0.938967	0	0	3.239432
NODE_253_length_113_cov_9.398231	183	0	2.612021	2.688525	0	0	0	4.158469	0	2.715847	0.502732	0.546448	1.568306	3.683064	2.601093	1.005465	0.546448
NODE_65_length_208_cov_4.009615	278	1.438848	0.719424	1.064748	0	0	0	0	0	0	3.237408	0.359712	0.719424	1.079138	0	0	1.798559
NODE_141_length_638_cov_7.407524	708	2.225991	2.683618	2.255650	0	0	0	3.531074	0	4.086158	1.412428	0.562146	1.271186	3.368647	3.090399	3.091805	2.967517
NODE_73_length_883_cov_8.784824	953	2.719832	6.496325	4.512070	0	0	0	4.826865	0	4.273870	1.248689	0.524659	2.195171	4.705146	5.315846	3.966421	2.308499
NODE_479_length_149_cov_4.100671	219	0	0.456621	0	0	0	0	0.913242	0	0.456621	1.369863	0.456621	0	1.369862	0	0.456621	3.196347
NODE_230_length_269_cov_4.003717	339	0.884955	0.589971	0.589970	0	0	0	1.474926	0	0.589971	2.351031	0.884955	0.589971	1.179941	0	0.589970	1.474926
NODE_387_length_153_cov_4.411765	223	0.896861	0.448430	1.345290	0	0	0	0.448430	0	0.448430	1.793723	0.896861	0	0.448430	0	0.896861	3.587442
NODE_12_length_555_cov_14.255856	625	2.080000	3.040000	2.080000	0	0	0	3.200000	0	2.059200	1.440000	0.160000	0.960000	4.640000	4.472000	3.360000	1.440000
NODE_262_length_112_cov_9.366072	182	1.626372	3.780224	2.120880	0	0	0	2.697805	0	2.714288	1.648353	1.032968	1.038461	1.532966	0.549451	2.747255	0.549451
NODE_133_length_543_cov_15.108656	613	1.794455	4.060355	2.773245	0	0	0	4.885808	0	4.707991	0.652529	0	0.652529	4.078303	3.577486	2.120716	1.631322
NODE_39_length_339592_cov_8.189162	339662	1.742100	4.358991	3.098790	0	0	0	3.884340	0	4.405715	1.071251	0.299604	1.165986	4.077070	4.659113	2.809997	1.669559
NODE_198_length_202_cov_7.935644	272	1.102942	0.735293	0.367647	0	0	0	1.099264	0	3.676472	0	0.367647	0.367647	2.573533	3.308826	1.102941	0.735294
NODE_109_length_178_cov_16.084270	248	0	0	1.209678	0	0	0	0.403226	0	0	0.806452	0	0	0.403226	0	0	0.403226
NODE_494_length_527700_cov_6.812331	527770	1.716851	0.069843	0.776335	0.075237	6.169638	5.791974	0.393855	2.141617	0.001895	2.813315	5.373220	1.493969	0	0.398525	0.180865	0.007390
NODE_290_length_1962_cov_6.746177	2032	1.525591	5.417819	2.953739	0	0	0	4.093010	0	3.889766	0.929626	0.049213	1.427166	4.248032	4.778053	1.968506	1.382383
NODE_82_length_180_cov_4.044445	250	0.400000	0.400000	0.400000	0	0	0	0.400000	0	0.800000	2.400000	0	0	2.000000	0	0.800000	2.400000
NODE_118_length_15438_cov_8.266615	15508	1.541849	4.157272	3.000389	0	0	0	3.703055	0	4.220791	1.127032	0.321898	1.290946	3.652500	5.000711	3.071252	1.498387
NODE_72_length_153_cov_4.019608	223	1.345290	0.896861	0.896860	0	0	0	0.448430	0	0.896860	1.345293	0.448430	0.896861	0.448430	0	0.448430	1.753363
NODE_236_length_61287_cov_8.171537	61357	1.861142	4.430351	2.991622	0	0	0	3.701944	0	4.276272	1.151784	0.395945	1.235230	3.958686	4.819857	2.868232	1.645860
NODE_52_length_81425_cov_8.175524	81495	1.827131	4.257865	2.853476	0	0	0	3.880211	0	4.430162	0.984637	0.327407	1.252163	3.892568	4.904765	2.804418	1.680190
NODE_351_length_354039_cov_6.840114	354109	1.730236	0.072591	0.773173	0.080735	6.219706	5.868447	0.392665	2.105716	0	2.774433	5.358701	1.507201	0	0.392651	0.182721	0
NODE_204_length_513_cov_3.251462	583	1.200686	0.343053	0	0	0	0	0.343053	0	0	1.029160	0.514580	0.343052	1.372212	0	0.171527	2.903946
NODE_349_length_118_cov_14.542373	188	1.595742	0.531915	0	0	1.595745	1.063831	0	0	0	0.531915	1.063829	1.595745	0	0.531915	0.531915	0
NODE_378_length_80_cov_13.087500	150	0	0	0	0	0	0	0	0	0	0	0	0	0	0	0.666667	0
NODE_71_length_389_cov_4.082262	459	1.960785	0.217865	0.649237	0	0	0	1.089325	0	0.431373	3.477122	0.217865	0.653595	0.871459	0	1.089326	3.050112
NODE_117_length_248_cov_25.778225	318	4.402512	9.034585	8.798742	0	0	0	6.289311	0	10.654087	2.201258	1.257863	4.037736	10.600633	10.283005	6.886794	3.738988
NODE_489_length_157263_cov_6.771033	157333	1.684840	0.066210	0.739686	0.071142	6.396048	5.783438	0.368442	2.179747	0	2.742487	5.305816	1.495161	0	0.406164	0.163506	0
NODE_470_length_146_cov_4.075343	216	0	0.925925	0.462963	0	0	0	0.462963	0	0.462963	2.314815	0.462963	0	1.388888	0	0.462963	2.314813
NODE_31_length_202_cov_16.118813	272	0.367647	2.205883	1.470590	0	0	0	1.470588	0	1.470588	0.367647	0	0	2.941178	2.941179	1.102942	0
NODE_238_length_184_cov_14.336957	254	0.787403	0	0	0	1.574802	1.181103	0	0.787401	0	0.787401	1.181100	0	0	0	0	0
NODE_150_length_96_cov_47.156250	166	4.728920	15.512047	4.795182	0	0	0	10.204835	0	11.403618	2.409638	0.602410	1.204818	7.813248	12.608448	10.198803	1.807230
NODE_392_length_91_cov_13.153846	161	0.621118	0	0	0	1.863354	0	0	0	0	1.242236	0	0.621118	0	0	0.621118	0
NODE_179_length_197611_cov_8.217700	197681	1.804429	4.411350	3.048143	0	0	0	3.866054	0	4.284402	1.084301	0.322530	1.128580	4.063973	4.940797	2.873246	1.639506
NODE_397_length_204_cov_8.656863	274	1.456206	2.547445	1.459853	0	0	0	2.507301	0	6.532846	0	0	0.729927	4.744528	3.642333	0.729926	0.364964
NODE_365_length_195_cov_4.353846	265	1.132074	1.132075	2.264152	0	0	0	0	0	0.377358	2.641510	0.377358	0.377358	0.754716	0	0.754717	1.886792
NODE_415_length_146_cov_4.205480	216	0.462963	0.462963	1.837963	0	0	0	0.462963	0	0.462963	1.388889	0	0.462963	0.462963	0	0	4.157404
NODE_67_length_134_cov_15.149254	204	0.980391	7.264705	0.936274	0	0	0	2.450982	0	2.338235	2.450980	0	1.470588	7.333332	6.372550	2.372548	1.931372
NODE_146_length_380_cov_65.507896	450	13.324447	27.822225	22.328889	0	0	0	22.417782	0	30.539999	6.837782	1.753332	6.197782	28.953321	32.553330	19.846663	9.728890
NODE_89_length_1295_cov_4.794595	1365	1.831499	4.391941	2.778753	0	0	0	3.579488	0	3.871063	1.315751	0.293040	1.605863	4.909161	4.684986	2.051282	1.679853
NODE_439_length_173_cov_4.710983	243	0.411523	0.411523	1.234568	0	0	0	0	0	0.823045	1.646091	0.411523	0.411523	1.646089	0	0.411523	3.292181
NODE_104_length_823_cov_8.356014	893	10.105262	0	6.187007	0.111982	0	4.245240	6.049271	0	0	0.671892	0.571108	0.895856	5.620381	0	0	2.361704
NODE_435_length_106_cov_15.320755	176	0	0.568182	0	0	0	0	0	0	0	0	0	0	0	0	0	0
NODE_200_length_292_cov_15.619863	362	0.276243	1.104972	0.276243	0	0	0	0.549724	0	0.552486	0.276243	0	0.276243	0.552487	0	0	0.276243
NODE_362_length_100_cov_9.240000	170	0.588235	1.176471	1.176470	0	0	0	2.352940	0	5.258819	0.529412	0	0	2.323532	2.911763	0.564706	1.141177
NODE_500_length_1625_cov_5.125538	1695	0.235988	0.584071	0.581120	14.799410	0	0.058997	0.233628	0	0.766962	0.412979	0	0.115044	0.530973	0.467257	0.294985	0.117994
NODE_221_length_149_cov_4.026845	219	2.283104	0.456621	0.456621	0	0	0	0.456621	0	0.913241	1.826484	0	0	1.826486	0	0	0.456621
